date,region,stn_id,temp,temp_max,temp_min,rainfall,humidity,wind,source
2025-01-01,서울,108,0.7,6.8,-3.4,0.0,65,1.8,open-meteo
2025-01-02,서울,108,-1.1,4.2,-4.1,0.0,52,1.7,open-meteo
2025-01-03,서울,108,-2.6,1.1,-5.5,0.0,50,1.9,open-meteo
2025-01-04,서울,108,-1.9,2.8,-5.4,0.0,55,1.0,open-meteo
2025-01-05,서울,108,0.5,3.1,-1.7,7.1,82,2.2,open-meteo
2025-01-06,서울,108,-1.6,1.3,-5.2,3.1,82,2.7,open-meteo
2025-01-07,서울,108,-4.6,-0.1,-10.0,0.0,53,2.5,open-meteo
2025-01-08,서울,108,-4.2,0.1,-6.8,0.0,53,2.4,open-meteo
2025-01-09,서울,108,-10.6,-7.4,-12.4,0.0,33,4.3,open-meteo
2025-01-10,서울,108,-8.7,-3.7,-12.4,0.0,43,1.6,open-meteo
2025-01-11,서울,108,-6.3,-2.4,-10.1,0.0,54,1.0,open-meteo
2025-01-12,서울,108,-3.8,1.1,-7.6,0.0,56,0.9,open-meteo
2025-01-13,서울,108,-1.2,4.0,-5.0,0.7,70,1.7,open-meteo
2025-01-14,서울,108,0.9,5.3,-2.4,0.5,74,2.0,open-meteo
2025-01-15,서울,108,-4.3,-2.5,-6.1,0.0,39,3.4,open-meteo
2025-01-16,서울,108,-1.6,2.3,-5.1,0.1,64,1.8,open-meteo
2025-01-17,서울,108,-2.7,3.2,-6.9,0.0,59,1.0,open-meteo
2025-01-18,서울,108,-1.0,4.5,-4.2,0.0,66,0.8,open-meteo
2025-01-19,서울,108,0.7,6.2,-2.9,0.0,74,1.3,open-meteo
2025-01-20,서울,108,1.4,4.9,-1.0,0.1,83,1.0,open-meteo
2025-01-21,서울,108,0.1,5.1,-2.9,0.0,84,0.9,open-meteo
2025-01-22,서울,108,0.8,4.7,-2.0,0.2,85,1.3,open-meteo
2025-01-23,서울,108,-0.6,4.5,-3.6,0.0,67,0.9,open-meteo
2025-01-24,서울,108,0.6,7.4,-3.2,0.0,54,1.0,open-meteo
2025-01-25,서울,108,2.6,7.9,-0.5,0.0,63,2.5,open-meteo
2025-01-26,서울,108,2.1,5.7,-0.8,0.0,65,1.9,open-meteo
2025-01-27,서울,108,-0.8,1.8,-4.5,5.3,80,3.5,open-meteo
2025-01-28,서울,108,-5.4,-4.5,-6.3,0.1,79,4.4,open-meteo
2025-01-29,서울,108,-6.7,-4.5,-9.0,0.0,73,3.9,open-meteo
2025-01-30,서울,108,-5.1,-1.4,-8.8,0.0,40,1.7,open-meteo
2025-01-31,서울,108,-1.9,-0.2,-3.9,2.1,66,1.1,open-meteo
2025-02-01,서울,108,0.3,7.1,-4.7,0.0,68,1.1,open-meteo
2025-02-02,서울,108,0.0,5.1,-3.7,0.0,73,1.3,open-meteo
2025-02-03,서울,108,-5.4,-0.9,-9.1,0.0,55,4.7,open-meteo
2025-02-04,서울,108,-10.2,-6.7,-13.7,0.0,45,4.3,open-meteo
2025-02-05,서울,108,-9.1,-4.6,-11.9,0.0,42,3.6,open-meteo
2025-02-06,서울,108,-6.5,-1.2,-11.6,1.0,53,2.1,open-meteo
2025-02-07,서울,108,-9.7,-8.3,-11.9,0.9,62,4.2,open-meteo
2025-02-08,서울,108,-9.0,-4.2,-12.8,0.0,55,3.3,open-meteo
2025-02-09,서울,108,-6.7,-1.0,-11.3,0.0,64,1.6,open-meteo
2025-02-10,서울,108,-5.1,0.4,-9.6,0.2,67,1.2,open-meteo
2025-02-11,서울,108,-2.1,4.6,-8.1,0.0,66,1.4,open-meteo
2025-02-12,서울,108,-0.4,2.4,-3.8,2.3,77,2.7,open-meteo
2025-02-13,서울,108,-1.3,4.1,-7.0,0.0,55,2.8,open-meteo
2025-02-14,서울,108,1.6,8.0,-2.4,0.0,79,1.3,open-meteo
2025-02-15,서울,108,1.2,6.4,-2.9,0.0,86,1.5,open-meteo
2025-02-16,서울,108,2.4,8.5,-1.4,0.0,82,2.6,open-meteo
2025-02-17,서울,108,-1.6,1.8,-4.0,0.0,42,4.2,open-meteo
2025-02-18,서울,108,-3.0,0.9,-5.4,0.0,39,4.0,open-meteo
2025-02-19,서울,108,-3.8,0.2,-7.0,0.0,43,3.6,open-meteo
2025-02-20,서울,108,-3.4,1.1,-6.3,0.0,40,2.8,open-meteo
2025-02-21,서울,108,-3.2,1.6,-6.4,0.0,41,2.8,open-meteo
2025-02-22,서울,108,-3.0,1.5,-6.0,0.0,41,2.9,open-meteo
2025-02-23,서울,108,-3.9,0.1,-6.4,0.0,39,3.8,open-meteo
2025-02-24,서울,108,-2.1,3.5,-5.7,0.0,49,2.8,open-meteo
2025-02-25,서울,108,1.1,5.5,-2.8,0.1,72,2.9,open-meteo
2025-02-26,서울,108,1.4,7.1,-3.5,0.0,64,2.4,open-meteo
2025-02-27,서울,108,2.9,10.7,-2.9,0.0,47,1.2,open-meteo
2025-02-28,서울,108,4.5,9.4,0.8,0.0,69,0.8,open-meteo
2025-03-01,서울,108,3.9,10.4,-0.6,2.6,81,1.6,open-meteo
2025-03-02,서울,108,5.2,12.1,1.5,15.2,79,3.6,open-meteo
2025-03-03,서울,108,1.5,4.8,-0.7,9.8,69,5.3,open-meteo
2025-03-04,서울,108,1.1,2.7,-0.4,3.3,73,4.1,open-meteo
2025-03-05,서울,108,2.9,6.6,0.9,0.0,72,2.0,open-meteo
2025-03-06,서울,108,3.1,8.9,-1.9,0.0,63,1.8,open-meteo
2025-03-07,서울,108,2.7,8.3,-2.6,0.0,63,1.0,open-meteo
2025-03-08,서울,108,4.1,8.6,0.7,0.0,66,1.5,open-meteo
2025-03-09,서울,108,3.9,10.3,-1.9,0.0,80,0.9,open-meteo
2025-03-10,서울,108,5.1,12.3,-1.0,0.0,75,1.3,open-meteo
2025-03-11,서울,108,6.2,13.2,-0.4,0.0,75,0.9,open-meteo
2025-03-12,서울,108,6.8,10.8,3.5,0.1,85,2.1,open-meteo
2025-03-13,서울,108,7.2,13.6,1.1,0.0,59,1.6,open-meteo
2025-03-14,서울,108,10.0,16.9,3.2,0.0,42,1.8,open-meteo
2025-03-15,서울,108,9.6,15.1,4.9,0.4,57,2.5,open-meteo
2025-03-16,서울,108,4.4,7.8,0.3,1.3,59,4.0,open-meteo
2025-03-17,서울,108,0.9,4.9,-3.5,0.3,48,2.8,open-meteo
2025-03-18,서울,108,0.8,4.1,-1.6,2.8,73,3.2,open-meteo
2025-03-19,서울,108,0.7,5.3,-3.9,0.0,57,2.0,open-meteo
2025-03-20,서울,108,5.2,13.1,-1.3,0.0,73,2.6,open-meteo
2025-03-21,서울,108,8.4,15.6,3.1,0.0,74,2.5,open-meteo
2025-03-22,서울,108,10.1,17.0,4.6,0.0,66,2.4,open-meteo
2025-03-23,서울,108,12.1,21.3,4.4,0.0,64,1.9,open-meteo
2025-03-24,서울,108,12.8,18.6,9.3,0.8,63,2.7,open-meteo
2025-03-25,서울,108,10.7,20.4,7.2,0.3,72,3.3,open-meteo
2025-03-26,서울,108,13.0,22.9,3.6,0.0,54,1.9,open-meteo
2025-03-27,서울,108,13.0,19.7,7.3,5.1,66,3.3,open-meteo
2025-03-28,서울,108,6.2,11.1,2.3,0.0,38,4.2,open-meteo
2025-03-29,서울,108,2.2,6.5,-1.0,2.4,45,3.3,open-meteo
2025-03-30,서울,108,1.8,6.2,-3.0,0.4,56,2.8,open-meteo
2025-03-31,서울,108,5.2,12.0,-1.0,0.0,61,1.6,open-meteo
2025-04-01,서울,108,8.0,15.1,1.4,0.0,59,1.5,open-meteo
2025-04-02,서울,108,7.0,13.4,2.8,0.8,56,1.7,open-meteo
2025-04-03,서울,108,8.0,15.4,1.4,0.0,61,1.3,open-meteo
2025-04-04,서울,108,9.2,14.4,4.6,0.0,61,1.7,open-meteo
2025-04-05,서울,108,7.1,9.0,5.4,14.4,89,1.6,open-meteo
2025-04-06,서울,108,8.2,13.7,4.2,0.0,77,2.6,open-meteo
2025-04-07,서울,108,10.8,18.8,3.4,0.0,64,2.4,open-meteo
2025-04-08,서울,108,12.0,17.7,6.5,0.0,63,2.7,open-meteo
2025-04-09,서울,108,10.6,17.0,5.7,0.8,64,1.5,open-meteo
2025-04-10,서울,108,11.6,18.9,5.4,0.2,62,1.5,open-meteo
2025-04-11,서울,108,14.4,22.7,6.1,0.0,57,1.1,open-meteo
2025-04-12,서울,108,13.7,23.4,1.7,14.6,62,3.5,open-meteo
2025-04-13,서울,108,4.1,6.9,1.0,9.7,76,4.6,open-meteo
2025-04-14,서울,108,4.5,8.4,2.0,11.8,82,2.8,open-meteo
2025-04-15,서울,108,6.2,12.8,0.0,0.0,78,2.5,open-meteo
2025-04-16,서울,108,11.7,20.4,4.0,0.1,74,2.2,open-meteo
2025-04-17,서울,108,17.1,23.2,11.7,0.1,74,3.2,open-meteo
2025-04-18,서울,108,16.0,21.3,12.8,0.0,82,1.9,open-meteo
2025-04-19,서울,108,13.6,17.9,10.5,22.4,95,2.5,open-meteo
2025-04-20,서울,108,15.1,22.0,10.0,0.0,78,1.1,open-meteo
2025-04-21,서울,108,17.9,24.5,11.8,0.0,74,1.9,open-meteo
2025-04-22,서울,108,16.5,17.7,14.9,28.5,94,1.6,open-meteo
2025-04-23,서울,108,14.9,21.0,9.2,0.0,70,1.7,open-meteo
2025-04-24,서울,108,12.7,17.7,8.6,0.0,68,2.8,open-meteo
2025-04-25,서울,108,10.6,16.0,5.8,0.0,50,3.2,open-meteo
2025-04-26,서울,108,11.4,16.7,5.7,0.0,66,2.3,open-meteo
2025-04-27,서울,108,12.5,17.1,8.2,0.0,63,2.6,open-meteo
2025-04-28,서울,108,12.7,18.9,7.8,0.0,60,2.5,open-meteo
2025-04-29,서울,108,12.2,18.0,6.7,0.0,54,1.4,open-meteo
2025-04-30,서울,108,15.6,23.4,8.5,0.0,49,2.5,open-meteo
2025-05-01,서울,108,13.0,14.6,10.5,18.4,77,2.7,open-meteo
2025-05-02,서울,108,12.2,17.6,7.3,0.0,65,3.4,open-meteo
2025-05-03,서울,108,10.5,13.0,9.0,10.0,83,2.1,open-meteo
2025-05-04,서울,108,12.1,17.6,7.5,0.0,70,3.1,open-meteo
2025-05-05,서울,108,10.8,13.6,7.2,0.4,74,1.6,open-meteo
2025-05-06,서울,108,12.7,18.3,6.7,0.0,66,1.7,open-meteo
2025-05-07,서울,108,13.0,18.3,8.2,0.1,72,1.5,open-meteo
2025-05-08,서울,108,15.3,22.5,8.5,0.0,66,1.0,open-meteo
2025-05-09,서울,108,14.2,15.2,13.4,31.2,84,3.1,open-meteo
2025-05-10,서울,108,12.4,14.3,10.9,8.7,93,3.6,open-meteo
2025-05-11,서울,108,13.6,19.1,8.9,0.0,81,1.8,open-meteo
2025-05-12,서울,108,15.2,21.2,8.7,0.0,71,1.8,open-meteo
2025-05-13,서울,108,18.0,24.1,13.1,0.0,62,2.2,open-meteo
2025-05-14,서울,108,18.9,25.7,12.3,0.4,60,2.2,open-meteo
2025-05-15,서울,108,18.2,22.7,15.7,3.6,84,2.5,open-meteo
2025-05-16,서울,108,18.3,23.0,15.8,18.5,92,1.7,open-meteo
2025-05-17,서울,108,17.5,23.2,14.2,4.0,87,2.8,open-meteo
2025-05-18,서울,108,14.1,19.5,9.8,0.0,68,2.1,open-meteo
2025-05-19,서울,108,15.1,19.6,9.9,0.2,77,2.7,open-meteo
2025-05-20,서울,108,20.5,25.5,16.3,0.6,87,3.4,open-meteo
2025-05-21,서울,108,23.5,29.5,19.1,0.1,82,1.5,open-meteo
2025-05-22,서울,108,21.9,26.8,18.4,0.2,69,2.1,open-meteo
2025-05-23,서울,108,19.6,23.9,14.7,2.3,53,2.8,open-meteo
2025-05-24,서울,108,15.2,17.5,13.6,0.8,69,2.7,open-meteo
2025-05-25,서울,108,16.0,21.1,10.7,0.0,68,1.4,open-meteo
2025-05-26,서울,108,18.6,25.9,12.2,0.0,62,1.1,open-meteo
2025-05-27,서울,108,19.9,27.0,13.5,0.2,59,1.4,open-meteo
2025-05-28,서울,108,19.4,26.4,14.3,2.6,67,0.9,open-meteo
2025-05-29,서울,108,20.6,26.5,14.6,0.6,62,1.4,open-meteo
2025-05-30,서울,108,22.6,28.5,16.4,0.0,49,1.4,open-meteo
2025-05-31,서울,108,22.1,28.8,16.6,0.0,51,1.3,open-meteo
2025-06-01,서울,108,22.6,29.5,16.6,0.0,53,1.6,open-meteo
2025-06-02,서울,108,20.8,23.9,19.1,0.7,55,0.9,open-meteo
2025-06-03,서울,108,20.7,25.3,16.9,0.5,56,3.1,open-meteo
2025-06-04,서울,108,20.3,25.1,15.2,0.0,50,3.9,open-meteo
2025-06-05,서울,108,21.3,27.2,15.3,0.0,47,2.2,open-meteo
2025-06-06,서울,108,23.5,29.9,18.7,0.0,39,2.8,open-meteo
2025-06-07,서울,108,22.9,27.8,18.8,1.0,59,2.4,open-meteo
2025-06-08,서울,108,24.6,31.0,20.3,0.9,67,1.7,open-meteo
2025-06-09,서울,108,23.4,29.8,19.6,0.1,65,2.4,open-meteo
2025-06-10,서울,108,21.2,25.2,19.0,1.9,70,2.7,open-meteo
2025-06-11,서울,108,22.0,28.0,16.1,0.0,53,2.4,open-meteo
2025-06-12,서울,108,25.1,33.1,18.0,0.0,50,1.4,open-meteo
2025-06-13,서울,108,23.9,28.7,20.2,1.1,54,1.7,open-meteo
2025-06-14,서울,108,25.1,33.0,19.7,0.6,63,1.7,open-meteo
2025-06-15,서울,108,25.4,32.9,19.5,9.7,68,2.7,open-meteo
2025-06-16,서울,108,22.7,26.0,20.6,8.0,88,3.1,open-meteo
2025-06-17,서울,108,23.6,28.1,19.6,0.0,76,2.6,open-meteo
2025-06-18,서울,108,24.6,30.0,20.1,0.0,66,1.7,open-meteo
2025-06-19,서울,108,26.9,34.6,21.2,1.5,55,2.0,open-meteo
2025-06-20,서울,108,23.0,25.2,21.7,51.7,95,4.8,open-meteo
2025-06-21,서울,108,21.2,23.8,19.8,1.8,90,2.1,open-meteo
2025-06-22,서울,108,21.4,25.8,17.0,0.0,78,1.8,open-meteo
2025-06-23,서울,108,23.5,29.3,17.9,0.0,76,0.7,open-meteo
2025-06-24,서울,108,24.0,27.4,21.3,0.9,73,2.0,open-meteo
2025-06-25,서울,108,20.9,23.7,19.3,8.1,84,2.2,open-meteo
2025-06-26,서울,108,21.8,24.5,19.5,0.4,86,1.7,open-meteo
2025-06-27,서울,108,23.1,27.5,19.4,1.1,84,0.8,open-meteo
2025-06-28,서울,108,24.8,28.6,22.2,8.2,88,1.5,open-meteo
2025-06-29,서울,108,25.8,29.4,23.2,1.0,86,2.2,open-meteo
2025-06-30,서울,108,26.3,29.6,23.5,1.4,85,2.4,open-meteo
2025-07-01,서울,108,26.3,29.2,24.4,9.7,89,2.5,open-meteo
2025-07-02,서울,108,26.1,28.9,24.7,1.1,89,2.7,open-meteo
2025-07-03,서울,108,26.5,30.2,24.4,0.8,86,2.6,open-meteo
2025-07-04,서울,108,26.0,29.3,23.9,0.6,84,3.1,open-meteo
2025-07-05,서울,108,26.8,30.7,24.2,0.5,82,2.7,open-meteo
2025-07-06,서울,108,27.2,31.6,24.4,0.6,83,2.4,open-meteo
2025-07-07,서울,108,27.9,33.2,24.7,1.4,85,1.4,open-meteo
2025-07-08,서울,108,30.0,35.5,25.3,0.2,74,1.1,open-meteo
2025-07-09,서울,108,30.8,35.9,26.2,0.0,63,1.9,open-meteo
2025-07-10,서울,108,30.7,36.7,25.7,0.0,49,2.8,open-meteo
2025-07-11,서울,108,29.4,36.5,22.6,0.0,47,3.2,open-meteo
2025-07-12,서울,108,30.3,37.0,23.3,0.0,45,1.9,open-meteo
2025-07-13,서울,108,27.3,31.2,24.3,2.8,65,1.1,open-meteo
2025-07-14,서울,108,23.7,28.9,21.1,24.5,80,1.8,open-meteo
2025-07-15,서울,108,22.2,24.5,21.0,11.6,86,2.2,open-meteo
2025-07-16,서울,108,22.4,24.5,21.0,36.7,92,3.4,open-meteo
2025-07-17,서울,108,23.4,26.8,21.9,25.9,92,3.6,open-meteo
2025-07-18,서울,108,24.0,27.4,21.9,42.3,91,2.2,open-meteo
2025-07-19,서울,108,23.8,28.0,21.7,43.4,92,2.8,open-meteo
2025-07-20,서울,108,26.5,30.4,23.0,22.4,85,2.6,open-meteo
2025-07-21,서울,108,26.9,29.9,24.7,0.9,84,2.3,open-meteo
2025-07-22,서울,108,26.9,30.5,23.8,6.7,85,1.8,open-meteo
2025-07-23,서울,108,27.3,31.2,23.7,0.0,81,1.1,open-meteo
2025-07-24,서울,108,27.9,32.3,23.9,0.0,77,0.9,open-meteo
2025-07-25,서울,108,29.8,35.7,24.1,0.0,68,0.9,open-meteo
2025-07-26,서울,108,32.1,37.8,27.2,0.0,57,1.2,open-meteo
2025-07-27,서울,108,32.8,38.4,27.8,1.1,55,1.6,open-meteo
2025-07-28,서울,108,31.9,36.8,27.7,0.0,60,1.6,open-meteo
2025-07-29,서울,108,32.5,38.5,27.6,1.3,54,1.2,open-meteo
2025-07-30,서울,108,32.2,38.0,27.8,0.0,55,1.4,open-meteo
2025-07-31,서울,108,31.7,35.7,28.2,0.0,51,1.5,open-meteo
2025-08-01,서울,108,31.3,36.4,27.1,0.1,57,1.7,open-meteo
2025-08-02,서울,108,31.2,36.3,26.9,0.0,61,1.7,open-meteo
2025-08-03,서울,108,30.0,33.3,25.5,0.7,62,1.7,open-meteo
2025-08-04,서울,108,26.9,32.3,22.2,4.5,75,1.8,open-meteo
2025-08-05,서울,108,27.0,30.7,23.8,0.0,80,1.9,open-meteo
2025-08-06,서울,108,25.8,28.9,24.6,13.0,91,3.1,open-meteo
2025-08-07,서울,108,26.3,30.0,22.7,0.8,80,2.3,open-meteo
2025-08-08,서울,108,25.6,29.6,21.7,0.3,80,1.1,open-meteo
2025-08-09,서울,108,24.3,26.3,22.7,5.2,86,0.7,open-meteo
2025-08-10,서울,108,25.6,30.4,20.9,0.0,74,1.2,open-meteo
2025-08-11,서울,108,25.4,28.2,23.4,0.2,85,1.3,open-meteo
2025-08-12,서울,108,26.6,32.0,21.8,0.0,74,1.4,open-meteo
2025-08-13,서울,108,24.7,27.2,22.9,51.9,92,3.1,open-meteo
2025-08-14,서울,108,24.9,27.4,23.2,36.3,92,2.3,open-meteo
2025-08-15,서울,108,26.4,30.1,23.6,1.3,87,1.5,open-meteo
2025-08-16,서울,108,26.9,30.7,24.5,0.3,85,1.9,open-meteo
2025-08-17,서울,108,26.6,30.2,23.8,1.1,85,1.8,open-meteo
2025-08-18,서울,108,27.2,30.7,24.6,1.1,84,2.5,open-meteo
2025-08-19,서울,108,27.4,30.4,25.4,1.9,84,2.9,open-meteo
2025-08-20,서울,108,27.4,30.9,24.5,3.5,83,2.0,open-meteo
2025-08-21,서울,108,28.2,32.0,25.5,0.6,81,1.6,open-meteo
2025-08-22,서울,108,28.1,32.1,24.8,0.0,79,1.8,open-meteo
2025-08-23,서울,108,29.0,33.4,25.1,0.9,76,1.8,open-meteo
2025-08-24,서울,108,30.0,35.2,25.8,0.4,71,1.4,open-meteo
2025-08-25,서울,108,28.5,33.0,24.8,19.0,78,2.6,open-meteo
2025-08-26,서울,108,25.9,29.5,23.6,13.9,87,2.7,open-meteo
2025-08-27,서울,108,25.8,30.4,22.2,0.0,79,0.8,open-meteo
2025-08-28,서울,108,26.5,30.1,23.9,1.4,80,2.3,open-meteo
2025-08-29,서울,108,27.1,30.6,23.8,31.5,86,3.3,open-meteo
2025-08-30,서울,108,26.8,31.0,23.6,7.7,84,1.4,open-meteo
2025-08-31,서울,108,26.4,29.8,24.1,7.1,86,1.8,open-meteo
2025-09-01,서울,108,24.8,28.0,23.1,23.4,92,2.9,open-meteo
2025-09-02,서울,108,24.2,28.5,19.8,0.0,82,1.4,open-meteo
2025-09-03,서울,108,25.7,30.3,21.2,0.2,77,1.3,open-meteo
2025-09-04,서울,108,24.7,28.6,22.6,26.0,85,2.2,open-meteo
2025-09-05,서울,108,26.2,31.1,22.0,0.4,77,1.6,open-meteo
2025-09-06,서울,108,25.7,29.9,23.8,36.2,89,3.4,open-meteo
2025-09-07,서울,108,24.1,27.3,21.9,0.7,86,2.0,open-meteo
2025-09-08,서울,108,23.1,26.6,20.5,0.2,79,0.9,open-meteo
2025-09-09,서울,108,23.1,26.1,20.9,0.5,77,0.6,open-meteo
2025-09-10,서울,108,23.3,29.3,18.3,0.0,71,1.1,open-meteo
2025-09-11,서울,108,23.9,29.6,19.0,0.0,68,1.8,open-meteo
2025-09-12,서울,108,22.5,26.1,20.1,6.2,80,2.4,open-meteo
2025-09-13,서울,108,22.6,26.3,20.1,58.2,82,2.2,open-meteo
2025-09-14,서울,108,23.3,27.6,20.2,0.1,80,1.1,open-meteo
2025-09-15,서울,108,24.0,28.6,19.7,0.0,80,0.6,open-meteo
2025-09-16,서울,108,23.3,27.1,20.9,13.3,92,1.4,open-meteo
2025-09-17,서울,108,22.1,24.2,20.3,27.8,92,1.8,open-meteo
2025-09-18,서울,108,21.2,24.9,18.2,0.0,79,2.1,open-meteo
2025-09-19,서울,108,18.8,20.4,17.6,12.9,85,2.3,open-meteo
2025-09-20,서울,108,19.1,22.6,16.8,29.7,83,2.2,open-meteo
2025-09-21,서울,108,20.1,25.6,15.6,0.0,72,1.7,open-meteo
2025-09-22,서울,108,19.6,23.8,16.4,0.0,74,1.7,open-meteo
2025-09-23,서울,108,20.6,24.9,17.3,0.0,71,1.8,open-meteo
2025-09-24,서울,108,20.8,24.2,18.5,38.3,87,2.9,open-meteo
2025-09-25,서울,108,21.5,25.4,18.6,0.1,83,1.2,open-meteo
2025-09-26,서울,108,20.4,25.0,16.9,0.0,85,0.8,open-meteo
2025-09-27,서울,108,21.4,26.7,16.7,0.0,79,1.4,open-meteo
2025-09-28,서울,108,20.1,22.7,18.2,23.5,88,1.6,open-meteo
2025-09-29,서울,108,19.2,23.2,16.1,0.0,79,0.9,open-meteo
2025-09-30,서울,108,18.7,22.2,16.2,0.4,84,0.7,open-meteo
2025-10-01,서울,108,18.8,23.5,14.9,0.4,87,0.9,open-meteo
2025-10-02,서울,108,20.4,25.0,16.5,0.0,83,0.7,open-meteo
2025-10-03,서울,108,20.4,23.7,18.1,1.3,80,2.6,open-meteo
2025-10-04,서울,108,21.0,23.3,19.3,0.0,83,1.4,open-meteo
2025-10-05,서울,108,20.6,22.1,19.1,5.6,93,1.2,open-meteo
2025-10-06,서울,108,18.0,20.0,15.5,30.5,90,3.7,open-meteo
2025-10-07,서울,108,18.3,20.7,15.8,16.9,90,3.1,open-meteo
2025-10-08,서울,108,20.4,26.4,16.1,0.0,78,1.4,open-meteo
2025-10-09,서울,108,19.1,21.4,17.6,0.1,76,2.9,open-meteo
2025-10-10,서울,108,17.0,18.5,15.8,20.8,93,2.9,open-meteo
2025-10-11,서울,108,20.0,24.5,16.8,17.7,93,3.2,open-meteo
2025-10-12,서울,108,18.3,21.7,15.9,1.4,85,2.2,open-meteo
2025-10-13,서울,108,15.8,17.9,13.3,25.2,89,3.2,open-meteo
2025-10-14,서울,108,16.5,19.8,13.9,2.4,81,2.6,open-meteo
2025-10-15,서울,108,18.8,24.0,15.6,9.0,80,2.4,open-meteo
2025-10-16,서울,108,19.4,23.6,16.8,6.9,80,2.2,open-meteo
2025-10-17,서울,108,18.5,23.1,14.8,5.0,80,2.1,open-meteo
2025-10-18,서울,108,15.6,17.5,12.7,12.8,86,2.4,open-meteo
2025-10-19,서울,108,14.0,18.0,8.4,0.1,76,2.2,open-meteo
2025-10-20,서울,108,9.3,14.7,5.2,0.1,68,2.2,open-meteo
2025-10-21,서울,108,8.5,13.8,4.3,0.0,67,1.5,open-meteo
2025-10-22,서울,108,11.4,17.7,5.0,0.2,75,1.1,open-meteo
2025-10-23,서울,108,13.9,18.6,10.7,0.5,77,1.6,open-meteo
2025-10-24,서울,108,14.4,19.3,11.1,0.2,73,1.7,open-meteo
2025-10-25,서울,108,13.2,16.7,10.5,0.5,77,1.7,open-meteo
2025-10-26,서울,108,12.1,14.5,10.4,0.0,74,1.4,open-meteo
2025-10-27,서울,108,6.6,9.7,2.4,0.0,52,3.3,open-meteo
2025-10-28,서울,108,6.4,11.5,1.4,0.0,62,1.1,open-meteo
2025-10-29,서울,108,9.2,15.3,4.6,0.0,77,1.2,open-meteo
2025-10-30,서울,108,10.6,16.3,5.7,0.0,81,1.1,open-meteo
2025-10-31,서울,108,12.8,18.1,9.0,1.2,80,1.6,open-meteo
2025-11-01,서울,108,11.7,15.4,9.1,0.9,76,2.5,open-meteo
2025-11-02,서울,108,7.5,10.3,2.8,0.1,63,3.7,open-meteo
2025-11-03,서울,108,5.0,11.3,-0.4,0.0,64,1.0,open-meteo
2025-11-04,서울,108,7.8,13.6,3.2,0.0,73,1.0,open-meteo
2025-11-05,서울,108,9.5,16.3,4.2,0.0,71,1.2,open-meteo
2025-11-06,서울,108,10.6,16.7,4.8,0.0,77,1.2,open-meteo
2025-11-07,서울,108,11.7,18.0,6.8,0.0,75,1.6,open-meteo
2025-11-08,서울,108,12.2,15.2,10.2,0.1,82,1.8,open-meteo
2025-11-09,서울,108,11.7,15.9,8.6,0.0,74,2.7,open-meteo
2025-11-10,서울,108,7.4,10.2,4.7,0.0,40,3.1,open-meteo
2025-11-11,서울,108,7.4,13.0,2.6,0.0,58,1.1,open-meteo
2025-11-12,서울,108,8.6,14.8,3.5,0.0,76,1.2,open-meteo
2025-11-13,서울,108,9.4,15.9,4.7,0.0,68,1.6,open-meteo
2025-11-14,서울,108,7.3,12.8,2.9,0.0,60,1.2,open-meteo
2025-11-15,서울,108,7.4,14.0,1.8,0.0,59,0.7,open-meteo
2025-11-16,서울,108,9.4,15.7,3.3,0.8,73,2.3,open-meteo
2025-11-17,서울,108,3.2,8.8,-0.8,0.0,37,4.6,open-meteo
2025-11-18,서울,108,0.6,4.4,-2.9,0.0,48,2.5,open-meteo
2025-11-19,서울,108,1.4,5.8,-2.3,0.0,57,0.9,open-meteo
2025-11-20,서울,108,5.7,12.9,0.6,0.0,64,2.8,open-meteo
2025-11-21,서울,108,5.7,10.6,0.3,0.0,57,2.0,open-meteo
2025-11-22,서울,108,7.6,13.1,2.4,0.0,69,1.4,open-meteo
2025-11-23,서울,108,9.0,13.3,4.8,0.4,74,2.4,open-meteo
2025-11-24,서울,108,10.9,15.7,8.2,0.2,79,2.4,open-meteo
2025-11-25,서울,108,6.6,8.7,4.0,3.5,80,2.8,open-meteo
2025-11-26,서울,108,4.7,8.5,1.8,0.0,74,1.0,open-meteo
2025-11-27,서울,108,4.5,9.0,2.2,9.1,82,3.7,open-meteo
2025-11-28,서울,108,1.2,4.9,-2.0,0.0,67,1.8,open-meteo
2025-11-29,서울,108,3.8,9.4,-1.3,0.4,72,2.2,open-meteo
2025-11-30,서울,108,10.1,14.8,6.5,0.8,89,2.2,open-meteo
2025-12-01,서울,108,4.7,10.3,1.0,0.0,69,2.7,open-meteo
2025-12-02,서울,108,-1.0,1.5,-6.2,0.0,51,3.1,open-meteo
2025-12-03,서울,108,-6.8,-4.0,-8.6,0.0,41,3.7,open-meteo
2025-12-04,서울,108,-5.3,0.0,-10.0,1.7,53,1.8,open-meteo
2025-12-05,서울,108,-5.4,-0.7,-10.7,0.0,63,1.5,open-meteo
2025-12-06,서울,108,0.3,4.3,-3.6,3.2,78,2.3,open-meteo
2025-12-07,서울,108,4.3,10.7,-1.1,1.2,89,1.8,open-meteo
2025-12-08,서울,108,1.1,4.8,-1.9,0.0,63,2.4,open-meteo
2025-12-09,서울,108,0.3,5.6,-3.6,0.0,71,0.9,open-meteo
2025-12-10,서울,108,2.5,7.7,-1.5,0.1,83,1.6,open-meteo
2025-12-11,서울,108,2.5,6.7,-3.7,11.2,74,2.9,open-meteo
2025-12-12,서울,108,-0.1,5.0,-4.2,0.0,64,1.5,open-meteo
2025-12-13,서울,108,0.9,2.2,-1.7,9.8,91,1.9,open-meteo
2025-12-14,서울,108,-1.0,2.1,-3.3,0.0,76,2.8,open-meteo
2025-12-15,서울,108,-0.6,4.3,-4.2,0.0,76,1.3,open-meteo
2025-12-16,서울,108,1.0,2.9,-0.2,1.9,94,1.8,open-meteo
2025-12-17,서울,108,1.5,5.5,-1.7,0.0,84,1.7,open-meteo
2025-12-18,서울,108,-0.2,4.8,-3.3,0.0,76,0.8,open-meteo
2025-12-19,서울,108,1.2,6.8,-2.4,0.0,77,1.8,open-meteo
2025-12-20,서울,108,5.3,9.2,0.3,4.0,87,2.5,open-meteo
2025-12-21,서울,108,-2.4,0.2,-4.5,0.0,51,2.9,open-meteo
2025-12-22,서울,108,-2.6,2.3,-6.1,0.0,52,0.8,open-meteo
2025-12-23,서울,108,0.2,2.2,-1.8,10.9,78,2.0,open-meteo
2025-12-24,서울,108,0.5,3.1,-2.5,0.0,88,1.9,open-meteo
2025-12-25,서울,108,-4.5,-1.2,-9.5,0.0,66,3.8,open-meteo
2025-12-26,서울,108,-9.3,-5.8,-12.2,0.0,37,3.3,open-meteo
2025-12-27,서울,108,-4.2,2.2,-8.8,0.0,55,1.0,open-meteo
2025-12-28,서울,108,0.6,5.9,-3.6,1.2,81,1.9,open-meteo
2025-12-29,서울,108,3.1,8.0,-1.9,0.7,84,2.5,open-meteo
2025-12-30,서울,108,-1.9,1.7,-4.5,0.0,54,2.1,open-meteo
2025-12-31,서울,108,-6.1,-2.2,-8.8,0.0,44,3.4,open-meteo
2025-01-01,부산,159,2.0,8.0,-2.0,0.0,51,2.6,open-meteo
2025-01-02,부산,159,3.4,9.2,0.2,0.0,48,3.0,open-meteo
2025-01-03,부산,159,1.1,3.3,-1.4,0.0,40,4.2,open-meteo
2025-01-04,부산,159,1.0,5.2,-1.5,0.0,56,2.2,open-meteo
2025-01-05,부산,159,1.9,6.8,-2.5,0.6,65,1.6,open-meteo
2025-01-06,부산,159,2.9,9.1,-0.9,0.1,69,3.3,open-meteo
2025-01-07,부산,159,0.6,4.5,-2.8,0.0,50,4.9,open-meteo
2025-01-08,부산,159,1.9,6.7,-2.1,0.0,59,3.3,open-meteo
2025-01-09,부산,159,-3.5,-0.7,-8.8,0.0,43,5.2,open-meteo
2025-01-10,부산,159,-5.5,0.1,-9.9,0.0,33,5.6,open-meteo
2025-01-11,부산,159,-1.8,2.4,-5.3,0.0,48,3.5,open-meteo
2025-01-12,부산,159,-0.5,4.4,-4.0,0.0,49,4.4,open-meteo
2025-01-13,부산,159,1.1,5.8,-2.2,0.0,53,3.2,open-meteo
2025-01-14,부산,159,4.1,10.2,-1.7,0.0,59,2.4,open-meteo
2025-01-15,부산,159,0.2,3.1,-2.6,0.0,41,4.6,open-meteo
2025-01-16,부산,159,0.3,6.0,-3.8,0.0,49,3.9,open-meteo
2025-01-17,부산,159,1.3,6.6,-2.9,0.0,58,1.5,open-meteo
2025-01-18,부산,159,3.0,9.6,-2.1,0.0,56,2.0,open-meteo
2025-01-19,부산,159,3.5,9.9,-1.1,0.0,57,1.5,open-meteo
2025-01-20,부산,159,3.1,9.7,-1.7,0.0,54,2.2,open-meteo
2025-01-21,부산,159,3.6,9.6,-0.5,0.0,57,2.6,open-meteo
2025-01-22,부산,159,4.1,10.0,-1.2,0.0,52,1.8,open-meteo
2025-01-23,부산,159,5.6,12.7,-0.5,0.0,51,1.9,open-meteo
2025-01-24,부산,159,5.8,11.6,1.1,0.0,58,2.9,open-meteo
2025-01-25,부산,159,5.6,8.9,3.0,0.1,67,4.7,open-meteo
2025-01-26,부산,159,5.0,7.9,2.4,0.0,64,3.6,open-meteo
2025-01-27,부산,159,3.0,6.0,0.1,6.9,72,4.1,open-meteo
2025-01-28,부산,159,0.8,4.1,-1.3,0.0,58,5.7,open-meteo
2025-01-29,부산,159,-0.3,2.4,-2.0,0.0,57,5.9,open-meteo
2025-01-30,부산,159,0.9,5.8,-2.6,0.0,54,2.9,open-meteo
2025-01-31,부산,159,3.0,8.0,-1.9,0.4,66,1.5,open-meteo
2025-02-01,부산,159,4.5,5.6,3.3,17.2,92,3.6,open-meteo
2025-02-02,부산,159,5.1,9.6,0.9,0.0,72,2.1,open-meteo
2025-02-03,부산,159,0.9,3.8,-3.1,0.0,52,5.7,open-meteo
2025-02-04,부산,159,-3.9,-0.5,-6.8,0.0,47,5.9,open-meteo
2025-02-05,부산,159,-3.1,1.7,-6.0,0.0,46,4.8,open-meteo
2025-02-06,부산,159,-2.2,2.1,-6.2,0.0,46,3.7,open-meteo
2025-02-07,부산,159,-2.0,3.5,-6.9,0.1,52,5.3,open-meteo
2025-02-08,부산,159,-4.5,0.7,-8.4,0.0,42,6.4,open-meteo
2025-02-09,부산,159,-2.1,3.5,-6.2,0.0,48,4.4,open-meteo
2025-02-10,부산,159,-0.5,4.3,-3.9,0.0,52,3.8,open-meteo
2025-02-11,부산,159,1.6,7.3,-2.9,0.0,52,2.1,open-meteo
2025-02-12,부산,159,3.5,7.2,0.7,7.5,84,3.1,open-meteo
2025-02-13,부산,159,1.2,6.0,-3.4,0.0,44,4.6,open-meteo
2025-02-14,부산,159,3.0,9.9,-1.5,0.0,56,2.2,open-meteo
2025-02-15,부산,159,2.7,7.9,-2.2,0.0,65,1.7,open-meteo
2025-02-16,부산,159,5.1,11.3,-0.7,0.0,64,2.5,open-meteo
2025-02-17,부산,159,2.5,6.8,-1.5,0.0,43,5.2,open-meteo
2025-02-18,부산,159,-0.2,3.4,-3.6,0.0,41,5.3,open-meteo
2025-02-19,부산,159,-0.3,4.8,-4.3,0.0,46,4.1,open-meteo
2025-02-20,부산,159,-0.4,4.4,-4.1,0.0,41,4.5,open-meteo
2025-02-21,부산,159,-0.4,4.3,-3.7,0.0,43,4.8,open-meteo
2025-02-22,부산,159,-0.0,4.4,-3.1,0.0,47,3.0,open-meteo
2025-02-23,부산,159,-0.5,4.2,-4.0,0.0,43,5.6,open-meteo
2025-02-24,부산,159,-0.2,5.9,-4.6,0.0,45,4.6,open-meteo
2025-02-25,부산,159,2.5,7.3,-3.1,0.0,50,3.7,open-meteo
2025-02-26,부산,159,5.9,11.1,1.4,0.0,56,2.9,open-meteo
2025-02-27,부산,159,5.6,11.6,-0.1,0.0,47,1.9,open-meteo
2025-02-28,부산,159,9.3,14.2,5.8,0.3,72,1.8,open-meteo
2025-03-01,부산,159,8.7,13.1,2.1,0.8,91,1.2,open-meteo
2025-03-02,부산,159,11.5,16.8,7.5,4.5,90,3.8,open-meteo
2025-03-03,부산,159,5.0,6.7,3.1,14.6,81,9.0,open-meteo
2025-03-04,부산,159,4.6,5.3,3.5,11.2,86,6.8,open-meteo
2025-03-05,부산,159,5.9,8.6,3.9,0.0,72,3.3,open-meteo
2025-03-06,부산,159,5.8,9.5,3.4,0.0,68,2.5,open-meteo
2025-03-07,부산,159,5.2,8.7,0.5,0.0,67,2.4,open-meteo
2025-03-08,부산,159,7.0,9.7,5.0,0.7,69,1.4,open-meteo
2025-03-09,부산,159,6.6,12.1,1.5,0.0,68,2.4,open-meteo
2025-03-10,부산,159,7.3,12.2,2.7,0.0,76,1.8,open-meteo
2025-03-11,부산,159,8.2,14.6,2.0,0.0,77,1.6,open-meteo
2025-03-12,부산,159,9.9,15.6,4.3,0.0,68,1.8,open-meteo
2025-03-13,부산,159,9.8,14.5,5.8,0.0,55,3.2,open-meteo
2025-03-14,부산,159,9.9,14.7,5.5,0.0,59,4.4,open-meteo
2025-03-15,부산,159,8.2,9.6,7.1,5.7,78,6.4,open-meteo
2025-03-16,부산,159,6.1,9.8,0.6,6.3,75,4.6,open-meteo
2025-03-17,부산,159,3.8,9.1,-0.2,0.0,45,4.4,open-meteo
2025-03-18,부산,159,3.7,6.6,0.8,3.9,59,4.9,open-meteo
2025-03-19,부산,159,3.6,8.1,-1.1,0.0,57,3.3,open-meteo
2025-03-20,부산,159,6.6,12.9,-0.3,0.0,65,3.3,open-meteo
2025-03-21,부산,159,11.7,16.8,7.2,0.0,64,4.9,open-meteo
2025-03-22,부산,159,13.7,20.6,6.5,0.0,53,3.9,open-meteo
2025-03-23,부산,159,14.5,21.7,6.5,0.0,47,2.2,open-meteo
2025-03-24,부산,159,14.6,19.0,11.9,0.1,67,4.3,open-meteo
2025-03-25,부산,159,14.8,20.0,9.1,0.0,65,4.0,open-meteo
2025-03-26,부산,159,14.7,19.0,9.0,0.8,53,2.8,open-meteo
2025-03-27,부산,159,15.1,17.1,14.0,4.4,97,3.9,open-meteo
2025-03-28,부산,159,11.0,15.2,7.4,0.8,59,3.2,open-meteo
2025-03-29,부산,159,7.4,11.7,3.8,0.0,44,4.2,open-meteo
2025-03-30,부산,159,4.6,10.7,-0.7,0.0,39,3.5,open-meteo
2025-03-31,부산,159,6.4,12.0,0.2,0.0,61,1.9,open-meteo
2025-04-01,부산,159,8.3,14.1,1.5,0.0,59,3.0,open-meteo
2025-04-02,부산,159,9.4,15.0,4.3,6.6,63,2.5,open-meteo
2025-04-03,부산,159,8.9,15.0,2.7,0.5,68,2.2,open-meteo
2025-04-04,부산,159,9.7,13.8,4.1,0.1,69,2.3,open-meteo
2025-04-05,부산,159,10.6,13.9,6.6,0.3,72,3.2,open-meteo
2025-04-06,부산,159,12.5,18.4,5.8,0.0,49,3.2,open-meteo
2025-04-07,부산,159,13.1,18.9,6.4,0.0,39,3.1,open-meteo
2025-04-08,부산,159,16.4,23.1,11.9,0.0,46,4.9,open-meteo
2025-04-09,부산,159,13.6,17.8,8.7,3.2,61,2.6,open-meteo
2025-04-10,부산,159,15.3,19.3,11.6,0.0,73,3.1,open-meteo
2025-04-11,부산,159,14.4,19.5,9.1,0.0,64,2.3,open-meteo
2025-04-12,부산,159,13.0,17.0,9.2,12.3,83,3.0,open-meteo
2025-04-13,부산,159,9.8,13.7,4.9,25.2,58,7.2,open-meteo
2025-04-14,부산,159,9.0,12.9,6.3,3.6,68,4.7,open-meteo
2025-04-15,부산,159,9.6,15.4,4.2,0.0,59,4.4,open-meteo
2025-04-16,부산,159,12.5,17.6,6.0,0.0,70,3.0,open-meteo
2025-04-17,부산,159,15.9,18.0,13.4,0.0,84,4.9,open-meteo
2025-04-18,부산,159,17.7,20.9,15.5,0.0,86,4.3,open-meteo
2025-04-19,부산,159,17.2,19.4,15.5,0.0,91,4.1,open-meteo
2025-04-20,부산,159,15.5,17.2,12.8,1.9,84,3.2,open-meteo
2025-04-21,부산,159,15.0,19.2,11.7,0.0,69,2.8,open-meteo
2025-04-22,부산,159,14.9,16.6,12.4,44.5,94,2.1,open-meteo
2025-04-23,부산,159,14.2,19.0,10.8,0.0,79,3.0,open-meteo
2025-04-24,부산,159,15.4,19.3,11.5,0.0,76,2.5,open-meteo
2025-04-25,부산,159,14.1,18.6,10.1,0.0,40,3.7,open-meteo
2025-04-26,부산,159,13.3,18.5,7.7,0.0,47,2.7,open-meteo
2025-04-27,부산,159,15.5,21.4,9.6,0.0,55,2.4,open-meteo
2025-04-28,부산,159,17.0,21.2,13.5,0.0,62,2.9,open-meteo
2025-04-29,부산,159,13.1,16.7,8.1,0.0,60,2.9,open-meteo
2025-04-30,부산,159,14.6,19.1,9.2,0.0,74,2.2,open-meteo
2025-05-01,부산,159,16.0,19.3,13.4,18.8,87,4.2,open-meteo
2025-05-02,부산,159,15.0,20.1,9.4,0.0,65,3.3,open-meteo
2025-05-03,부산,159,13.6,15.5,11.2,5.6,78,2.2,open-meteo
2025-05-04,부산,159,14.4,20.4,8.7,0.0,63,2.8,open-meteo
2025-05-05,부산,159,13.8,18.1,10.2,6.0,63,2.7,open-meteo
2025-05-06,부산,159,13.2,16.6,10.9,8.0,85,2.3,open-meteo
2025-05-07,부산,159,13.0,17.9,8.3,0.0,85,1.6,open-meteo
2025-05-08,부산,159,15.1,19.6,10.0,0.0,73,1.9,open-meteo
2025-05-09,부산,159,15.1,16.7,13.2,39.0,93,4.7,open-meteo
2025-05-10,부산,159,15.5,18.4,12.8,0.0,76,6.9,open-meteo
2025-05-11,부산,159,14.6,17.3,11.9,0.3,80,2.8,open-meteo
2025-05-12,부산,159,16.0,21.2,10.2,0.0,69,2.7,open-meteo
2025-05-13,부산,159,16.1,20.0,11.6,0.0,86,1.9,open-meteo
2025-05-14,부산,159,16.5,19.4,12.9,0.0,86,2.1,open-meteo
2025-05-15,부산,159,17.9,20.3,16.1,2.3,91,3.1,open-meteo
2025-05-16,부산,159,17.9,21.0,16.6,60.1,97,2.8,open-meteo
2025-05-17,부산,159,18.9,23.8,15.8,4.6,87,4.4,open-meteo
2025-05-18,부산,159,17.4,21.5,14.7,0.0,75,2.7,open-meteo
2025-05-19,부산,159,17.3,20.8,13.0,0.0,82,3.5,open-meteo
2025-05-20,부산,159,20.5,23.3,18.1,0.0,91,3.9,open-meteo
2025-05-21,부산,159,21.4,24.3,19.9,0.2,93,2.2,open-meteo
2025-05-22,부산,159,18.3,21.1,15.1,0.1,78,3.6,open-meteo
2025-05-23,부산,159,16.6,19.2,14.0,0.0,63,4.5,open-meteo
2025-05-24,부산,159,14.8,16.3,13.2,5.8,80,4.9,open-meteo
2025-05-25,부산,159,15.5,19.7,12.5,0.2,77,2.4,open-meteo
2025-05-26,부산,159,16.5,20.2,12.4,0.0,82,1.2,open-meteo
2025-05-27,부산,159,17.1,21.1,11.7,0.4,79,1.6,open-meteo
2025-05-28,부산,159,18.7,23.2,13.2,0.0,69,1.5,open-meteo
2025-05-29,부산,159,18.8,23.9,14.4,1.1,66,2.2,open-meteo
2025-05-30,부산,159,18.4,24.2,13.4,0.0,63,2.4,open-meteo
2025-05-31,부산,159,19.3,26.0,12.6,0.0,62,1.9,open-meteo
2025-06-01,부산,159,19.2,23.7,14.2,0.0,65,1.8,open-meteo
2025-06-02,부산,159,18.2,19.8,16.4,2.8,82,1.2,open-meteo
2025-06-03,부산,159,19.8,24.6,16.3,4.0,76,2.9,open-meteo
2025-06-04,부산,159,21.1,25.4,15.6,0.0,48,3.8,open-meteo
2025-06-05,부산,159,20.6,25.5,15.8,0.0,52,3.1,open-meteo
2025-06-06,부산,159,20.1,24.8,15.6,0.0,63,1.9,open-meteo
2025-06-07,부산,159,20.9,25.3,16.2,0.0,66,2.6,open-meteo
2025-06-08,부산,159,21.8,25.7,19.5,0.0,82,2.1,open-meteo
2025-06-09,부산,159,21.0,25.1,17.6,0.0,80,2.0,open-meteo
2025-06-10,부산,159,22.2,27.7,17.1,0.2,78,2.3,open-meteo
2025-06-11,부산,159,23.5,30.1,20.1,0.0,57,3.0,open-meteo
2025-06-12,부산,159,21.2,24.5,18.2,0.0,71,1.8,open-meteo
2025-06-13,부산,159,20.2,24.7,17.7,5.9,87,1.2,open-meteo
2025-06-14,부산,159,21.4,22.6,19.3,61.8,98,3.6,open-meteo
2025-06-15,부산,159,22.1,25.5,20.4,3.1,94,2.4,open-meteo
2025-06-16,부산,159,22.3,25.3,20.7,16.6,92,4.5,open-meteo
2025-06-17,부산,159,21.9,24.4,20.2,0.0,88,3.7,open-meteo
2025-06-18,부산,159,22.5,25.3,20.3,0.0,85,2.4,open-meteo
2025-06-19,부산,159,22.8,26.5,18.5,0.4,87,1.8,open-meteo
2025-06-20,부산,159,22.8,24.0,21.7,4.5,96,4.0,open-meteo
2025-06-21,부산,159,23.1,24.4,22.1,18.2,94,6.2,open-meteo
2025-06-22,부산,159,21.4,25.5,18.6,26.8,88,2.4,open-meteo
2025-06-23,부산,159,22.8,27.2,19.0,0.0,81,1.8,open-meteo
2025-06-24,부산,159,20.8,22.1,19.4,15.5,94,3.0,open-meteo
2025-06-25,부산,159,22.2,24.3,20.4,2.8,88,3.7,open-meteo
2025-06-26,부산,159,22.9,27.3,19.6,0.0,83,2.7,open-meteo
2025-06-27,부산,159,23.9,27.4,20.4,0.0,84,2.0,open-meteo
2025-06-28,부산,159,24.7,27.3,21.9,0.0,90,1.9,open-meteo
2025-06-29,부산,159,25.2,27.8,22.5,0.0,89,2.4,open-meteo
2025-06-30,부산,159,25.8,28.8,22.5,0.0,88,2.3,open-meteo
2025-07-01,부산,159,26.1,28.8,23.2,0.0,88,2.8,open-meteo
2025-07-02,부산,159,27.8,31.7,24.4,0.0,81,2.6,open-meteo
2025-07-03,부산,159,28.1,32.0,24.5,0.0,75,3.1,open-meteo
2025-07-04,부산,159,27.8,31.6,25.0,0.0,70,4.0,open-meteo
2025-07-05,부산,159,28.0,32.7,24.7,0.0,71,4.0,open-meteo
2025-07-06,부산,159,28.6,33.8,24.9,0.0,73,3.5,open-meteo
2025-07-07,부산,159,29.3,34.3,25.6,0.0,72,2.1,open-meteo
2025-07-08,부산,159,29.0,33.6,25.6,0.0,65,4.1,open-meteo
2025-07-09,부산,159,27.8,32.0,24.6,0.0,66,4.5,open-meteo
2025-07-10,부산,159,27.5,31.8,24.4,0.0,69,5.5,open-meteo
2025-07-11,부산,159,26.6,30.3,24.1,0.0,64,6.3,open-meteo
2025-07-12,부산,159,26.1,30.0,23.2,0.0,67,4.9,open-meteo
2025-07-13,부산,159,26.2,30.8,23.1,22.2,79,2.9,open-meteo
2025-07-14,부산,159,24.2,28.7,21.5,28.2,81,3.1,open-meteo
2025-07-15,부산,159,23.9,26.9,20.9,1.3,85,2.7,open-meteo
2025-07-16,부산,159,25.1,27.0,23.5,5.2,84,3.4,open-meteo
2025-07-17,부산,159,25.5,27.4,22.3,21.9,90,4.1,open-meteo
2025-07-18,부산,159,24.4,26.4,22.6,22.6,94,4.7,open-meteo
2025-07-19,부산,159,24.6,26.5,23.4,26.7,94,3.6,open-meteo
2025-07-20,부산,159,26.5,29.7,23.3,0.0,84,1.1,open-meteo
2025-07-21,부산,159,26.6,28.9,24.7,1.1,88,2.4,open-meteo
2025-07-22,부산,159,26.9,29.8,24.0,0.2,89,1.4,open-meteo
2025-07-23,부산,159,27.5,30.9,24.0,0.0,84,1.3,open-meteo
2025-07-24,부산,159,27.4,31.2,22.8,0.0,78,2.1,open-meteo
2025-07-25,부산,159,28.6,31.5,26.0,0.0,75,3.5,open-meteo
2025-07-26,부산,159,29.3,32.5,26.6,0.0,73,3.9,open-meteo
2025-07-27,부산,159,29.8,32.7,27.3,0.0,65,4.1,open-meteo
2025-07-28,부산,159,29.6,33.4,25.6,0.0,66,2.1,open-meteo
2025-07-29,부산,159,29.2,33.4,24.9,0.0,66,2.6,open-meteo
2025-07-30,부산,159,28.9,33.0,25.2,0.0,65,2.9,open-meteo
2025-07-31,부산,159,29.1,33.3,25.1,0.0,69,2.9,open-meteo
2025-08-01,부산,159,29.0,33.5,25.0,0.1,76,2.1,open-meteo
2025-08-02,부산,159,29.0,32.7,25.1,0.0,79,1.4,open-meteo
2025-08-03,부산,159,28.4,30.8,26.6,2.2,84,2.5,open-meteo
2025-08-04,부산,159,28.3,30.7,26.5,11.6,85,6.0,open-meteo
2025-08-05,부산,159,28.2,30.3,26.2,4.5,84,4.3,open-meteo
2025-08-06,부산,159,28.4,30.8,26.7,3.4,84,5.8,open-meteo
2025-08-07,부산,159,29.0,32.3,26.0,0.1,76,2.8,open-meteo
2025-08-08,부산,159,26.3,29.4,23.5,0.1,83,1.8,open-meteo
2025-08-09,부산,159,24.7,29.1,22.0,37.9,90,1.9,open-meteo
2025-08-10,부산,159,23.9,27.7,22.1,61.8,90,1.7,open-meteo
2025-08-11,부산,159,24.0,28.3,20.8,38.5,89,2.5,open-meteo
2025-08-12,부산,159,23.0,24.7,21.5,32.7,96,1.7,open-meteo
2025-08-13,부산,159,26.6,29.6,23.7,2.6,89,2.6,open-meteo
2025-08-14,부산,159,27.4,30.0,25.2,0.8,87,2.9,open-meteo
2025-08-15,부산,159,28.2,32.3,25.3,0.2,85,1.4,open-meteo
2025-08-16,부산,159,28.1,30.5,25.3,0.0,86,1.5,open-meteo
2025-08-17,부산,159,27.9,32.0,24.4,0.0,84,1.7,open-meteo
2025-08-18,부산,159,27.7,30.9,24.8,0.0,86,2.1,open-meteo
2025-08-19,부산,159,27.9,30.4,25.8,0.1,84,2.9,open-meteo
2025-08-20,부산,159,27.9,30.2,25.4,0.5,83,2.5,open-meteo
2025-08-21,부산,159,28.3,31.8,24.8,0.0,79,1.4,open-meteo
2025-08-22,부산,159,28.9,31.6,25.4,0.1,77,1.7,open-meteo
2025-08-23,부산,159,29.6,33.7,26.3,0.0,73,2.4,open-meteo
2025-08-24,부산,159,29.1,33.0,25.6,0.1,78,2.1,open-meteo
2025-08-25,부산,159,28.9,32.1,26.1,0.1,79,2.9,open-meteo
2025-08-26,부산,159,28.4,31.7,25.7,0.6,79,4.4,open-meteo
2025-08-27,부산,159,28.0,31.3,25.2,1.3,77,2.0,open-meteo
2025-08-28,부산,159,27.8,31.2,24.7,0.1,76,2.2,open-meteo
2025-08-29,부산,159,28.4,32.3,25.1,0.0,80,2.6,open-meteo
2025-08-30,부산,159,29.0,32.4,25.5,0.0,74,2.1,open-meteo
2025-08-31,부산,159,26.4,29.8,24.2,20.7,88,2.0,open-meteo
2025-09-01,부산,159,26.3,27.8,25.0,12.7,90,3.8,open-meteo
2025-09-02,부산,159,26.9,29.9,23.4,18.4,86,2.6,open-meteo
2025-09-03,부산,159,26.2,30.1,23.1,0.1,83,2.7,open-meteo
2025-09-04,부산,159,26.9,30.5,24.4,0.3,80,3.5,open-meteo
2025-09-05,부산,159,26.7,31.0,23.8,0.3,78,2.2,open-meteo
2025-09-06,부산,159,27.0,30.0,23.5,0.3,83,2.9,open-meteo
2025-09-07,부산,159,28.3,31.6,26.3,0.2,80,3.9,open-meteo
2025-09-08,부산,159,27.2,30.8,24.1,0.4,71,1.5,open-meteo
2025-09-09,부산,159,23.4,27.0,20.7,11.6,84,2.7,open-meteo
2025-09-10,부산,159,23.7,28.0,20.6,14.4,83,2.9,open-meteo
2025-09-11,부산,159,24.3,27.5,21.6,0.0,77,4.9,open-meteo
2025-09-12,부산,159,24.6,27.2,23.4,0.8,85,3.9,open-meteo
2025-09-13,부산,159,25.7,28.2,22.6,8.2,90,4.4,open-meteo
2025-09-14,부산,159,24.7,27.4,21.9,0.3,85,2.2,open-meteo
2025-09-15,부산,159,25.8,29.4,23.7,5.6,87,1.1,open-meteo
2025-09-16,부산,159,26.6,30.0,23.9,0.1,86,2.6,open-meteo
2025-09-17,부산,159,27.0,30.2,24.7,1.2,86,3.8,open-meteo
2025-09-18,부산,159,23.3,25.1,21.7,0.6,77,3.5,open-meteo
2025-09-19,부산,159,22.9,25.1,21.2,0.0,67,3.9,open-meteo
2025-09-20,부산,159,24.4,27.7,21.3,6.5,80,4.0,open-meteo
2025-09-21,부산,159,21.6,25.3,18.7,0.0,74,3.8,open-meteo
2025-09-22,부산,159,21.8,24.9,19.6,0.2,67,4.9,open-meteo
2025-09-23,부산,159,22.1,25.1,19.4,0.0,68,4.4,open-meteo
2025-09-24,부산,159,24.4,27.7,21.7,0.6,85,2.8,open-meteo
2025-09-25,부산,159,23.3,24.8,21.9,12.3,98,1.0,open-meteo
2025-09-26,부산,159,23.6,27.4,21.1,0.0,81,1.9,open-meteo
2025-09-27,부산,159,23.0,26.6,20.5,0.0,74,2.9,open-meteo
2025-09-28,부산,159,23.3,25.7,20.2,0.6,81,2.9,open-meteo
2025-09-29,부산,159,21.7,25.9,19.2,0.1,75,2.6,open-meteo
2025-09-30,부산,159,20.5,23.5,17.6,0.1,80,1.1,open-meteo
2025-10-01,부산,159,21.2,26.7,16.5,0.0,76,1.5,open-meteo
2025-10-02,부산,159,21.3,25.9,17.7,0.7,74,1.9,open-meteo
2025-10-03,부산,159,19.8,20.8,18.8,65.6,93,3.8,open-meteo
2025-10-04,부산,159,21.9,25.7,19.4,10.1,90,2.0,open-meteo
2025-10-05,부산,159,22.5,25.8,19.8,0.5,86,1.7,open-meteo
2025-10-06,부산,159,21.5,22.5,20.8,6.3,91,3.0,open-meteo
2025-10-07,부산,159,22.8,25.5,20.7,2.5,86,2.5,open-meteo
2025-10-08,부산,159,22.4,25.0,20.7,0.0,82,3.8,open-meteo
2025-10-09,부산,159,21.2,23.4,19.7,0.0,74,4.4,open-meteo
2025-10-10,부산,159,21.1,24.2,18.2,0.0,73,3.1,open-meteo
2025-10-11,부산,159,21.8,26.5,18.2,0.0,82,1.7,open-meteo
2025-10-12,부산,159,21.2,26.5,18.3,2.1,87,2.6,open-meteo
2025-10-13,부산,159,20.9,23.9,18.4,4.1,86,2.6,open-meteo
2025-10-14,부산,159,19.5,20.8,18.2,26.6,89,2.5,open-meteo
2025-10-15,부산,159,21.0,23.8,18.8,0.0,79,3.8,open-meteo
2025-10-16,부산,159,21.6,25.6,19.0,31.7,86,2.9,open-meteo
2025-10-17,부산,159,20.9,23.3,18.9,0.0,77,3.5,open-meteo
2025-10-18,부산,159,20.9,24.2,18.1,4.1,88,2.9,open-meteo
2025-10-19,부산,159,18.3,20.1,16.7,0.0,82,3.8,open-meteo
2025-10-20,부산,159,16.6,20.1,13.9,0.0,79,3.7,open-meteo
2025-10-21,부산,159,15.5,17.4,14.1,0.0,82,3.4,open-meteo
2025-10-22,부산,159,16.6,20.5,14.5,2.1,77,4.5,open-meteo
2025-10-23,부산,159,17.0,20.3,14.4,0.2,74,3.6,open-meteo
2025-10-24,부산,159,16.3,19.8,13.6,1.0,79,3.8,open-meteo
2025-10-25,부산,159,17.3,22.0,14.5,0.0,77,2.2,open-meteo
2025-10-26,부산,159,15.1,18.2,13.1,0.4,75,2.8,open-meteo
2025-10-27,부산,159,11.1,14.1,8.3,0.0,58,3.6,open-meteo
2025-10-28,부산,159,9.2,14.1,6.2,0.0,54,2.9,open-meteo
2025-10-29,부산,159,10.7,16.4,5.4,0.0,62,2.8,open-meteo
2025-10-30,부산,159,12.8,18.4,7.3,0.0,70,2.4,open-meteo
2025-10-31,부산,159,14.0,19.4,10.1,0.0,74,2.3,open-meteo
2025-11-01,부산,159,13.9,18.5,9.8,0.0,63,3.5,open-meteo
2025-11-02,부산,159,12.9,16.9,8.4,0.0,57,4.0,open-meteo
2025-11-03,부산,159,10.1,15.3,4.2,0.0,61,3.7,open-meteo
2025-11-04,부산,159,13.6,18.8,9.4,0.0,65,1.7,open-meteo
2025-11-05,부산,159,13.7,19.6,8.5,0.0,71,2.5,open-meteo
2025-11-06,부산,159,14.5,20.5,9.4,0.0,75,2.4,open-meteo
2025-11-07,부산,159,15.4,19.6,10.6,0.0,68,3.0,open-meteo
2025-11-08,부산,159,16.2,18.4,13.5,5.8,68,3.0,open-meteo
2025-11-09,부산,159,14.9,19.2,12.1,22.4,76,3.0,open-meteo
2025-11-10,부산,159,11.0,14.3,7.4,0.0,53,3.1,open-meteo
2025-11-11,부산,159,9.9,15.6,5.7,0.0,56,2.4,open-meteo
2025-11-12,부산,159,11.4,17.0,6.6,0.0,70,2.2,open-meteo
2025-11-13,부산,159,12.0,17.5,8.4,0.0,62,2.3,open-meteo
2025-11-14,부산,159,11.4,17.3,6.7,0.0,61,2.9,open-meteo
2025-11-15,부산,159,10.8,16.6,5.4,0.0,66,2.2,open-meteo
2025-11-16,부산,159,12.1,17.7,6.5,0.0,78,2.1,open-meteo
2025-11-17,부산,159,8.9,12.0,4.1,0.0,55,4.2,open-meteo
2025-11-18,부산,159,4.2,8.2,1.3,0.0,55,4.9,open-meteo
2025-11-19,부산,159,4.7,9.3,1.3,0.0,64,2.1,open-meteo
2025-11-20,부산,159,7.7,13.7,1.8,0.0,63,2.9,open-meteo
2025-11-21,부산,159,8.5,12.5,5.0,0.0,57,2.9,open-meteo
2025-11-22,부산,159,8.1,14.0,3.1,0.0,64,2.2,open-meteo
2025-11-23,부산,159,8.5,14.3,2.0,0.0,71,2.2,open-meteo
2025-11-24,부산,159,11.8,16.8,7.4,0.0,78,1.8,open-meteo
2025-11-25,부산,159,9.0,13.3,6.3,0.0,69,3.6,open-meteo
2025-11-26,부산,159,8.5,13.2,4.4,0.0,69,2.7,open-meteo
2025-11-27,부산,159,9.9,14.1,7.3,2.7,66,4.7,open-meteo
2025-11-28,부산,159,6.4,10.2,3.3,0.0,49,3.2,open-meteo
2025-11-29,부산,159,6.9,13.5,-0.5,0.0,66,2.1,open-meteo
2025-11-30,부산,159,13.2,18.5,7.4,0.0,76,2.8,open-meteo
2025-12-01,부산,159,11.9,15.3,6.6,0.0,56,3.2,open-meteo
2025-12-02,부산,159,6.7,11.0,3.7,0.0,36,4.5,open-meteo
2025-12-03,부산,159,1.4,5.5,-2.3,0.0,37,4.5,open-meteo
2025-12-04,부산,159,0.8,6.1,-3.2,0.0,52,2.6,open-meteo
2025-12-05,부산,159,2.4,5.4,-2.1,0.0,42,3.9,open-meteo
2025-12-06,부산,159,3.2,7.6,-2.7,0.0,51,2.5,open-meteo
2025-12-07,부산,159,8.6,13.7,1.4,0.0,76,2.7,open-meteo
2025-12-08,부산,159,8.0,10.5,3.6,0.0,39,4.0,open-meteo
2025-12-09,부산,159,4.1,8.9,0.1,0.0,39,3.6,open-meteo
2025-12-10,부산,159,5.4,10.7,0.7,0.0,51,1.4,open-meteo
2025-12-11,부산,159,9.7,16.6,5.1,2.6,60,2.9,open-meteo
2025-12-12,부산,159,5.6,8.2,1.9,0.1,68,4.5,open-meteo
2025-12-13,부산,159,8.2,12.6,4.6,5.7,70,3.8,open-meteo
2025-12-14,부산,159,4.0,7.0,1.7,0.0,65,4.8,open-meteo
2025-12-15,부산,159,3.3,8.0,-0.7,0.0,65,2.0,open-meteo
2025-12-16,부산,159,5.0,10.3,-1.2,0.0,73,1.3,open-meteo
2025-12-17,부산,159,7.3,11.6,4.3,0.0,67,3.4,open-meteo
2025-12-18,부산,159,5.1,11.7,1.0,0.0,54,2.4,open-meteo
2025-12-19,부산,159,8.1,14.5,1.6,0.0,74,1.6,open-meteo
2025-12-20,부산,159,11.5,16.0,6.1,1.5,90,1.1,open-meteo
2025-12-21,부산,159,4.2,12.0,-0.4,0.0,41,5.7,open-meteo
2025-12-22,부산,159,3.3,10.2,-2.7,0.0,52,3.1,open-meteo
2025-12-23,부산,159,6.2,13.0,0.4,1.9,74,2.0,open-meteo
2025-12-24,부산,159,7.6,9.5,6.4,15.5,92,2.6,open-meteo
2025-12-25,부산,159,2.5,6.3,-2.7,0.0,52,6.4,open-meteo
2025-12-26,부산,159,-4.1,-1.2,-7.8,0.0,35,5.4,open-meteo
2025-12-27,부산,159,-0.5,4.6,-4.9,0.0,46,3.8,open-meteo
2025-12-28,부산,159,3.2,8.6,-1.4,0.0,63,1.7,open-meteo
2025-12-29,부산,159,7.5,12.2,2.3,0.1,68,2.4,open-meteo
2025-12-30,부산,159,4.0,7.8,0.9,0.0,47,3.6,open-meteo
2025-12-31,부산,159,-0.2,2.3,-3.5,0.0,37,4.1,open-meteo
2025-01-01,대구,143,1.9,7.9,-1.9,0.0,59,2.2,open-meteo
2025-01-02,대구,143,2.1,7.4,-0.8,0.0,55,2.0,open-meteo
2025-01-03,대구,143,-0.3,2.6,-3.5,0.0,45,3.2,open-meteo
2025-01-04,대구,143,0.4,4.5,-2.6,0.0,60,2.9,open-meteo
2025-01-05,대구,143,0.5,4.6,-3.2,0.1,69,0.5,open-meteo
2025-01-06,대구,143,0.8,6.5,-2.3,0.1,80,2.8,open-meteo
2025-01-07,대구,143,-1.5,3.2,-5.2,0.0,55,4.4,open-meteo
2025-01-08,대구,143,-0.5,4.7,-4.3,0.7,68,2.9,open-meteo
2025-01-09,대구,143,-6.6,-3.2,-11.1,0.0,44,5.2,open-meteo
2025-01-10,대구,143,-7.4,-2.2,-12.3,0.0,43,3.9,open-meteo
2025-01-11,대구,143,-3.6,0.9,-7.1,0.0,58,3.1,open-meteo
2025-01-12,대구,143,-1.5,2.9,-4.7,0.0,57,4.1,open-meteo
2025-01-13,대구,143,0.1,5.8,-3.2,0.0,60,2.7,open-meteo
2025-01-14,대구,143,3.2,9.8,-0.6,0.0,61,2.5,open-meteo
2025-01-15,대구,143,-1.8,1.2,-4.4,0.0,47,4.4,open-meteo
2025-01-16,대구,143,-0.7,5.2,-4.9,0.0,56,3.7,open-meteo
2025-01-17,대구,143,1.3,6.4,-2.6,0.0,62,1.0,open-meteo
2025-01-18,대구,143,2.3,8.7,-2.1,0.0,44,1.0,open-meteo
2025-01-19,대구,143,2.7,8.3,-0.8,0.0,49,1.1,open-meteo
2025-01-20,대구,143,2.8,8.3,-0.8,0.0,72,1.2,open-meteo
2025-01-21,대구,143,2.6,8.1,-1.2,0.0,70,1.7,open-meteo
2025-01-22,대구,143,3.1,8.7,-1.3,0.0,68,0.9,open-meteo
2025-01-23,대구,143,3.9,9.9,-0.2,0.0,54,1.1,open-meteo
2025-01-24,대구,143,3.6,9.9,-1.5,0.0,65,0.9,open-meteo
2025-01-25,대구,143,3.7,8.3,-0.8,0.0,78,2.2,open-meteo
2025-01-26,대구,143,2.9,7.4,-1.5,0.3,76,1.7,open-meteo
2025-01-27,대구,143,1.6,4.3,-2.2,3.7,77,2.9,open-meteo
2025-01-28,대구,143,-0.9,1.9,-2.5,1.3,69,4.7,open-meteo
2025-01-29,대구,143,-2.1,-0.2,-3.7,0.0,64,5.6,open-meteo
2025-01-30,대구,143,-0.6,5.0,-3.9,0.0,61,3.4,open-meteo
2025-01-31,대구,143,2.0,7.9,-3.1,0.6,72,0.9,open-meteo
2025-02-01,대구,143,3.0,5.2,0.2,5.9,97,1.0,open-meteo
2025-02-02,대구,143,3.1,8.7,-1.1,0.0,78,1.3,open-meteo
2025-02-03,대구,143,-1.0,1.7,-5.0,0.0,55,6.0,open-meteo
2025-02-04,대구,143,-6.2,-3.1,-9.2,0.0,48,5.7,open-meteo
2025-02-05,대구,143,-5.4,-1.3,-9.0,0.0,44,4.7,open-meteo
2025-02-06,대구,143,-3.7,1.3,-8.4,0.5,41,3.6,open-meteo
2025-02-07,대구,143,-5.0,1.1,-8.7,0.8,61,4.8,open-meteo
2025-02-08,대구,143,-6.6,-2.2,-10.5,0.0,52,4.9,open-meteo
2025-02-09,대구,143,-3.6,1.2,-7.1,0.0,58,3.7,open-meteo
2025-02-10,대구,143,-1.3,2.9,-4.7,0.0,59,3.7,open-meteo
2025-02-11,대구,143,0.5,7.4,-4.1,0.0,59,1.0,open-meteo
2025-02-12,대구,143,1.4,3.7,-1.1,6.2,87,2.1,open-meteo
2025-02-13,대구,143,0.2,5.5,-4.5,0.0,45,4.2,open-meteo
2025-02-14,대구,143,3.0,9.7,-2.1,0.0,59,1.9,open-meteo
2025-02-15,대구,143,2.8,6.8,-0.6,0.0,62,0.7,open-meteo
2025-02-16,대구,143,5.4,11.5,1.1,0.0,70,2.7,open-meteo
2025-02-17,대구,143,0.8,4.9,-2.4,0.0,45,5.2,open-meteo
2025-02-18,대구,143,-1.4,2.7,-4.8,0.0,43,4.6,open-meteo
2025-02-19,대구,143,-1.6,3.2,-4.8,0.0,48,4.3,open-meteo
2025-02-20,대구,143,-1.6,3.2,-5.4,0.0,41,3.8,open-meteo
2025-02-21,대구,143,-1.6,3.1,-5.0,0.0,43,3.8,open-meteo
2025-02-22,대구,143,-0.8,4.0,-3.7,0.0,46,3.6,open-meteo
2025-02-23,대구,143,-2.1,2.0,-5.4,0.0,47,4.6,open-meteo
2025-02-24,대구,143,-0.8,4.6,-5.1,0.0,43,4.2,open-meteo
2025-02-25,대구,143,2.5,9.5,-2.3,0.0,51,3.0,open-meteo
2025-02-26,대구,143,4.9,10.7,0.4,0.0,55,3.3,open-meteo
2025-02-27,대구,143,5.8,13.6,-2.5,0.0,40,1.1,open-meteo
2025-02-28,대구,143,10.0,16.0,5.5,0.0,61,1.7,open-meteo
2025-03-01,대구,143,10.0,15.2,4.0,0.0,76,0.8,open-meteo
2025-03-02,대구,143,10.7,15.7,5.1,7.7,86,3.3,open-meteo
2025-03-03,대구,143,3.3,5.4,1.9,15.9,81,6.1,open-meteo
2025-03-04,대구,143,2.5,3.1,2.1,10.7,88,4.1,open-meteo
2025-03-05,대구,143,3.9,7.2,0.4,0.5,84,1.5,open-meteo
2025-03-06,대구,143,4.4,8.7,0.5,0.6,79,1.6,open-meteo
2025-03-07,대구,143,4.5,10.2,-1.0,0.0,72,1.4,open-meteo
2025-03-08,대구,143,6.6,11.2,2.7,0.4,70,1.9,open-meteo
2025-03-09,대구,143,6.5,13.3,-0.0,0.0,66,1.3,open-meteo
2025-03-10,대구,143,6.9,13.5,0.8,0.0,72,0.9,open-meteo
2025-03-11,대구,143,9.3,16.9,3.0,0.0,63,0.8,open-meteo
2025-03-12,대구,143,10.9,17.4,4.4,0.0,62,2.5,open-meteo
2025-03-13,대구,143,9.7,15.8,4.2,0.0,56,2.1,open-meteo
2025-03-14,대구,143,9.5,15.5,4.5,0.0,57,3.3,open-meteo
2025-03-15,대구,143,7.7,9.5,6.4,3.1,70,5.0,open-meteo
2025-03-16,대구,143,5.1,8.9,0.1,2.6,70,3.4,open-meteo
2025-03-17,대구,143,3.1,8.2,-1.0,0.0,40,3.9,open-meteo
2025-03-18,대구,143,2.1,6.0,-2.0,4.3,62,3.3,open-meteo
2025-03-19,대구,143,2.8,8.1,-2.3,0.0,52,2.7,open-meteo
2025-03-20,대구,143,7.0,16.2,-1.4,0.0,56,2.5,open-meteo
2025-03-21,대구,143,13.5,22.6,5.6,0.0,43,3.8,open-meteo
2025-03-22,대구,143,16.6,25.2,8.8,0.0,32,3.3,open-meteo
2025-03-23,대구,143,17.4,26.2,8.7,0.0,35,1.6,open-meteo
2025-03-24,대구,143,17.3,24.0,11.8,0.2,46,3.3,open-meteo
2025-03-25,대구,143,17.1,25.4,9.1,0.0,54,3.2,open-meteo
2025-03-26,대구,143,16.8,25.6,8.3,0.0,36,2.0,open-meteo
2025-03-27,대구,143,19.6,27.6,12.9,3.3,73,3.8,open-meteo
2025-03-28,대구,143,9.7,13.7,6.3,2.0,43,3.7,open-meteo
2025-03-29,대구,143,6.2,11.7,1.8,0.0,31,4.3,open-meteo
2025-03-30,대구,143,3.8,10.0,-2.3,0.0,33,3.4,open-meteo
2025-03-31,대구,143,7.6,14.5,-0.2,0.0,44,1.4,open-meteo
2025-04-01,대구,143,10.2,17.3,2.9,0.0,43,1.8,open-meteo
2025-04-02,대구,143,10.2,18.7,3.0,2.8,53,1.5,open-meteo
2025-04-03,대구,143,9.0,16.7,2.0,0.0,66,1.5,open-meteo
2025-04-04,대구,143,11.4,17.4,5.0,0.0,57,1.6,open-meteo
2025-04-05,대구,143,10.5,14.9,6.2,2.2,69,2.7,open-meteo
2025-04-06,대구,143,11.7,18.0,4.7,0.0,52,3.8,open-meteo
2025-04-07,대구,143,14.6,23.6,5.0,0.0,32,2.2,open-meteo
2025-04-08,대구,143,16.0,22.3,10.5,0.0,39,3.6,open-meteo
2025-04-09,대구,143,14.6,21.8,6.6,0.4,56,2.2,open-meteo
2025-04-10,대구,143,15.7,21.7,10.5,0.0,56,2.2,open-meteo
2025-04-11,대구,143,16.9,25.1,8.3,0.0,48,1.5,open-meteo
2025-04-12,대구,143,14.8,22.2,9.5,7.2,64,2.7,open-meteo
2025-04-13,대구,143,7.9,13.5,2.5,17.8,60,5.4,open-meteo
2025-04-14,대구,143,6.1,10.9,2.7,5.7,75,2.1,open-meteo
2025-04-15,대구,143,8.8,15.3,2.9,0.0,66,4.4,open-meteo
2025-04-16,대구,143,14.4,22.9,4.9,0.0,62,2.1,open-meteo
2025-04-17,대구,143,17.8,23.1,11.5,0.0,77,3.2,open-meteo
2025-04-18,대구,143,21.0,27.4,16.3,0.3,77,2.4,open-meteo
2025-04-19,대구,143,20.2,25.5,15.6,14.4,77,3.7,open-meteo
2025-04-20,대구,143,15.3,18.6,11.8,3.2,81,3.4,open-meteo
2025-04-21,대구,143,17.0,24.0,11.2,0.0,66,2.4,open-meteo
2025-04-22,대구,143,16.1,19.1,13.7,12.2,88,1.8,open-meteo
2025-04-23,대구,143,15.2,19.4,10.7,0.0,81,2.4,open-meteo
2025-04-24,대구,143,17.0,25.1,10.8,0.0,66,3.1,open-meteo
2025-04-25,대구,143,13.8,19.0,8.9,0.0,30,4.2,open-meteo
2025-04-26,대구,143,16.2,24.7,7.6,0.0,24,3.0,open-meteo
2025-04-27,대구,143,19.2,27.1,11.5,0.0,25,2.1,open-meteo
2025-04-28,대구,143,18.5,24.4,13.5,0.0,28,3.5,open-meteo
2025-04-29,대구,143,16.3,23.5,8.5,0.0,40,1.9,open-meteo
2025-04-30,대구,143,19.3,28.4,10.2,0.0,41,1.9,open-meteo
2025-05-01,대구,143,17.3,23.7,13.6,21.9,65,3.1,open-meteo
2025-05-02,대구,143,14.5,19.5,8.6,0.0,57,4.1,open-meteo
2025-05-03,대구,143,12.6,15.0,10.2,10.4,77,2.1,open-meteo
2025-05-04,대구,143,14.2,20.8,8.4,0.0,54,3.4,open-meteo
2025-05-05,대구,143,13.7,18.9,8.0,2.2,61,1.3,open-meteo
2025-05-06,대구,143,12.2,14.7,9.9,3.8,85,1.5,open-meteo
2025-05-07,대구,143,14.9,21.3,8.4,0.0,75,1.1,open-meteo
2025-05-08,대구,143,17.3,23.3,11.3,0.0,65,1.6,open-meteo
2025-05-09,대구,143,14.7,16.5,12.3,19.4,89,3.1,open-meteo
2025-05-10,대구,143,15.6,18.3,13.1,0.7,77,5.1,open-meteo
2025-05-11,대구,143,14.9,20.1,11.4,4.2,80,1.8,open-meteo
2025-05-12,대구,143,17.3,24.6,10.8,0.0,63,1.7,open-meteo
2025-05-13,대구,143,19.5,27.3,12.0,0.0,63,1.6,open-meteo
2025-05-14,대구,143,20.3,27.3,13.8,0.0,61,1.7,open-meteo
2025-05-15,대구,143,21.0,25.1,17.5,2.9,79,2.9,open-meteo
2025-05-16,대구,143,20.2,23.2,17.9,36.6,91,1.9,open-meteo
2025-05-17,대구,143,21.5,27.4,16.9,3.7,78,3.2,open-meteo
2025-05-18,대구,143,17.8,22.4,13.0,0.0,62,3.0,open-meteo
2025-05-19,대구,143,19.2,25.8,12.2,0.0,72,2.7,open-meteo
2025-05-20,대구,143,24.1,31.0,17.8,0.0,75,2.9,open-meteo
2025-05-21,대구,143,24.0,30.3,19.7,0.8,78,2.1,open-meteo
2025-05-22,대구,143,18.0,21.7,14.9,2.2,77,3.8,open-meteo
2025-05-23,대구,143,16.8,21.4,12.6,0.0,61,3.8,open-meteo
2025-05-24,대구,143,14.5,16.4,12.9,4.4,75,3.1,open-meteo
2025-05-25,대구,143,17.7,24.5,11.7,0.5,68,1.9,open-meteo
2025-05-26,대구,143,19.4,26.4,11.9,0.0,67,1.1,open-meteo
2025-05-27,대구,143,21.4,27.9,14.0,0.3,59,1.3,open-meteo
2025-05-28,대구,143,20.9,29.5,15.8,1.7,66,1.1,open-meteo
2025-05-29,대구,143,19.2,28.3,13.9,12.6,77,1.2,open-meteo
2025-05-30,대구,143,18.6,26.2,12.9,0.0,67,2.3,open-meteo
2025-05-31,대구,143,20.0,28.1,12.0,0.0,58,1.8,open-meteo
2025-06-01,대구,143,22.9,30.5,15.6,0.0,51,1.2,open-meteo
2025-06-02,대구,143,20.4,23.5,18.2,2.3,76,0.7,open-meteo
2025-06-03,대구,143,21.7,28.2,17.2,0.8,63,3.2,open-meteo
2025-06-04,대구,143,22.1,28.7,15.0,0.0,35,4.9,open-meteo
2025-06-05,대구,143,23.5,30.9,15.7,0.0,40,2.4,open-meteo
2025-06-06,대구,143,23.6,29.5,17.5,0.0,47,1.6,open-meteo
2025-06-07,대구,143,25.3,32.6,18.3,0.0,42,2.1,open-meteo
2025-06-08,대구,143,26.4,32.5,20.6,0.0,55,1.6,open-meteo
2025-06-09,대구,143,26.4,32.0,21.3,0.1,59,1.4,open-meteo
2025-06-10,대구,143,26.9,33.6,20.3,0.0,54,2.9,open-meteo
2025-06-11,대구,143,25.5,32.1,18.5,0.0,43,3.5,open-meteo
2025-06-12,대구,143,26.7,33.0,20.7,0.0,39,1.5,open-meteo
2025-06-13,대구,143,21.2,25.0,18.8,21.3,76,0.9,open-meteo
2025-06-14,대구,143,22.3,27.4,18.9,71.3,91,1.2,open-meteo
2025-06-15,대구,143,25.5,30.8,20.5,1.8,81,1.6,open-meteo
2025-06-16,대구,143,24.5,28.2,22.6,13.3,89,2.6,open-meteo
2025-06-17,대구,143,24.6,29.0,20.3,1.4,80,2.8,open-meteo
2025-06-18,대구,143,25.5,31.0,21.4,0.0,75,1.8,open-meteo
2025-06-19,대구,143,26.5,32.2,20.9,0.0,73,1.3,open-meteo
2025-06-20,대구,143,25.6,28.1,23.7,7.1,86,3.4,open-meteo
2025-06-21,대구,143,23.7,26.5,19.3,47.0,94,4.0,open-meteo
2025-06-22,대구,143,22.3,26.9,18.4,23.6,77,2.0,open-meteo
2025-06-23,대구,143,24.4,29.8,18.4,0.0,71,1.5,open-meteo
2025-06-24,대구,143,21.3,24.0,19.0,14.3,89,3.4,open-meteo
2025-06-25,대구,143,23.3,27.9,19.7,1.2,83,2.9,open-meteo
2025-06-26,대구,143,24.0,28.8,19.6,0.2,77,2.6,open-meteo
2025-06-27,대구,143,26.0,31.0,20.3,0.0,76,1.3,open-meteo
2025-06-28,대구,143,27.7,33.8,23.2,1.0,82,0.7,open-meteo
2025-06-29,대구,143,28.6,33.9,23.9,0.1,80,1.3,open-meteo
2025-06-30,대구,143,29.3,35.1,24.3,0.0,75,1.6,open-meteo
2025-07-01,대구,143,29.7,34.8,24.6,0.5,73,1.8,open-meteo
2025-07-02,대구,143,31.6,36.7,25.7,0.0,66,1.6,open-meteo
2025-07-03,대구,143,32.0,37.3,26.7,0.3,61,2.1,open-meteo
2025-07-04,대구,143,31.2,37.7,25.6,0.0,57,2.3,open-meteo
2025-07-05,대구,143,31.2,37.9,24.6,0.0,59,2.4,open-meteo
2025-07-06,대구,143,31.0,36.7,25.3,0.0,63,2.8,open-meteo
2025-07-07,대구,143,32.2,39.7,26.3,0.6,59,2.5,open-meteo
2025-07-08,대구,143,30.0,35.3,25.2,0.0,66,4.0,open-meteo
2025-07-09,대구,143,28.8,35.2,23.7,0.0,58,3.7,open-meteo
2025-07-10,대구,143,28.0,33.5,24.2,0.0,61,4.3,open-meteo
2025-07-11,대구,143,27.0,32.1,23.4,0.0,60,4.7,open-meteo
2025-07-12,대구,143,27.0,33.0,22.0,0.0,65,3.8,open-meteo
2025-07-13,대구,143,25.9,33.6,22.3,25.7,76,1.6,open-meteo
2025-07-14,대구,143,23.7,28.5,20.9,41.7,86,2.2,open-meteo
2025-07-15,대구,143,23.4,27.1,20.4,13.6,87,2.2,open-meteo
2025-07-16,대구,143,23.8,26.6,21.1,6.9,90,1.9,open-meteo
2025-07-17,대구,143,25.0,27.9,22.0,22.8,89,2.2,open-meteo
2025-07-18,대구,143,24.9,29.2,22.0,23.2,92,1.5,open-meteo
2025-07-19,대구,143,24.8,26.7,23.5,49.3,94,1.6,open-meteo
2025-07-20,대구,143,26.9,30.7,22.4,0.5,84,1.6,open-meteo
2025-07-21,대구,143,27.2,30.6,24.0,2.6,87,1.6,open-meteo
2025-07-22,대구,143,28.2,32.6,24.2,0.0,81,1.0,open-meteo
2025-07-23,대구,143,29.6,33.9,25.0,0.0,76,0.6,open-meteo
2025-07-24,대구,143,29.4,34.7,23.9,0.0,76,1.1,open-meteo
2025-07-25,대구,143,29.2,34.4,23.9,0.0,72,2.0,open-meteo
2025-07-26,대구,143,30.1,35.2,24.5,0.0,68,2.1,open-meteo
2025-07-27,대구,143,30.8,36.1,25.4,0.1,63,2.1,open-meteo
2025-07-28,대구,143,31.9,38.2,25.3,0.0,56,1.2,open-meteo
2025-07-29,대구,143,31.5,37.6,24.5,0.0,56,1.7,open-meteo
2025-07-30,대구,143,30.3,36.5,23.8,0.0,62,2.3,open-meteo
2025-07-31,대구,143,30.6,37.0,25.1,0.0,66,2.2,open-meteo
2025-08-01,대구,143,31.1,38.5,24.6,0.0,65,1.4,open-meteo
2025-08-02,대구,143,32.2,38.3,26.0,0.4,60,1.1,open-meteo
2025-08-03,대구,143,30.4,34.5,25.4,10.5,72,1.6,open-meteo
2025-08-04,대구,143,28.7,33.7,25.6,18.7,85,3.3,open-meteo
2025-08-05,대구,143,29.0,33.0,25.8,3.5,84,2.2,open-meteo
2025-08-06,대구,143,28.4,32.8,26.3,14.3,83,3.4,open-meteo
2025-08-07,대구,143,28.0,32.1,24.5,1.2,78,3.2,open-meteo
2025-08-08,대구,143,27.1,32.0,22.7,0.0,74,1.2,open-meteo
2025-08-09,대구,143,25.0,28.3,23.5,14.3,91,1.1,open-meteo
2025-08-10,대구,143,25.5,30.9,22.6,12.6,80,2.1,open-meteo
2025-08-11,대구,143,24.6,30.1,21.0,6.8,84,1.9,open-meteo
2025-08-12,대구,143,22.7,25.2,20.4,24.2,92,1.6,open-meteo
2025-08-13,대구,143,27.2,31.1,23.1,3.0,85,2.2,open-meteo
2025-08-14,대구,143,28.9,33.3,25.1,0.0,79,2.3,open-meteo
2025-08-15,대구,143,29.0,33.1,25.0,0.2,80,1.8,open-meteo
2025-08-16,대구,143,29.5,33.9,25.0,0.0,76,1.4,open-meteo
2025-08-17,대구,143,29.4,34.8,23.6,0.0,68,1.7,open-meteo
2025-08-18,대구,143,30.3,35.3,24.7,0.0,66,1.7,open-meteo
2025-08-19,대구,143,30.7,36.1,26.1,0.3,67,2.2,open-meteo
2025-08-20,대구,143,30.9,36.8,25.9,0.0,64,2.1,open-meteo
2025-08-21,대구,143,30.2,35.9,25.5,1.3,69,1.1,open-meteo
2025-08-22,대구,143,30.6,37.6,25.8,2.5,70,1.0,open-meteo
2025-08-23,대구,143,32.3,39.0,26.0,0.0,56,2.0,open-meteo
2025-08-24,대구,143,32.2,37.7,26.5,0.3,63,1.1,open-meteo
2025-08-25,대구,143,31.4,37.4,26.8,0.7,65,2.1,open-meteo
2025-08-26,대구,143,30.5,34.9,26.5,1.2,67,3.4,open-meteo
2025-08-27,대구,143,29.6,36.8,24.4,0.0,63,2.4,open-meteo
2025-08-28,대구,143,29.3,34.9,24.1,0.8,67,2.2,open-meteo
2025-08-29,대구,143,31.5,37.6,25.4,0.1,60,2.4,open-meteo
2025-08-30,대구,143,32.2,37.9,26.0,0.0,57,1.4,open-meteo
2025-08-31,대구,143,28.7,33.6,25.5,10.8,75,1.7,open-meteo
2025-09-01,대구,143,27.4,31.2,24.5,25.0,83,2.6,open-meteo
2025-09-02,대구,143,27.1,31.3,24.6,1.1,80,2.0,open-meteo
2025-09-03,대구,143,27.2,32.3,23.2,1.3,77,2.4,open-meteo
2025-09-04,대구,143,26.9,33.2,23.1,4.8,79,2.6,open-meteo
2025-09-05,대구,143,27.9,33.6,23.5,2.2,75,1.0,open-meteo
2025-09-06,대구,143,29.0,34.6,24.4,1.2,72,2.7,open-meteo
2025-09-07,대구,143,27.6,30.7,25.5,5.1,83,2.5,open-meteo
2025-09-08,대구,143,24.8,28.9,20.9,0.0,71,1.1,open-meteo
2025-09-09,대구,143,22.6,26.8,20.7,10.5,84,1.2,open-meteo
2025-09-10,대구,143,22.9,26.2,20.6,11.9,88,1.6,open-meteo
2025-09-11,대구,143,23.2,27.9,18.3,0.2,81,3.0,open-meteo
2025-09-12,대구,143,23.2,26.1,21.1,8.8,87,2.9,open-meteo
2025-09-13,대구,143,25.1,29.9,20.9,13.0,92,2.8,open-meteo
2025-09-14,대구,143,24.3,28.5,21.0,1.8,84,1.6,open-meteo
2025-09-15,대구,143,25.9,30.3,22.2,0.3,84,0.8,open-meteo
2025-09-16,대구,143,27.0,31.8,23.2,1.5,85,1.7,open-meteo
2025-09-17,대구,143,26.2,31.3,23.7,2.7,87,2.1,open-meteo
2025-09-18,대구,143,22.0,23.9,19.7,1.0,82,2.7,open-meteo
2025-09-19,대구,143,21.3,24.8,19.5,0.2,73,3.0,open-meteo
2025-09-20,대구,143,21.9,25.5,18.9,10.6,85,3.1,open-meteo
2025-09-21,대구,143,20.8,25.1,17.4,0.4,79,2.4,open-meteo
2025-09-22,대구,143,20.1,23.8,17.3,0.0,73,2.9,open-meteo
2025-09-23,대구,143,20.9,25.7,17.7,0.0,71,2.5,open-meteo
2025-09-24,대구,143,23.9,28.7,19.5,0.6,83,2.1,open-meteo
2025-09-25,대구,143,23.5,24.5,22.4,12.6,96,1.1,open-meteo
2025-09-26,대구,143,23.1,27.5,19.7,0.0,80,1.6,open-meteo
2025-09-27,대구,143,22.5,27.5,19.1,0.1,77,2.9,open-meteo
2025-09-28,대구,143,22.1,25.0,19.2,4.5,87,2.6,open-meteo
2025-09-29,대구,143,21.0,25.5,18.5,0.0,77,2.3,open-meteo
2025-09-30,대구,143,19.8,23.8,16.0,2.1,84,1.2,open-meteo
2025-10-01,대구,143,20.6,26.7,15.3,0.6,76,1.5,open-meteo
2025-10-02,대구,143,21.0,25.8,17.5,0.0,77,1.4,open-meteo
2025-10-03,대구,143,19.3,20.7,18.3,14.3,94,3.3,open-meteo
2025-10-04,대구,143,20.9,23.2,19.0,2.4,94,1.8,open-meteo
2025-10-05,대구,143,22.5,26.4,19.6,0.6,87,1.4,open-meteo
2025-10-06,대구,143,20.6,21.4,19.9,4.1,95,3.4,open-meteo
2025-10-07,대구,143,21.2,23.5,19.1,6.1,92,3.2,open-meteo
2025-10-08,대구,143,21.5,24.4,19.7,0.2,88,2.2,open-meteo
2025-10-09,대구,143,20.1,23.0,17.7,0.0,80,3.3,open-meteo
2025-10-10,대구,143,20.0,25.2,16.0,0.0,81,2.1,open-meteo
2025-10-11,대구,143,22.1,27.7,17.2,0.1,82,1.1,open-meteo
2025-10-12,대구,143,20.3,22.9,18.7,2.6,91,1.9,open-meteo
2025-10-13,대구,143,18.6,20.6,16.5,6.6,93,3.5,open-meteo
2025-10-14,대구,143,18.6,20.7,16.5,10.7,91,1.9,open-meteo
2025-10-15,대구,143,19.8,23.5,17.4,0.0,83,3.0,open-meteo
2025-10-16,대구,143,20.0,23.5,17.5,13.5,90,1.8,open-meteo
2025-10-17,대구,143,19.6,23.9,16.8,0.1,83,2.9,open-meteo
2025-10-18,대구,143,18.5,19.9,16.5,8.5,93,1.8,open-meteo
2025-10-19,대구,143,17.8,20.7,15.6,0.1,83,2.6,open-meteo
2025-10-20,대구,143,13.9,18.2,9.5,0.3,80,2.5,open-meteo
2025-10-21,대구,143,14.1,17.2,10.6,0.8,89,1.0,open-meteo
2025-10-22,대구,143,15.2,18.3,12.7,2.1,86,2.4,open-meteo
2025-10-23,대구,143,14.9,18.9,11.3,0.7,88,1.8,open-meteo
2025-10-24,대구,143,14.7,18.8,11.7,0.9,89,2.2,open-meteo
2025-10-25,대구,143,16.3,21.3,12.6,0.5,83,1.1,open-meteo
2025-10-26,대구,143,14.3,18.2,11.7,2.3,72,2.3,open-meteo
2025-10-27,대구,143,9.5,12.0,6.9,0.0,57,4.4,open-meteo
2025-10-28,대구,143,8.0,13.4,3.8,0.0,59,2.2,open-meteo
2025-10-29,대구,143,9.2,15.9,2.6,0.0,67,1.0,open-meteo
2025-10-30,대구,143,10.6,16.7,5.0,0.0,76,0.6,open-meteo
2025-10-31,대구,143,12.3,18.8,6.6,0.0,75,1.1,open-meteo
2025-11-01,대구,143,13.1,17.6,9.7,0.1,71,3.5,open-meteo
2025-11-02,대구,143,11.1,15.2,7.6,0.3,63,4.3,open-meteo
2025-11-03,대구,143,8.8,15.2,2.1,0.0,61,2.2,open-meteo
2025-11-04,대구,143,11.6,18.2,5.6,0.0,72,0.9,open-meteo
2025-11-05,대구,143,12.5,19.1,7.0,0.0,73,0.6,open-meteo
2025-11-06,대구,143,13.1,19.7,6.8,0.0,80,1.3,open-meteo
2025-11-07,대구,143,13.9,19.7,8.5,0.0,75,1.9,open-meteo
2025-11-08,대구,143,13.1,17.0,9.6,2.9,83,1.1,open-meteo
2025-11-09,대구,143,14.4,18.4,12.1,10.5,73,2.8,open-meteo
2025-11-10,대구,143,10.2,14.1,6.5,0.0,45,3.9,open-meteo
2025-11-11,대구,143,8.7,14.8,4.4,0.0,52,1.6,open-meteo
2025-11-12,대구,143,9.5,16.0,3.5,0.0,67,0.7,open-meteo
2025-11-13,대구,143,11.5,17.4,5.7,0.0,60,2.2,open-meteo
2025-11-14,대구,143,10.0,15.7,4.7,0.0,57,2.2,open-meteo
2025-11-15,대구,143,9.9,16.9,3.9,0.0,57,0.6,open-meteo
2025-11-16,대구,143,11.1,18.5,4.7,0.0,66,1.0,open-meteo
2025-11-17,대구,143,7.1,10.4,2.7,0.0,48,5.0,open-meteo
2025-11-18,대구,143,3.0,7.4,-1.0,0.0,48,4.2,open-meteo
2025-11-19,대구,143,4.6,9.3,1.6,0.0,49,2.4,open-meteo
2025-11-20,대구,143,7.8,15.7,1.6,0.0,59,3.3,open-meteo
2025-11-21,대구,143,7.9,12.6,3.3,0.0,47,3.6,open-meteo
2025-11-22,대구,143,8.3,14.7,2.3,0.0,59,1.5,open-meteo
2025-11-23,대구,143,8.9,15.2,3.0,0.0,63,1.2,open-meteo
2025-11-24,대구,143,12.0,18.2,6.8,0.0,61,1.2,open-meteo
2025-11-25,대구,143,8.1,11.8,5.6,0.6,72,3.0,open-meteo
2025-11-26,대구,143,7.5,12.9,3.4,0.0,67,2.0,open-meteo
2025-11-27,대구,143,7.3,12.9,3.2,1.9,69,3.3,open-meteo
2025-11-28,대구,143,4.9,9.0,1.3,0.0,46,3.7,open-meteo
2025-11-29,대구,143,4.9,12.7,-1.7,0.0,60,1.1,open-meteo
2025-11-30,대구,143,10.9,18.2,4.4,0.0,78,1.6,open-meteo
2025-12-01,대구,143,9.6,13.2,5.1,0.0,53,3.0,open-meteo
2025-12-02,대구,143,4.3,8.7,0.5,0.0,40,3.8,open-meteo
2025-12-03,대구,143,-1.9,1.8,-5.9,0.0,42,5.0,open-meteo
2025-12-04,대구,143,-1.6,3.4,-4.6,0.1,54,3.2,open-meteo
2025-12-05,대구,143,-0.3,4.1,-4.6,0.1,45,3.9,open-meteo
2025-12-06,대구,143,1.4,8.0,-4.3,0.0,56,1.4,open-meteo
2025-12-07,대구,143,7.5,15.0,1.1,0.0,75,1.8,open-meteo
2025-12-08,대구,143,6.8,9.4,1.8,0.0,34,3.8,open-meteo
2025-12-09,대구,143,2.7,7.9,-1.3,0.0,50,2.8,open-meteo
2025-12-10,대구,143,4.0,10.1,-0.8,0.0,62,0.7,open-meteo
2025-12-11,대구,143,7.2,13.2,2.3,1.4,65,2.8,open-meteo
2025-12-12,대구,143,3.2,6.7,-0.5,0.0,67,2.1,open-meteo
2025-12-13,대구,143,3.2,7.4,0.2,8.0,90,1.8,open-meteo
2025-12-14,대구,143,1.8,4.0,-1.0,0.0,72,4.8,open-meteo
2025-12-15,대구,143,2.1,7.3,-1.2,0.0,71,2.2,open-meteo
2025-12-16,대구,143,3.5,9.7,-2.0,0.1,81,0.5,open-meteo
2025-12-17,대구,143,6.1,9.5,1.9,0.0,71,2.8,open-meteo
2025-12-18,대구,143,3.3,9.2,-0.4,0.0,65,1.1,open-meteo
2025-12-19,대구,143,5.6,12.5,0.6,0.0,69,0.5,open-meteo
2025-12-20,대구,143,9.0,15.9,4.5,0.1,91,1.6,open-meteo
2025-12-21,대구,143,1.6,7.2,-2.4,0.2,41,4.4,open-meteo
2025-12-22,대구,143,0.5,7.4,-4.6,0.0,57,1.1,open-meteo
2025-12-23,대구,143,3.2,8.8,-1.2,1.5,78,0.7,open-meteo
2025-12-24,대구,143,5.5,9.7,3.6,4.3,87,2.0,open-meteo
2025-12-25,대구,143,-0.2,3.3,-5.5,0.0,61,5.1,open-meteo
2025-12-26,대구,143,-5.8,-2.0,-9.5,0.0,31,4.6,open-meteo
2025-12-27,대구,143,-1.3,4.2,-6.0,0.0,54,2.4,open-meteo
2025-12-28,대구,143,2.4,6.4,-0.6,0.0,75,1.1,open-meteo
2025-12-29,대구,143,5.1,10.9,0.7,0.0,78,2.1,open-meteo
2025-12-30,대구,143,1.8,5.8,-1.9,0.0,53,3.0,open-meteo
2025-12-31,대구,143,-2.1,0.1,-5.3,0.0,38,3.9,open-meteo
2025-01-01,인천,112,1.4,7.4,-3.1,0.0,67,2.7,open-meteo
2025-01-02,인천,112,-0.6,4.6,-3.3,0.0,50,2.6,open-meteo
2025-01-03,인천,112,-2.0,1.4,-5.2,0.0,50,2.6,open-meteo
2025-01-04,인천,112,-1.3,3.3,-4.8,0.0,56,1.4,open-meteo
2025-01-05,인천,112,1.0,3.3,-0.8,6.8,86,3.6,open-meteo
2025-01-06,인천,112,-1.2,1.8,-4.1,3.2,81,3.4,open-meteo
2025-01-07,인천,112,-3.9,0.4,-8.9,0.0,54,2.8,open-meteo
2025-01-08,인천,112,-3.8,0.3,-6.1,0.0,54,2.7,open-meteo
2025-01-09,인천,112,-9.9,-6.8,-11.6,0.0,34,5.2,open-meteo
2025-01-10,인천,112,-7.5,-1.9,-11.3,0.0,46,2.3,open-meteo
2025-01-11,인천,112,-5.6,-1.8,-9.6,0.0,58,1.5,open-meteo
2025-01-12,인천,112,-3.6,1.3,-7.7,0.0,60,1.3,open-meteo
2025-01-13,인천,112,-0.3,3.9,-4.4,0.6,71,2.4,open-meteo
2025-01-14,인천,112,1.8,5.8,-2.0,0.1,73,3.0,open-meteo
2025-01-15,인천,112,-3.7,-1.9,-5.5,0.0,45,3.9,open-meteo
2025-01-16,인천,112,-0.7,3.1,-4.6,0.0,64,2.8,open-meteo
2025-01-17,인천,112,-2.3,3.1,-6.7,0.0,59,1.7,open-meteo
2025-01-18,인천,112,-0.6,4.7,-3.7,0.0,67,0.8,open-meteo
2025-01-19,인천,112,1.9,6.7,-1.7,0.0,76,2.4,open-meteo
2025-01-20,인천,112,2.0,5.7,-0.6,0.0,85,1.4,open-meteo
2025-01-21,인천,112,0.1,5.0,-3.4,0.0,88,1.2,open-meteo
2025-01-22,인천,112,1.0,4.7,-0.7,0.0,86,2.0,open-meteo
2025-01-23,인천,112,-0.6,5.0,-3.9,0.0,66,1.8,open-meteo
2025-01-24,인천,112,0.3,7.3,-3.9,0.0,57,2.2,open-meteo
2025-01-25,인천,112,2.3,8.4,-2.0,0.0,64,2.7,open-meteo
2025-01-26,인천,112,2.7,6.3,0.2,0.1,65,2.6,open-meteo
2025-01-27,인천,112,-0.2,2.3,-3.2,6.3,78,4.8,open-meteo
2025-01-28,인천,112,-4.1,-3.2,-5.0,0.1,77,5.3,open-meteo
2025-01-29,인천,112,-5.5,-3.4,-7.9,0.0,71,4.4,open-meteo
2025-01-30,인천,112,-4.6,-0.9,-8.1,0.0,43,2.1,open-meteo
2025-01-31,인천,112,-1.8,-0.5,-3.1,2.9,68,1.9,open-meteo
2025-02-01,인천,112,-0.2,6.4,-4.6,0.0,68,2.6,open-meteo
2025-02-02,인천,112,-0.3,5.6,-4.1,0.0,74,2.6,open-meteo
2025-02-03,인천,112,-4.8,-0.4,-8.4,0.0,54,5.2,open-meteo
2025-02-04,인천,112,-9.4,-6.1,-12.6,0.0,46,5.0,open-meteo
2025-02-05,인천,112,-8.4,-4.1,-11.5,0.0,43,3.8,open-meteo
2025-02-06,인천,112,-5.7,-0.7,-10.8,1.5,54,2.6,open-meteo
2025-02-07,인천,112,-8.6,-6.0,-10.8,1.0,59,5.4,open-meteo
2025-02-08,인천,112,-7.8,-3.2,-11.3,0.0,53,4.0,open-meteo
2025-02-09,인천,112,-5.2,-0.7,-9.1,0.0,64,2.4,open-meteo
2025-02-10,인천,112,-3.1,0.9,-6.0,0.4,63,1.7,open-meteo
2025-02-11,인천,112,-1.2,5.4,-6.9,0.0,65,1.8,open-meteo
2025-02-12,인천,112,0.3,3.0,-3.2,3.0,74,3.2,open-meteo
2025-02-13,인천,112,-0.3,4.5,-5.3,0.0,57,3.4,open-meteo
2025-02-14,인천,112,2.4,7.3,-1.0,0.0,81,2.1,open-meteo
2025-02-15,인천,112,1.5,6.7,-2.8,0.0,86,1.9,open-meteo
2025-02-16,인천,112,2.7,8.2,-0.5,0.0,83,3.6,open-meteo
2025-02-17,인천,112,-1.1,2.1,-3.6,0.0,42,5.1,open-meteo
2025-02-18,인천,112,-2.4,1.4,-4.5,0.0,40,4.7,open-meteo
2025-02-19,인천,112,-3.2,0.6,-6.1,0.0,43,4.4,open-meteo
2025-02-20,인천,112,-2.8,1.4,-5.5,0.0,41,3.8,open-meteo
2025-02-21,인천,112,-2.5,1.4,-5.4,0.0,42,3.6,open-meteo
2025-02-22,인천,112,-2.6,0.7,-5.4,0.0,42,3.7,open-meteo
2025-02-23,인천,112,-3.2,0.3,-5.4,0.0,39,4.6,open-meteo
2025-02-24,인천,112,-1.3,2.7,-4.9,0.0,50,3.7,open-meteo
2025-02-25,인천,112,2.2,5.6,-1.5,0.0,72,3.9,open-meteo
2025-02-26,인천,112,1.9,6.6,-2.2,0.0,63,3.2,open-meteo
2025-02-27,인천,112,3.3,10.8,-1.8,0.0,51,2.1,open-meteo
2025-02-28,인천,112,4.6,9.6,1.4,0.0,73,1.1,open-meteo
2025-03-01,인천,112,4.4,10.2,-0.7,1.9,84,1.7,open-meteo
2025-03-02,인천,112,6.2,13.0,2.3,16.6,78,4.1,open-meteo
2025-03-03,인천,112,2.2,5.8,0.0,13.2,69,5.9,open-meteo
2025-03-04,인천,112,1.5,3.4,0.2,3.5,73,4.3,open-meteo
2025-03-05,인천,112,2.9,6.6,0.6,0.0,74,2.9,open-meteo
2025-03-06,인천,112,3.2,8.9,-1.5,0.0,65,2.9,open-meteo
2025-03-07,인천,112,2.4,8.2,-2.9,0.0,68,1.3,open-meteo
2025-03-08,인천,112,4.2,8.2,0.9,0.0,70,1.9,open-meteo
2025-03-09,인천,112,3.4,10.1,-1.6,0.0,86,1.0,open-meteo
2025-03-10,인천,112,4.1,11.9,-1.9,0.0,81,1.6,open-meteo
2025-03-11,인천,112,5.8,13.1,-0.7,0.0,78,1.0,open-meteo
2025-03-12,인천,112,6.0,9.9,2.9,0.0,86,2.4,open-meteo
2025-03-13,인천,112,7.0,13.9,0.8,0.0,58,2.2,open-meteo
2025-03-14,인천,112,9.6,17.2,2.6,0.0,43,2.8,open-meteo
2025-03-15,인천,112,10.0,15.5,6.6,0.4,57,2.9,open-meteo
2025-03-16,인천,112,4.5,7.6,0.9,0.8,60,5.0,open-meteo
2025-03-17,인천,112,1.3,4.3,-2.6,1.0,49,3.6,open-meteo
2025-03-18,인천,112,0.7,3.0,-1.2,1.9,76,4.7,open-meteo
2025-03-19,인천,112,1.0,5.0,-3.6,0.0,56,2.7,open-meteo
2025-03-20,인천,112,5.4,11.8,-0.2,0.0,77,3.8,open-meteo
2025-03-21,인천,112,8.0,13.5,4.1,0.0,77,3.7,open-meteo
2025-03-22,인천,112,9.3,15.1,5.5,0.0,71,3.7,open-meteo
2025-03-23,인천,112,11.1,19.9,5.2,0.0,70,2.8,open-meteo
2025-03-24,인천,112,11.2,16.1,7.8,0.5,74,3.6,open-meteo
2025-03-25,인천,112,9.2,18.2,5.4,0.0,79,4.2,open-meteo
2025-03-26,인천,112,12.1,21.5,3.9,0.0,65,2.5,open-meteo
2025-03-27,인천,112,12.1,19.3,6.8,2.3,72,4.1,open-meteo
2025-03-28,인천,112,5.8,10.4,2.3,0.0,43,5.4,open-meteo
2025-03-29,인천,112,2.1,6.0,-1.6,1.9,52,4.1,open-meteo
2025-03-30,인천,112,2.6,6.6,-1.9,0.3,58,3.5,open-meteo
2025-03-31,인천,112,5.4,10.9,-0.3,0.0,69,2.3,open-meteo
2025-04-01,인천,112,7.6,13.8,2.3,0.0,69,2.2,open-meteo
2025-04-02,인천,112,6.1,12.0,2.1,0.6,73,1.5,open-meteo
2025-04-03,인천,112,7.1,13.6,1.2,0.0,73,2.0,open-meteo
2025-04-04,인천,112,8.0,12.6,4.5,0.0,74,2.0,open-meteo
2025-04-05,인천,112,7.2,9.5,5.8,13.8,90,1.9,open-meteo
2025-04-06,인천,112,8.3,12.4,4.5,0.0,80,3.2,open-meteo
2025-04-07,인천,112,10.5,17.4,4.3,0.0,68,3.6,open-meteo
2025-04-08,인천,112,11.0,16.0,5.9,0.1,70,3.1,open-meteo
2025-04-09,인천,112,9.7,15.8,5.7,1.2,69,1.8,open-meteo
2025-04-10,인천,112,10.5,16.8,4.9,0.0,72,1.8,open-meteo
2025-04-11,인천,112,12.8,19.6,6.0,0.0,70,1.5,open-meteo
2025-04-12,인천,112,12.5,22.2,1.6,17.9,69,4.4,open-meteo
2025-04-13,인천,112,5.2,7.2,1.2,6.5,70,6.2,open-meteo
2025-04-14,인천,112,5.0,7.7,3.3,17.2,84,3.7,open-meteo
2025-04-15,인천,112,6.6,11.6,0.9,0.0,80,3.2,open-meteo
2025-04-16,인천,112,12.1,20.1,5.1,0.0,74,3.3,open-meteo
2025-04-17,인천,112,16.4,21.5,13.1,0.4,77,5.1,open-meteo
2025-04-18,인천,112,14.1,18.9,10.8,0.0,86,2.5,open-meteo
2025-04-19,인천,112,11.9,15.1,9.9,41.7,98,3.4,open-meteo
2025-04-20,인천,112,14.0,21.8,8.9,0.0,81,1.9,open-meteo
2025-04-21,인천,112,17.4,24.2,12.3,0.2,79,2.4,open-meteo
2025-04-22,인천,112,15.8,18.0,13.8,31.0,94,2.2,open-meteo
2025-04-23,인천,112,14.4,20.8,9.0,0.0,74,2.5,open-meteo
2025-04-24,인천,112,12.2,16.5,8.8,0.0,71,3.6,open-meteo
2025-04-25,인천,112,11.0,15.4,6.8,0.0,53,4.4,open-meteo
2025-04-26,인천,112,11.4,15.3,7.1,0.0,70,3.6,open-meteo
2025-04-27,인천,112,12.3,15.8,9.3,0.0,68,3.9,open-meteo
2025-04-28,인천,112,12.9,18.6,7.5,0.0,63,2.9,open-meteo
2025-04-29,인천,112,12.0,17.5,6.3,0.0,55,2.4,open-meteo
2025-04-30,인천,112,15.8,22.8,9.2,0.0,47,4.1,open-meteo
2025-05-01,인천,112,13.4,14.9,10.8,15.3,77,4.4,open-meteo
2025-05-02,인천,112,12.3,17.0,8.0,0.0,67,4.1,open-meteo
2025-05-03,인천,112,10.9,13.1,9.4,8.5,82,2.9,open-meteo
2025-05-04,인천,112,12.6,16.9,9.3,0.0,69,4.2,open-meteo
2025-05-05,인천,112,11.1,13.8,7.5,0.7,74,2.2,open-meteo
2025-05-06,인천,112,12.6,18.5,6.6,0.0,68,2.6,open-meteo
2025-05-07,인천,112,12.6,17.3,8.4,0.0,74,2.1,open-meteo
2025-05-08,인천,112,14.7,22.4,7.7,0.0,70,1.5,open-meteo
2025-05-09,인천,112,14.4,15.3,13.5,27.2,84,3.5,open-meteo
2025-05-10,인천,112,12.7,14.9,11.5,6.5,92,4.9,open-meteo
2025-05-11,인천,112,13.4,17.9,10.1,0.0,84,2.5,open-meteo
2025-05-12,인천,112,15.2,20.4,9.7,0.0,73,2.9,open-meteo
2025-05-13,인천,112,17.7,22.4,13.7,0.0,65,3.5,open-meteo
2025-05-14,인천,112,18.7,24.5,13.4,0.5,62,3.6,open-meteo
2025-05-15,인천,112,17.0,21.5,14.5,3.5,86,3.0,open-meteo
2025-05-16,인천,112,18.3,22.4,14.6,16.0,93,2.2,open-meteo
2025-05-17,인천,112,16.8,22.1,13.9,1.7,90,3.2,open-meteo
2025-05-18,인천,112,14.1,19.2,9.9,0.0,67,2.5,open-meteo
2025-05-19,인천,112,14.9,18.9,10.0,0.2,75,3.9,open-meteo
2025-05-20,인천,112,19.6,23.8,15.7,0.0,89,4.8,open-meteo
2025-05-21,인천,112,22.3,28.6,18.3,0.2,84,2.1,open-meteo
2025-05-22,인천,112,22.1,27.8,15.9,3.2,70,2.8,open-meteo
2025-05-23,인천,112,19.9,24.2,15.7,0.6,54,3.1,open-meteo
2025-05-24,인천,112,16.2,18.9,14.3,1.0,66,3.0,open-meteo
2025-05-25,인천,112,15.9,20.2,10.7,0.0,71,2.1,open-meteo
2025-05-26,인천,112,18.0,25.4,12.3,0.0,67,1.6,open-meteo
2025-05-27,인천,112,18.3,24.6,13.3,0.0,71,2.2,open-meteo
2025-05-28,인천,112,19.2,24.8,13.3,0.7,70,1.2,open-meteo
2025-05-29,인천,112,20.3,25.8,14.7,0.2,62,1.8,open-meteo
2025-05-30,인천,112,22.1,29.0,15.2,0.0,52,1.7,open-meteo
2025-05-31,인천,112,20.0,24.9,15.7,0.0,60,1.9,open-meteo
2025-06-01,인천,112,20.2,26.0,14.9,0.0,67,1.9,open-meteo
2025-06-02,인천,112,19.3,24.3,16.7,0.8,63,1.4,open-meteo
2025-06-03,인천,112,19.7,23.5,16.5,0.0,60,3.7,open-meteo
2025-06-04,인천,112,19.9,24.1,15.5,0.0,56,4.7,open-meteo
2025-06-05,인천,112,20.5,25.8,14.8,0.0,54,3.0,open-meteo
2025-06-06,인천,112,22.3,28.1,18.3,0.0,47,4.1,open-meteo
2025-06-07,인천,112,21.6,26.0,18.3,0.1,68,2.7,open-meteo
2025-06-08,인천,112,22.9,29.1,18.8,0.7,77,1.8,open-meteo
2025-06-09,인천,112,21.2,26.8,17.9,0.0,79,2.5,open-meteo
2025-06-10,인천,112,20.2,24.0,17.9,3.8,76,3.1,open-meteo
2025-06-11,인천,112,20.9,25.5,15.6,0.0,61,2.6,open-meteo
2025-06-12,인천,112,23.8,31.5,16.7,0.0,59,1.8,open-meteo
2025-06-13,인천,112,22.2,26.6,18.4,1.5,67,2.1,open-meteo
2025-06-14,인천,112,23.5,30.6,19.3,0.0,73,2.4,open-meteo
2025-06-15,인천,112,23.7,30.9,18.1,8.8,76,3.4,open-meteo
2025-06-16,인천,112,22.0,25.4,20.0,6.8,90,4.2,open-meteo
2025-06-17,인천,112,22.8,26.5,20.0,0.0,82,3.3,open-meteo
2025-06-18,인천,112,22.8,27.0,19.3,0.0,75,2.1,open-meteo
2025-06-19,인천,112,25.8,32.4,20.0,2.1,65,2.4,open-meteo
2025-06-20,인천,112,22.7,24.2,21.1,57.4,95,6.7,open-meteo
2025-06-21,인천,112,20.7,22.7,19.0,1.5,92,2.3,open-meteo
2025-06-22,인천,112,20.9,24.5,17.2,0.0,82,2.5,open-meteo
2025-06-23,인천,112,22.9,28.1,17.8,0.0,83,1.5,open-meteo
2025-06-24,인천,112,24.3,27.4,22.0,0.4,75,2.1,open-meteo
2025-06-25,인천,112,21.1,22.9,19.6,15.2,87,2.2,open-meteo
2025-06-26,인천,112,21.5,23.9,19.5,0.3,87,1.9,open-meteo
2025-06-27,인천,112,23.2,28.2,19.3,0.3,84,1.0,open-meteo
2025-06-28,인천,112,24.2,27.6,22.1,6.4,91,2.4,open-meteo
2025-06-29,인천,112,25.0,28.0,22.8,0.7,90,3.1,open-meteo
2025-06-30,인천,112,25.6,28.5,23.8,1.2,90,3.1,open-meteo
2025-07-01,인천,112,25.9,28.7,24.1,1.6,91,3.4,open-meteo
2025-07-02,인천,112,25.5,27.9,24.2,0.8,93,3.6,open-meteo
2025-07-03,인천,112,25.9,29.1,24.1,0.2,90,3.5,open-meteo
2025-07-04,인천,112,25.9,28.9,24.2,0.6,86,4.2,open-meteo
2025-07-05,인천,112,26.3,29.2,24.4,0.9,86,3.9,open-meteo
2025-07-06,인천,112,26.7,30.6,24.7,0.5,87,3.1,open-meteo
2025-07-07,인천,112,26.8,32.0,23.9,0.2,89,2.2,open-meteo
2025-07-08,인천,112,30.3,36.5,24.8,0.6,74,1.1,open-meteo
2025-07-09,인천,112,31.5,36.5,26.7,0.2,63,1.4,open-meteo
2025-07-10,인천,112,32.0,38.3,26.2,0.0,44,3.0,open-meteo
2025-07-11,인천,112,30.7,37.4,23.6,0.0,43,3.5,open-meteo
2025-07-12,인천,112,30.4,36.9,24.2,0.0,46,2.4,open-meteo
2025-07-13,인천,112,26.5,30.3,24.4,0.6,71,1.4,open-meteo
2025-07-14,인천,112,23.8,29.4,21.5,19.5,82,2.6,open-meteo
2025-07-15,인천,112,22.6,25.2,21.3,16.3,88,2.4,open-meteo
2025-07-16,인천,112,22.9,25.4,20.9,61.2,91,4.3,open-meteo
2025-07-17,인천,112,23.9,26.5,22.1,13.6,91,4.8,open-meteo
2025-07-18,인천,112,24.0,26.8,22.5,53.2,93,3.0,open-meteo
2025-07-19,인천,112,24.1,27.9,21.9,37.9,92,4.0,open-meteo
2025-07-20,인천,112,26.3,29.9,23.4,37.1,88,3.9,open-meteo
2025-07-21,인천,112,26.6,29.5,24.7,1.0,87,3.2,open-meteo
2025-07-22,인천,112,26.7,29.8,23.8,5.5,88,2.2,open-meteo
2025-07-23,인천,112,26.9,30.8,24.1,0.0,85,1.2,open-meteo
2025-07-24,인천,112,27.2,31.6,23.5,0.0,82,1.3,open-meteo
2025-07-25,인천,112,28.7,34.0,23.7,0.0,76,1.4,open-meteo
2025-07-26,인천,112,29.8,35.2,25.7,0.0,73,1.6,open-meteo
2025-07-27,인천,112,30.6,35.5,26.8,0.0,67,2.0,open-meteo
2025-07-28,인천,112,30.4,35.7,26.0,0.0,68,1.8,open-meteo
2025-07-29,인천,112,30.8,36.5,25.5,0.0,61,1.6,open-meteo
2025-07-30,인천,112,30.7,35.9,26.2,0.9,66,1.6,open-meteo
2025-07-31,인천,112,30.3,33.6,27.1,0.0,64,2.4,open-meteo
2025-08-01,인천,112,30.5,34.8,27.3,0.1,64,1.7,open-meteo
2025-08-02,인천,112,30.0,34.8,26.2,0.0,69,1.8,open-meteo
2025-08-03,인천,112,29.5,33.9,25.5,1.8,68,2.1,open-meteo
2025-08-04,인천,112,26.8,31.7,22.7,6.3,78,2.5,open-meteo
2025-08-05,인천,112,26.8,29.7,24.2,0.0,84,2.3,open-meteo
2025-08-06,인천,112,26.4,28.8,25.2,10.0,90,4.2,open-meteo
2025-08-07,인천,112,26.7,29.6,24.3,0.1,80,2.9,open-meteo
2025-08-08,인천,112,25.4,28.8,22.1,0.0,82,1.6,open-meteo
2025-08-09,인천,112,24.5,26.9,22.8,8.4,86,1.2,open-meteo
2025-08-10,인천,112,25.3,30.6,20.7,0.0,79,2.0,open-meteo
2025-08-11,인천,112,25.1,28.0,23.0,0.6,87,1.5,open-meteo
2025-08-12,인천,112,26.3,32.2,21.6,0.0,79,1.5,open-meteo
2025-08-13,인천,112,25.1,27.8,23.3,59.8,92,4.4,open-meteo
2025-08-14,인천,112,25.2,27.5,23.8,33.4,91,2.9,open-meteo
2025-08-15,인천,112,26.3,30.1,23.6,0.9,89,1.7,open-meteo
2025-08-16,인천,112,26.9,29.7,24.8,0.7,88,2.6,open-meteo
2025-08-17,인천,112,26.9,29.6,24.5,1.7,85,2.5,open-meteo
2025-08-18,인천,112,27.4,30.3,25.2,1.1,86,3.6,open-meteo
2025-08-19,인천,112,27.7,30.0,26.1,2.4,85,3.8,open-meteo
2025-08-20,인천,112,27.7,30.4,25.4,4.3,84,3.0,open-meteo
2025-08-21,인천,112,28.0,31.1,25.6,1.5,85,2.1,open-meteo
2025-08-22,인천,112,27.8,30.7,25.1,0.0,84,2.2,open-meteo
2025-08-23,인천,112,28.4,32.1,25.0,0.2,81,2.2,open-meteo
2025-08-24,인천,112,29.2,33.9,25.3,0.1,77,1.6,open-meteo
2025-08-25,인천,112,28.4,32.2,26.0,7.6,82,3.8,open-meteo
2025-08-26,인천,112,26.2,29.0,23.9,24.4,86,3.4,open-meteo
2025-08-27,인천,112,25.5,29.7,22.2,0.0,81,1.2,open-meteo
2025-08-28,인천,112,26.5,29.8,23.7,0.8,82,3.1,open-meteo
2025-08-29,인천,112,27.7,30.1,24.8,14.8,87,4.4,open-meteo
2025-08-30,인천,112,26.9,30.4,23.7,11.1,87,1.8,open-meteo
2025-08-31,인천,112,26.7,29.3,24.9,3.8,87,2.4,open-meteo
2025-09-01,인천,112,25.3,27.3,23.4,34.9,90,3.8,open-meteo
2025-09-02,인천,112,24.5,29.1,20.2,0.0,81,1.7,open-meteo
2025-09-03,인천,112,25.9,30.7,21.3,0.0,79,1.3,open-meteo
2025-09-04,인천,112,25.2,29.1,22.9,20.1,85,2.6,open-meteo
2025-09-05,인천,112,26.5,31.1,22.5,0.1,79,2.0,open-meteo
2025-09-06,인천,112,26.3,29.9,24.2,29.7,89,4.7,open-meteo
2025-09-07,인천,112,24.6,27.3,23.0,0.2,83,2.2,open-meteo
2025-09-08,인천,112,23.3,27.2,19.4,0.5,78,1.2,open-meteo
2025-09-09,인천,112,23.1,26.3,20.7,0.4,81,1.1,open-meteo
2025-09-10,인천,112,23.2,29.0,18.2,0.0,75,1.7,open-meteo
2025-09-11,인천,112,24.1,29.8,18.4,0.0,68,2.2,open-meteo
2025-09-12,인천,112,23.0,26.0,19.9,9.3,78,2.8,open-meteo
2025-09-13,인천,112,23.0,26.8,19.9,62.7,84,2.7,open-meteo
2025-09-14,인천,112,23.5,27.6,19.9,0.0,82,1.5,open-meteo
2025-09-15,인천,112,24.2,28.7,20.1,0.0,83,0.9,open-meteo
2025-09-16,인천,112,23.8,26.8,21.3,14.5,91,2.4,open-meteo
2025-09-17,인천,112,22.3,23.1,20.4,25.1,90,2.9,open-meteo
2025-09-18,인천,112,21.3,25.5,18.0,0.4,79,2.7,open-meteo
2025-09-19,인천,112,19.4,21.1,18.0,17.5,85,2.8,open-meteo
2025-09-20,인천,112,19.3,23.1,17.1,28.4,84,3.1,open-meteo
2025-09-21,인천,112,20.1,25.2,15.7,0.0,74,2.8,open-meteo
2025-09-22,인천,112,20.2,23.8,17.4,0.0,75,2.1,open-meteo
2025-09-23,인천,112,21.0,24.6,18.1,0.0,70,2.3,open-meteo
2025-09-24,인천,112,21.1,23.8,19.2,40.6,85,3.9,open-meteo
2025-09-25,인천,112,21.4,25.8,18.3,0.3,83,1.7,open-meteo
2025-09-26,인천,112,20.6,25.0,16.9,0.0,86,1.7,open-meteo
2025-09-27,인천,112,21.5,26.8,16.3,0.1,85,1.6,open-meteo
2025-09-28,인천,112,20.6,22.9,18.7,20.4,88,2.1,open-meteo
2025-09-29,인천,112,19.3,23.1,16.6,0.0,79,1.4,open-meteo
2025-09-30,인천,112,18.6,22.7,15.6,0.0,85,0.7,open-meteo
2025-10-01,인천,112,19.2,24.0,14.9,0.4,86,1.4,open-meteo
2025-10-02,인천,112,20.5,25.1,16.6,0.0,86,1.0,open-meteo
2025-10-03,인천,112,20.8,24.1,18.7,1.1,81,3.0,open-meteo
2025-10-04,인천,112,21.4,24.0,19.5,0.0,84,1.6,open-meteo
2025-10-05,인천,112,21.0,23.9,19.7,4.7,94,1.1,open-meteo
2025-10-06,인천,112,18.5,20.4,15.9,30.6,92,4.0,open-meteo
2025-10-07,인천,112,18.3,21.6,16.1,10.6,90,3.8,open-meteo
2025-10-08,인천,112,19.9,25.9,15.6,0.0,78,2.9,open-meteo
2025-10-09,인천,112,19.5,21.6,17.1,1.4,79,3.1,open-meteo
2025-10-10,인천,112,18.0,19.7,16.6,17.6,91,3.4,open-meteo
2025-10-11,인천,112,20.9,24.5,18.0,15.3,92,4.5,open-meteo
2025-10-12,인천,112,18.5,22.5,15.8,2.7,87,2.3,open-meteo
2025-10-13,인천,112,16.5,18.3,14.0,18.4,91,3.4,open-meteo
2025-10-14,인천,112,16.9,20.1,14.4,1.2,82,3.0,open-meteo
2025-10-15,인천,112,19.3,24.7,16.1,13.6,81,2.6,open-meteo
2025-10-16,인천,112,19.5,23.6,16.4,4.9,81,3.1,open-meteo
2025-10-17,인천,112,18.6,23.9,15.3,7.1,83,3.0,open-meteo
2025-10-18,인천,112,15.1,17.4,12.0,12.1,84,3.5,open-meteo
2025-10-19,인천,112,13.7,17.9,8.3,0.2,76,2.8,open-meteo
2025-10-20,인천,112,8.5,14.4,4.3,0.0,63,3.9,open-meteo
2025-10-21,인천,112,7.7,13.5,3.2,0.0,63,3.1,open-meteo
2025-10-22,인천,112,10.9,17.7,4.7,0.0,76,2.5,open-meteo
2025-10-23,인천,112,14.0,19.1,10.8,0.7,79,2.4,open-meteo
2025-10-24,인천,112,13.9,19.5,9.9,0.0,77,2.1,open-meteo
2025-10-25,인천,112,13.1,17.2,9.8,0.0,76,2.2,open-meteo
2025-10-26,인천,112,12.3,15.1,10.0,0.7,73,2.0,open-meteo
2025-10-27,인천,112,7.3,10.3,2.8,0.0,50,3.9,open-meteo
2025-10-28,인천,112,6.6,12.0,0.9,0.0,65,1.5,open-meteo
2025-10-29,인천,112,9.9,15.7,5.4,0.0,72,2.1,open-meteo
2025-10-30,인천,112,11.4,16.6,6.9,0.0,76,1.6,open-meteo
2025-10-31,인천,112,13.3,18.8,9.8,0.7,81,2.0,open-meteo
2025-11-01,인천,112,12.3,15.4,9.2,1.2,73,3.1,open-meteo
2025-11-02,인천,112,8.2,10.6,3.0,0.0,60,4.6,open-meteo
2025-11-03,인천,112,4.9,11.5,-0.6,0.0,65,1.7,open-meteo
2025-11-04,인천,112,7.8,13.8,3.1,0.0,77,1.3,open-meteo
2025-11-05,인천,112,9.7,16.2,4.7,0.0,74,1.9,open-meteo
2025-11-06,인천,112,10.7,17.6,5.2,0.0,80,2.1,open-meteo
2025-11-07,인천,112,12.1,18.5,6.8,0.0,76,2.1,open-meteo
2025-11-08,인천,112,13.1,16.2,11.1,0.2,79,2.2,open-meteo
2025-11-09,인천,112,12.2,16.0,8.6,0.1,73,3.4,open-meteo
2025-11-10,인천,112,7.9,10.6,4.9,0.0,40,3.6,open-meteo
2025-11-11,인천,112,7.4,13.4,1.8,0.0,64,1.3,open-meteo
2025-11-12,인천,112,9.3,15.3,3.9,0.0,74,1.4,open-meteo
2025-11-13,인천,112,10.2,16.3,5.8,0.0,68,2.6,open-meteo
2025-11-14,인천,112,7.8,13.2,2.0,0.0,60,2.1,open-meteo
2025-11-15,인천,112,7.7,15.0,1.3,0.0,64,1.1,open-meteo
2025-11-16,인천,112,10.6,16.1,5.1,0.5,66,3.1,open-meteo
2025-11-17,인천,112,3.8,9.6,0.1,0.0,38,5.1,open-meteo
2025-11-18,인천,112,1.3,5.0,-2.5,0.0,49,2.9,open-meteo
2025-11-19,인천,112,1.9,6.8,-2.5,0.0,59,1.3,open-meteo
2025-11-20,인천,112,6.9,13.4,1.5,0.0,61,4.1,open-meteo
2025-11-21,인천,112,6.4,11.2,-0.6,0.0,58,2.9,open-meteo
2025-11-22,인천,112,8.7,13.6,2.7,0.0,68,1.9,open-meteo
2025-11-23,인천,112,10.4,15.0,6.7,0.3,73,3.8,open-meteo
2025-11-24,인천,112,11.4,15.3,9.3,0.7,83,3.6,open-meteo
2025-11-25,인천,112,7.2,8.9,4.5,5.2,77,3.6,open-meteo
2025-11-26,인천,112,5.7,9.2,2.8,0.0,68,1.5,open-meteo
2025-11-27,인천,112,5.5,9.3,2.9,11.2,76,5.2,open-meteo
2025-11-28,인천,112,2.0,5.7,-1.2,0.0,64,1.9,open-meteo
2025-11-29,인천,112,5.3,11.3,-0.7,0.9,68,3.3,open-meteo
2025-11-30,인천,112,11.2,14.9,7.6,0.0,89,3.0,open-meteo
2025-12-01,인천,112,5.1,10.5,1.5,0.0,68,3.5,open-meteo
2025-12-02,인천,112,-0.7,1.7,-5.4,0.0,51,3.7,open-meteo
2025-12-03,인천,112,-6.1,-3.5,-8.0,0.0,40,4.1,open-meteo
2025-12-04,인천,112,-4.0,2.8,-8.8,1.0,56,3.1,open-meteo
2025-12-05,인천,112,-3.4,1.0,-8.3,0.0,58,1.9,open-meteo
2025-12-06,인천,112,2.2,6.3,-1.6,4.1,78,3.9,open-meteo
2025-12-07,인천,112,6.2,11.8,-0.8,0.1,86,3.0,open-meteo
2025-12-08,인천,112,2.4,5.6,-1.1,0.0,59,3.3,open-meteo
2025-12-09,인천,112,1.3,6.5,-2.7,0.0,71,1.5,open-meteo
2025-12-10,인천,112,4.1,8.6,0.0,0.1,82,2.6,open-meteo
2025-12-11,인천,112,3.3,7.3,-3.9,11.6,71,3.8,open-meteo
2025-12-12,인천,112,-0.3,4.8,-4.7,0.0,62,2.6,open-meteo
2025-12-13,인천,112,1.6,3.0,-1.2,7.4,90,2.2,open-meteo
2025-12-14,인천,112,0.1,3.0,-1.9,0.0,73,3.4,open-meteo
2025-12-15,인천,112,0.3,4.7,-3.2,0.0,74,2.0,open-meteo
2025-12-16,인천,112,2.3,5.1,0.2,1.4,93,2.5,open-meteo
2025-12-17,인천,112,2.0,6.1,-0.7,0.0,81,2.5,open-meteo
2025-12-18,인천,112,0.4,5.2,-3.4,0.0,74,1.2,open-meteo
2025-12-19,인천,112,2.8,8.5,-2.2,0.0,77,2.4,open-meteo
2025-12-20,인천,112,6.9,10.5,1.0,2.8,84,3.4,open-meteo
2025-12-21,인천,112,-1.7,0.8,-4.2,0.0,50,3.8,open-meteo
2025-12-22,인천,112,-2.4,2.8,-5.9,0.0,56,1.6,open-meteo
2025-12-23,인천,112,0.7,3.2,-1.3,11.9,77,2.3,open-meteo
2025-12-24,인천,112,0.7,3.8,-2.9,0.0,87,3.0,open-meteo
2025-12-25,인천,112,-4.0,-0.6,-9.0,0.0,62,4.9,open-meteo
2025-12-26,인천,112,-8.4,-5.0,-11.2,0.0,35,3.7,open-meteo
2025-12-27,인천,112,-3.2,2.9,-8.1,0.0,56,1.8,open-meteo
2025-12-28,인천,112,1.6,5.6,-2.4,0.3,88,2.7,open-meteo
2025-12-29,인천,112,3.8,8.2,-1.4,4.2,82,3.2,open-meteo
2025-12-30,인천,112,-1.4,2.3,-4.3,0.0,52,3.0,open-meteo
2025-12-31,인천,112,-5.6,-1.6,-8.0,0.0,43,4.3,open-meteo
2025-01-01,광주,156,1.4,8.1,-2.5,0.0,70,1.2,open-meteo
2025-01-02,광주,156,1.6,7.1,-1.4,0.0,67,1.8,open-meteo
2025-01-03,광주,156,1.2,3.1,-1.1,0.0,60,2.3,open-meteo
2025-01-04,광주,156,2.2,6.3,-1.9,0.0,71,1.7,open-meteo
2025-01-05,광주,156,1.2,5.5,-2.2,2.3,88,1.6,open-meteo
2025-01-06,광주,156,2.0,6.2,-0.7,0.4,81,3.2,open-meteo
2025-01-07,광주,156,-0.6,2.5,-3.2,1.3,74,2.2,open-meteo
2025-01-08,광주,156,-0.4,3.4,-3.9,0.5,81,2.1,open-meteo
2025-01-09,광주,156,-4.9,-1.2,-9.3,0.8,68,3.6,open-meteo
2025-01-10,광주,156,-6.7,-2.5,-11.0,0.0,71,1.9,open-meteo
2025-01-11,광주,156,-1.7,0.9,-3.9,0.0,78,1.1,open-meteo
2025-01-12,광주,156,-0.8,3.1,-3.5,0.0,71,1.6,open-meteo
2025-01-13,광주,156,0.7,4.8,-2.8,0.0,72,1.1,open-meteo
2025-01-14,광주,156,3.2,9.3,-0.4,0.0,71,1.8,open-meteo
2025-01-15,광주,156,-0.8,1.0,-3.2,0.0,68,3.3,open-meteo
2025-01-16,광주,156,0.5,5.7,-2.0,0.0,65,2.1,open-meteo
2025-01-17,광주,156,0.2,4.6,-3.7,0.0,66,1.7,open-meteo
2025-01-18,광주,156,0.7,8.7,-4.2,0.0,59,0.9,open-meteo
2025-01-19,광주,156,1.7,9.2,-3.6,0.0,69,1.0,open-meteo
2025-01-20,광주,156,2.6,7.6,-1.2,0.0,78,1.5,open-meteo
2025-01-21,광주,156,2.1,8.1,-1.7,0.0,76,1.5,open-meteo
2025-01-22,광주,156,2.2,8.7,-2.5,0.0,80,1.2,open-meteo
2025-01-23,광주,156,2.6,10.3,-1.9,0.0,70,1.5,open-meteo
2025-01-24,광주,156,3.1,11.4,-1.6,0.0,54,1.8,open-meteo
2025-01-25,광주,156,3.5,10.4,-1.5,0.0,59,1.7,open-meteo
2025-01-26,광주,156,3.4,7.6,-0.6,0.4,75,1.4,open-meteo
2025-01-27,광주,156,1.4,3.0,-1.2,3.9,73,3.8,open-meteo
2025-01-28,광주,156,-0.3,2.5,-1.6,1.3,65,5.1,open-meteo
2025-01-29,광주,156,-1.4,-0.2,-3.8,1.5,76,3.7,open-meteo
2025-01-30,광주,156,0.2,6.0,-5.0,0.0,69,1.2,open-meteo
2025-01-31,광주,156,1.9,7.1,-2.6,2.8,75,1.7,open-meteo
2025-02-01,광주,156,3.4,6.5,1.4,13.5,95,2.5,open-meteo
2025-02-02,광주,156,2.7,8.8,-1.3,0.0,80,1.8,open-meteo
2025-02-03,광주,156,-0.1,2.8,-3.5,0.1,69,4.7,open-meteo
2025-02-04,광주,156,-4.3,-3.1,-5.5,0.0,72,3.8,open-meteo
2025-02-05,광주,156,-5.6,-2.6,-8.9,0.2,75,1.6,open-meteo
2025-02-06,광주,156,-5.0,-1.1,-10.4,0.1,73,1.3,open-meteo
2025-02-07,광주,156,-4.6,-1.3,-8.8,2.1,74,4.0,open-meteo
2025-02-08,광주,156,-5.4,-3.2,-8.5,0.0,79,2.7,open-meteo
2025-02-09,광주,156,-3.1,-1.0,-5.3,0.0,78,1.8,open-meteo
2025-02-10,광주,156,-1.7,1.2,-5.8,0.3,76,1.5,open-meteo
2025-02-11,광주,156,0.9,9.9,-6.1,0.0,58,1.7,open-meteo
2025-02-12,광주,156,3.5,8.6,0.6,8.7,85,3.5,open-meteo
2025-02-13,광주,156,0.7,5.5,-3.5,0.0,60,2.8,open-meteo
2025-02-14,광주,156,2.0,9.0,-2.6,0.0,66,1.1,open-meteo
2025-02-15,광주,156,1.2,6.1,-3.2,0.0,72,0.7,open-meteo
2025-02-16,광주,156,4.4,11.1,-0.6,0.0,79,2.3,open-meteo
2025-02-17,광주,156,1.1,5.4,-1.6,0.0,56,4.9,open-meteo
2025-02-18,광주,156,-0.2,2.4,-2.6,0.0,54,4.4,open-meteo
2025-02-19,광주,156,-0.4,1.8,-2.3,0.0,60,4.1,open-meteo
2025-02-20,광주,156,-0.8,2.8,-2.6,0.0,54,3.3,open-meteo
2025-02-21,광주,156,-0.9,2.3,-2.5,0.0,56,3.1,open-meteo
2025-02-22,광주,156,-0.6,2.6,-2.9,0.2,63,3.1,open-meteo
2025-02-23,광주,156,-1.1,2.1,-3.0,0.1,57,4.2,open-meteo
2025-02-24,광주,156,-0.2,3.6,-3.0,0.0,60,3.6,open-meteo
2025-02-25,광주,156,1.0,6.9,-4.1,0.0,71,1.7,open-meteo
2025-02-26,광주,156,3.7,9.3,-1.0,0.0,67,2.0,open-meteo
2025-02-27,광주,156,4.7,14.5,-2.6,0.4,46,1.8,open-meteo
2025-02-28,광주,156,8.7,15.3,5.2,0.4,81,1.2,open-meteo
2025-03-01,광주,156,9.7,15.0,3.4,0.4,90,1.9,open-meteo
2025-03-02,광주,156,14.1,19.8,11.1,3.1,89,2.5,open-meteo
2025-03-03,광주,156,7.0,11.1,3.6,16.1,78,3.3,open-meteo
2025-03-04,광주,156,3.8,6.9,2.3,7.3,84,2.6,open-meteo
2025-03-05,광주,156,4.9,7.5,2.6,0.3,83,1.3,open-meteo
2025-03-06,광주,156,4.9,9.3,1.7,0.0,69,3.2,open-meteo
2025-03-07,광주,156,4.1,11.3,-2.6,0.2,71,1.3,open-meteo
2025-03-08,광주,156,5.3,8.2,1.8,0.4,77,1.2,open-meteo
2025-03-09,광주,156,5.3,13.0,-1.7,0.0,69,1.6,open-meteo
2025-03-10,광주,156,6.0,13.2,-0.5,0.0,72,1.3,open-meteo
2025-03-11,광주,156,8.0,16.6,0.8,0.0,68,1.5,open-meteo
2025-03-12,광주,156,8.9,14.8,3.9,0.0,73,1.6,open-meteo
2025-03-13,광주,156,9.6,15.7,5.3,0.0,56,2.9,open-meteo
2025-03-14,광주,156,12.0,19.7,6.6,0.0,48,1.8,open-meteo
2025-03-15,광주,156,8.9,13.0,5.9,5.2,69,2.8,open-meteo
2025-03-16,광주,156,4.1,6.6,0.5,0.3,67,4.6,open-meteo
2025-03-17,광주,156,2.7,6.2,-0.2,0.0,51,3.8,open-meteo
2025-03-18,광주,156,1.9,4.5,0.1,4.2,66,5.6,open-meteo
2025-03-19,광주,156,2.0,5.9,-1.8,0.0,62,2.1,open-meteo
2025-03-20,광주,156,5.8,13.3,-1.2,1.0,74,2.6,open-meteo
2025-03-21,광주,156,10.0,17.8,4.9,0.0,74,2.9,open-meteo
2025-03-22,광주,156,11.1,19.6,5.2,0.0,71,2.5,open-meteo
2025-03-23,광주,156,12.7,21.3,6.0,0.0,63,1.9,open-meteo
2025-03-24,광주,156,13.9,19.9,9.8,0.1,70,3.1,open-meteo
2025-03-25,광주,156,13.2,23.2,5.6,0.0,73,2.8,open-meteo
2025-03-26,광주,156,14.1,23.7,4.6,0.0,64,2.6,open-meteo
2025-03-27,광주,156,14.6,19.3,7.2,0.3,81,3.8,open-meteo
2025-03-28,광주,156,6.2,9.0,4.4,0.4,62,4.4,open-meteo
2025-03-29,광주,156,4.2,8.8,0.5,0.3,58,3.2,open-meteo
2025-03-30,광주,156,3.2,8.7,-2.5,0.0,55,2.4,open-meteo
2025-03-31,광주,156,5.8,12.4,-0.6,0.0,63,1.6,open-meteo
2025-04-01,광주,156,7.3,15.9,-0.8,0.0,64,1.6,open-meteo
2025-04-02,광주,156,7.6,16.4,1.3,0.6,62,1.7,open-meteo
2025-04-03,광주,156,8.9,15.7,4.6,0.0,70,1.5,open-meteo
2025-04-04,광주,156,9.4,17.6,1.6,0.0,67,1.8,open-meteo
2025-04-05,광주,156,9.9,13.5,6.7,4.8,80,3.6,open-meteo
2025-04-06,광주,156,9.3,16.1,3.2,0.0,64,1.8,open-meteo
2025-04-07,광주,156,11.5,20.1,3.1,0.0,55,2.2,open-meteo
2025-04-08,광주,156,13.4,19.8,7.9,0.0,53,3.1,open-meteo
2025-04-09,광주,156,12.1,21.8,3.0,3.2,62,2.0,open-meteo
2025-04-10,광주,156,12.9,18.6,8.3,0.0,67,2.3,open-meteo
2025-04-11,광주,156,13.6,22.4,4.5,0.0,63,1.2,open-meteo
2025-04-12,광주,156,13.3,18.7,4.5,22.9,67,4.4,open-meteo
2025-04-13,광주,156,7.1,11.0,3.0,3.6,60,4.9,open-meteo
2025-04-14,광주,156,7.0,11.9,4.0,7.7,74,4.4,open-meteo
2025-04-15,광주,156,8.4,13.1,4.0,0.0,73,3.3,open-meteo
2025-04-16,광주,156,13.1,21.2,4.3,0.0,73,2.8,open-meteo
2025-04-17,광주,156,18.2,24.1,13.8,0.0,75,4.6,open-meteo
2025-04-18,광주,156,18.7,23.2,14.4,0.1,82,3.4,open-meteo
2025-04-19,광주,156,19.8,24.9,16.8,19.1,80,3.9,open-meteo
2025-04-20,광주,156,18.0,23.6,15.5,2.8,87,1.6,open-meteo
2025-04-21,광주,156,18.7,24.3,13.5,0.0,74,2.5,open-meteo
2025-04-22,광주,156,17.2,19.4,15.7,21.0,90,3.2,open-meteo
2025-04-23,광주,156,16.3,21.5,13.5,0.0,85,2.4,open-meteo
2025-04-24,광주,156,13.7,20.6,9.2,0.0,74,2.2,open-meteo
2025-04-25,광주,156,11.8,16.9,8.1,0.0,46,3.1,open-meteo
2025-04-26,광주,156,12.8,21.8,4.7,0.0,52,1.8,open-meteo
2025-04-27,광주,156,16.1,23.7,9.5,0.0,35,1.5,open-meteo
2025-04-28,광주,156,15.2,21.0,9.6,0.0,47,2.9,open-meteo
2025-04-29,광주,156,14.4,22.5,5.6,0.0,48,1.6,open-meteo
2025-04-30,광주,156,17.7,27.3,8.5,0.0,40,2.7,open-meteo
2025-05-01,광주,156,16.0,20.9,11.8,18.1,82,4.4,open-meteo
2025-05-02,광주,156,13.2,17.9,8.2,0.0,63,2.7,open-meteo
2025-05-03,광주,156,12.2,16.3,8.9,28.9,78,2.4,open-meteo
2025-05-04,광주,156,12.8,19.1,7.2,0.0,65,1.6,open-meteo
2025-05-05,광주,156,11.7,17.5,6.4,2.8,67,1.8,open-meteo
2025-05-06,광주,156,11.7,14.4,9.9,3.3,84,1.9,open-meteo
2025-05-07,광주,156,13.0,20.6,6.0,0.0,69,1.3,open-meteo
2025-05-08,광주,156,15.4,22.6,7.5,0.0,62,2.3,open-meteo
2025-05-09,광주,156,15.7,18.8,13.0,19.8,86,5.2,open-meteo
2025-05-10,광주,156,13.6,15.8,12.0,3.7,82,5.4,open-meteo
2025-05-11,광주,156,14.4,19.9,10.7,0.1,80,2.4,open-meteo
2025-05-12,광주,156,15.6,22.7,8.8,0.0,75,2.1,open-meteo
2025-05-13,광주,156,17.6,24.4,9.4,0.0,67,1.9,open-meteo
2025-05-14,광주,156,18.7,25.3,10.8,0.1,66,2.9,open-meteo
2025-05-15,광주,156,20.0,22.5,18.2,6.4,84,3.1,open-meteo
2025-05-16,광주,156,19.5,23.1,17.4,46.9,91,3.6,open-meteo
2025-05-17,광주,156,19.2,24.7,14.8,2.5,83,2.5,open-meteo
2025-05-18,광주,156,16.2,21.9,11.4,0.0,70,2.3,open-meteo
2025-05-19,광주,156,17.9,23.8,11.5,0.2,77,3.4,open-meteo
2025-05-20,광주,156,22.4,27.8,18.5,0.2,85,3.5,open-meteo
2025-05-21,광주,156,22.8,26.3,19.2,0.0,83,2.5,open-meteo
2025-05-22,광주,156,21.3,26.3,17.4,0.2,84,2.3,open-meteo
2025-05-23,광주,156,18.8,22.4,16.3,0.7,68,2.0,open-meteo
2025-05-24,광주,156,17.7,21.9,15.5,0.1,67,1.6,open-meteo
2025-05-25,광주,156,17.1,23.9,11.2,0.0,67,2.1,open-meteo
2025-05-26,광주,156,18.6,26.1,12.3,0.0,66,1.4,open-meteo
2025-05-27,광주,156,19.6,26.8,12.9,0.0,57,1.7,open-meteo
2025-05-28,광주,156,21.2,28.9,13.2,0.0,53,1.4,open-meteo
2025-05-29,광주,156,21.2,28.7,13.9,1.5,55,1.7,open-meteo
2025-05-30,광주,156,21.1,27.4,14.6,0.0,54,2.1,open-meteo
2025-05-31,광주,156,19.9,27.0,13.0,0.0,65,1.7,open-meteo
2025-06-01,광주,156,21.4,30.0,13.8,0.0,58,1.3,open-meteo
2025-06-02,광주,156,18.5,20.1,16.4,7.4,79,1.4,open-meteo
2025-06-03,광주,156,19.4,24.1,15.8,0.3,72,3.1,open-meteo
2025-06-04,광주,156,19.9,26.9,13.4,0.0,58,2.9,open-meteo
2025-06-05,광주,156,21.1,28.9,12.7,0.0,50,1.6,open-meteo
2025-06-06,광주,156,22.9,28.8,18.1,0.0,36,2.1,open-meteo
2025-06-07,광주,156,24.0,31.9,16.3,0.0,52,2.3,open-meteo
2025-06-08,광주,156,25.4,32.3,21.0,0.6,62,1.8,open-meteo
2025-06-09,광주,156,25.2,32.4,19.5,0.5,68,1.6,open-meteo
2025-06-10,광주,156,23.3,30.0,18.6,0.0,69,2.0,open-meteo
2025-06-11,광주,156,23.3,30.6,16.9,0.0,51,2.7,open-meteo
2025-06-12,광주,156,25.3,31.8,18.6,0.0,42,2.0,open-meteo
2025-06-13,광주,156,21.6,23.8,20.3,24.5,77,1.6,open-meteo
2025-06-14,광주,156,23.1,27.7,20.6,66.2,88,1.9,open-meteo
2025-06-15,광주,156,23.3,28.7,18.4,5.6,87,2.6,open-meteo
2025-06-16,광주,156,23.0,26.9,20.4,10.2,90,3.7,open-meteo
2025-06-17,광주,156,23.6,28.2,19.6,1.3,83,3.2,open-meteo
2025-06-18,광주,156,23.6,29.5,18.5,0.0,78,1.5,open-meteo
2025-06-19,광주,156,24.3,28.8,18.7,0.2,80,2.6,open-meteo
2025-06-20,광주,156,24.5,27.0,23.1,20.2,90,5.0,open-meteo
2025-06-21,광주,156,22.2,23.5,17.9,79.6,96,4.2,open-meteo
2025-06-22,광주,156,21.2,26.9,17.6,2.1,80,1.2,open-meteo
2025-06-23,광주,156,23.2,30.0,15.9,0.0,74,1.1,open-meteo
2025-06-24,광주,156,21.7,23.8,19.7,26.1,90,2.1,open-meteo
2025-06-25,광주,156,22.2,26.3,19.4,1.4,83,4.1,open-meteo
2025-06-26,광주,156,22.5,27.9,18.2,0.0,83,2.1,open-meteo
2025-06-27,광주,156,24.5,30.2,18.4,0.0,79,1.1,open-meteo
2025-06-28,광주,156,26.9,31.8,23.7,0.2,83,2.2,open-meteo
2025-06-29,광주,156,26.9,31.4,23.5,0.5,81,2.5,open-meteo
2025-06-30,광주,156,27.7,32.3,23.0,0.0,78,1.9,open-meteo
2025-07-01,광주,156,28.2,32.6,24.3,1.8,80,2.6,open-meteo
2025-07-02,광주,156,28.6,33.9,24.7,0.0,75,2.4,open-meteo
2025-07-03,광주,156,28.4,34.0,24.6,0.1,72,2.4,open-meteo
2025-07-04,광주,156,27.5,33.0,23.3,0.1,75,3.2,open-meteo
2025-07-05,광주,156,28.2,33.6,23.8,0.1,73,3.1,open-meteo
2025-07-06,광주,156,29.1,34.6,25.2,0.2,74,2.8,open-meteo
2025-07-07,광주,156,29.6,37.6,24.9,0.0,72,1.6,open-meteo
2025-07-08,광주,156,31.1,36.7,26.2,0.2,65,2.1,open-meteo
2025-07-09,광주,156,31.3,38.0,26.0,0.0,56,2.0,open-meteo
2025-07-10,광주,156,31.0,37.0,25.2,2.6,55,1.7,open-meteo
2025-07-11,광주,156,30.8,37.2,24.5,0.3,49,2.9,open-meteo
2025-07-12,광주,156,30.1,37.2,23.8,0.0,47,1.8,open-meteo
2025-07-13,광주,156,25.4,29.8,21.1,39.0,81,1.7,open-meteo
2025-07-14,광주,156,23.8,28.8,20.1,1.1,79,2.8,open-meteo
2025-07-15,광주,156,23.9,27.9,20.5,1.6,81,2.3,open-meteo
2025-07-16,광주,156,23.9,25.8,21.4,10.0,88,3.6,open-meteo
2025-07-17,광주,156,24.8,26.6,23.1,39.0,92,4.1,open-meteo
2025-07-18,광주,156,25.9,30.4,22.8,12.7,86,3.6,open-meteo
2025-07-19,광주,156,24.9,27.3,23.1,54.2,92,3.4,open-meteo
2025-07-20,광주,156,27.2,30.9,24.2,0.1,81,3.3,open-meteo
2025-07-21,광주,156,27.2,30.6,24.8,4.3,84,2.1,open-meteo
2025-07-22,광주,156,27.2,31.3,23.4,2.2,83,1.4,open-meteo
2025-07-23,광주,156,28.1,33.2,23.4,0.1,80,1.0,open-meteo
2025-07-24,광주,156,28.5,34.5,22.8,0.0,78,1.0,open-meteo
2025-07-25,광주,156,28.9,34.5,22.9,0.3,75,1.6,open-meteo
2025-07-26,광주,156,29.8,35.5,24.1,0.0,68,2.4,open-meteo
2025-07-27,광주,156,30.8,35.9,25.7,0.3,62,2.6,open-meteo
2025-07-28,광주,156,30.4,37.1,24.8,1.3,67,1.7,open-meteo
2025-07-29,광주,156,30.9,37.7,24.4,0.0,63,1.6,open-meteo
2025-07-30,광주,156,30.0,36.9,23.6,0.0,60,2.4,open-meteo
2025-07-31,광주,156,30.8,37.1,25.4,0.0,56,2.2,open-meteo
2025-08-01,광주,156,30.7,36.7,24.4,0.1,57,1.3,open-meteo
2025-08-02,광주,156,31.0,37.3,25.8,0.8,62,1.3,open-meteo
2025-08-03,광주,156,28.1,32.5,25.3,22.0,79,2.8,open-meteo
2025-08-04,광주,156,27.7,31.2,24.6,9.6,87,3.1,open-meteo
2025-08-05,광주,156,27.4,30.9,24.9,4.4,88,2.3,open-meteo
2025-08-06,광주,156,27.5,30.1,25.7,6.7,87,3.9,open-meteo
2025-08-07,광주,156,27.3,31.0,24.9,1.4,84,2.5,open-meteo
2025-08-08,광주,156,25.5,30.5,20.4,0.0,80,1.2,open-meteo
2025-08-09,광주,156,24.0,27.7,21.7,37.4,92,1.2,open-meteo
2025-08-10,광주,156,25.1,30.7,21.9,65.9,85,2.3,open-meteo
2025-08-11,광주,156,24.5,27.4,21.4,9.7,91,1.1,open-meteo
2025-08-12,광주,156,22.9,24.8,21.1,40.6,94,1.7,open-meteo
2025-08-13,광주,156,26.9,30.5,23.1,4.3,85,3.2,open-meteo
2025-08-14,광주,156,27.3,30.9,24.4,1.5,85,2.3,open-meteo
2025-08-15,광주,156,27.8,32.0,25.0,0.4,84,1.3,open-meteo
2025-08-16,광주,156,27.3,32.4,24.0,0.0,83,1.2,open-meteo
2025-08-17,광주,156,26.9,32.4,22.9,0.2,82,1.2,open-meteo
2025-08-18,광주,156,27.0,31.5,23.2,0.2,85,1.5,open-meteo
2025-08-19,광주,156,28.2,32.6,24.3,1.4,79,2.1,open-meteo
2025-08-20,광주,156,28.7,34.1,24.2,1.5,74,1.6,open-meteo
2025-08-21,광주,156,29.3,34.8,23.6,0.2,71,1.1,open-meteo
2025-08-22,광주,156,29.8,35.0,25.3,0.0,69,1.5,open-meteo
2025-08-23,광주,156,29.6,36.5,23.7,0.0,71,1.4,open-meteo
2025-08-24,광주,156,29.8,35.5,23.8,0.7,70,1.8,open-meteo
2025-08-25,광주,156,29.7,33.7,26.0,3.4,71,3.0,open-meteo
2025-08-26,광주,156,26.6,29.4,24.3,20.6,88,2.6,open-meteo
2025-08-27,광주,156,27.8,33.2,23.5,0.2,75,1.0,open-meteo
2025-08-28,광주,156,28.9,34.5,23.3,0.1,71,1.9,open-meteo
2025-08-29,광주,156,29.4,34.6,25.0,0.6,73,2.4,open-meteo
2025-08-30,광주,156,29.5,35.8,25.4,1.0,71,1.3,open-meteo
2025-08-31,광주,156,28.3,32.0,25.5,1.3,73,2.5,open-meteo
2025-09-01,광주,156,27.5,33.2,24.5,3.8,79,3.1,open-meteo
2025-09-02,광주,156,25.3,28.6,22.7,21.2,81,1.4,open-meteo
2025-09-03,광주,156,25.9,33.0,20.9,3.3,79,1.5,open-meteo
2025-09-04,광주,156,26.9,32.7,22.8,0.8,81,1.4,open-meteo
2025-09-05,광주,156,27.1,31.6,22.9,0.7,83,1.1,open-meteo
2025-09-06,광주,156,27.7,31.6,24.4,2.3,80,3.2,open-meteo
2025-09-07,광주,156,26.1,28.8,24.2,7.4,89,2.1,open-meteo
2025-09-08,광주,156,22.3,24.4,19.6,24.8,90,1.4,open-meteo
2025-09-09,광주,156,21.3,24.5,19.7,14.2,86,2.3,open-meteo
2025-09-10,광주,156,24.0,28.8,20.3,0.0,79,1.8,open-meteo
2025-09-11,광주,156,24.7,29.8,20.1,0.0,78,1.7,open-meteo
2025-09-12,광주,156,24.0,28.2,21.5,5.9,86,2.7,open-meteo
2025-09-13,광주,156,24.9,27.4,23.2,18.4,90,3.1,open-meteo
2025-09-14,광주,156,24.9,29.1,21.3,0.3,84,0.9,open-meteo
2025-09-15,광주,156,24.6,27.8,22.4,15.6,92,0.9,open-meteo
2025-09-16,광주,156,25.9,30.1,22.0,1.9,88,1.9,open-meteo
2025-09-17,광주,156,25.4,28.8,22.4,12.6,91,2.9,open-meteo
2025-09-18,광주,156,23.3,27.3,20.7,0.5,82,1.2,open-meteo
2025-09-19,광주,156,22.7,25.9,20.2,1.7,76,2.3,open-meteo
2025-09-20,광주,156,22.4,25.0,19.8,19.4,83,3.4,open-meteo
2025-09-21,광주,156,21.6,26.8,16.8,0.0,77,1.6,open-meteo
2025-09-22,광주,156,21.1,25.6,16.5,0.0,76,2.0,open-meteo
2025-09-23,광주,156,21.8,27.1,17.3,0.0,71,1.9,open-meteo
2025-09-24,광주,156,24.2,28.2,20.5,3.2,82,2.6,open-meteo
2025-09-25,광주,156,23.2,25.8,21.5,15.9,94,1.1,open-meteo
2025-09-26,광주,156,24.1,28.3,21.6,1.0,80,1.1,open-meteo
2025-09-27,광주,156,23.0,26.8,20.1,2.9,83,1.2,open-meteo
2025-09-28,광주,156,22.0,25.0,19.6,15.2,88,2.8,open-meteo
2025-09-29,광주,156,20.5,24.8,17.2,0.0,79,1.7,open-meteo
2025-09-30,광주,156,19.1,24.1,15.2,0.0,81,1.3,open-meteo
2025-10-01,광주,156,19.2,26.3,13.5,0.0,81,1.3,open-meteo
2025-10-02,광주,156,19.9,25.1,17.0,3.4,81,1.3,open-meteo
2025-10-03,광주,156,18.8,21.8,17.0,79.6,91,3.1,open-meteo
2025-10-04,광주,156,22.1,26.0,19.3,5.4,90,1.4,open-meteo
2025-10-05,광주,156,22.6,26.3,20.8,0.5,88,1.6,open-meteo
2025-10-06,광주,156,22.7,27.6,19.9,3.3,87,1.9,open-meteo
2025-10-07,광주,156,22.5,25.5,21.1,4.0,87,2.6,open-meteo
2025-10-08,광주,156,22.7,25.8,20.1,0.9,86,1.3,open-meteo
2025-10-09,광주,156,22.5,27.2,19.7,1.9,81,1.4,open-meteo
2025-10-10,광주,156,21.6,26.9,17.4,0.0,74,1.5,open-meteo
2025-10-11,광주,156,21.7,27.6,17.3,0.0,83,1.1,open-meteo
2025-10-12,광주,156,22.1,26.7,19.0,0.2,89,1.3,open-meteo
2025-10-13,광주,156,22.0,27.0,17.9,11.5,89,2.0,open-meteo
2025-10-14,광주,156,21.4,23.5,20.1,5.0,87,1.6,open-meteo
2025-10-15,광주,156,20.3,22.3,17.7,1.5,85,1.9,open-meteo
2025-10-16,광주,156,21.0,24.9,18.9,22.2,83,2.4,open-meteo
2025-10-17,광주,156,20.5,25.1,16.8,31.9,79,2.7,open-meteo
2025-10-18,광주,156,18.2,20.3,15.4,6.9,89,3.2,open-meteo
2025-10-19,광주,156,16.9,21.7,13.8,0.0,82,2.1,open-meteo
2025-10-20,광주,156,12.4,16.3,8.3,0.0,68,3.1,open-meteo
2025-10-21,광주,156,12.2,15.0,10.5,0.0,77,2.5,open-meteo
2025-10-22,광주,156,14.0,20.6,8.3,0.1,78,1.6,open-meteo
2025-10-23,광주,156,15.3,21.6,11.0,0.0,82,1.8,open-meteo
2025-10-24,광주,156,15.2,21.6,9.7,0.0,81,1.1,open-meteo
2025-10-25,광주,156,14.7,19.3,12.0,0.1,82,1.9,open-meteo
2025-10-26,광주,156,13.9,18.2,11.6,0.0,67,2.7,open-meteo
2025-10-27,광주,156,10.9,12.5,7.7,0.0,65,3.6,open-meteo
2025-10-28,광주,156,9.8,14.0,6.3,0.0,57,2.4,open-meteo
2025-10-29,광주,156,9.9,16.9,4.7,0.0,66,1.4,open-meteo
2025-10-30,광주,156,10.8,17.1,5.3,0.0,69,1.8,open-meteo
2025-10-31,광주,156,12.8,19.8,7.3,0.0,72,1.7,open-meteo
2025-11-01,광주,156,13.7,17.2,11.3,0.7,74,3.3,open-meteo
2025-11-02,광주,156,11.6,15.3,8.8,0.0,64,3.9,open-meteo
2025-11-03,광주,156,7.9,13.0,2.2,0.0,60,1.8,open-meteo
2025-11-04,광주,156,11.3,17.8,6.0,0.0,74,1.6,open-meteo
2025-11-05,광주,156,12.2,19.7,6.9,0.0,74,1.5,open-meteo
2025-11-06,광주,156,12.5,20.8,6.2,0.0,72,1.7,open-meteo
2025-11-07,광주,156,13.7,20.8,7.7,0.0,74,1.0,open-meteo
2025-11-08,광주,156,13.6,18.1,9.6,6.4,77,2.2,open-meteo
2025-11-09,광주,156,13.8,18.3,10.8,3.1,80,2.7,open-meteo
2025-11-10,광주,156,10.2,13.2,5.6,0.0,57,3.2,open-meteo
2025-11-11,광주,156,9.0,15.0,4.5,0.0,54,2.6,open-meteo
2025-11-12,광주,156,9.4,15.6,3.6,0.0,63,1.4,open-meteo
2025-11-13,광주,156,10.5,17.5,3.9,0.0,74,2.1,open-meteo
2025-11-14,광주,156,9.6,14.7,5.1,0.0,70,2.2,open-meteo
2025-11-15,광주,156,10.0,17.4,4.6,0.0,66,1.2,open-meteo
2025-11-16,광주,156,10.8,18.0,5.3,0.0,75,1.2,open-meteo
2025-11-17,광주,156,8.2,12.0,5.5,0.0,62,4.6,open-meteo
2025-11-18,광주,156,5.2,7.4,3.3,0.1,62,2.6,open-meteo
2025-11-19,광주,156,6.0,9.6,2.7,0.1,68,1.6,open-meteo
2025-11-20,광주,156,8.1,14.1,2.8,0.0,71,2.1,open-meteo
2025-11-21,광주,156,8.2,12.8,4.3,0.0,64,2.1,open-meteo
2025-11-22,광주,156,7.3,14.3,1.1,0.0,71,1.2,open-meteo
2025-11-23,광주,156,8.6,15.2,2.5,0.0,73,1.4,open-meteo
2025-11-24,광주,156,12.4,18.7,8.0,0.2,76,1.8,open-meteo
2025-11-25,광주,156,8.7,11.9,6.2,4.7,75,4.2,open-meteo
2025-11-26,광주,156,7.4,11.7,3.8,0.0,71,1.4,open-meteo
2025-11-27,광주,156,7.0,11.0,2.9,5.8,75,4.1,open-meteo
2025-11-28,광주,156,6.1,9.5,1.8,0.0,61,2.7,open-meteo
2025-11-29,광주,156,6.6,15.5,-1.6,0.0,77,2.2,open-meteo
2025-11-30,광주,156,11.4,18.8,5.5,0.0,84,2.1,open-meteo
2025-12-01,광주,156,8.4,12.2,4.2,0.0,67,2.8,open-meteo
2025-12-02,광주,156,4.5,8.0,1.8,0.0,47,3.8,open-meteo
2025-12-03,광주,156,0.4,2.9,-3.3,0.3,58,3.5,open-meteo
2025-12-04,광주,156,1.5,5.5,-1.3,0.0,63,1.8,open-meteo
2025-12-05,광주,156,1.3,4.9,-2.5,0.0,61,2.7,open-meteo
2025-12-06,광주,156,2.6,9.8,-4.0,0.0,68,1.9,open-meteo
2025-12-07,광주,156,8.3,15.1,2.6,0.1,82,2.1,open-meteo
2025-12-08,광주,156,6.9,9.4,2.3,0.0,45,3.6,open-meteo
2025-12-09,광주,156,4.2,9.4,0.2,0.0,51,2.2,open-meteo
2025-12-10,광주,156,5.8,12.8,-0.1,0.0,59,1.3,open-meteo
2025-12-11,광주,156,8.3,13.0,2.0,2.4,75,3.6,open-meteo
2025-12-12,광주,156,3.6,10.6,-2.1,0.0,63,1.6,open-meteo
2025-12-13,광주,156,4.4,6.9,2.3,10.9,86,2.4,open-meteo
2025-12-14,광주,156,3.7,5.6,1.9,1.0,79,3.4,open-meteo
2025-12-15,광주,156,4.0,8.7,1.1,0.1,78,1.1,open-meteo
2025-12-16,광주,156,5.4,12.7,-0.6,0.4,83,1.4,open-meteo
2025-12-17,광주,156,6.2,8.9,1.7,0.3,77,3.1,open-meteo
2025-12-18,광주,156,3.1,10.2,-1.5,0.0,73,1.2,open-meteo
2025-12-19,광주,156,6.8,16.3,0.6,0.0,78,1.5,open-meteo
2025-12-20,광주,156,9.8,16.8,5.7,1.7,88,2.5,open-meteo
2025-12-21,광주,156,2.3,6.1,-2.0,0.0,58,4.4,open-meteo
2025-12-22,광주,156,0.8,7.6,-3.8,0.0,54,1.3,open-meteo
2025-12-23,광주,156,5.3,12.0,-1.0,3.5,78,1.6,open-meteo
2025-12-24,광주,156,5.8,8.9,2.3,8.4,83,3.0,open-meteo
2025-12-25,광주,156,0.6,3.7,-2.6,0.0,65,5.2,open-meteo
2025-12-26,광주,156,-4.0,-1.7,-6.6,0.0,53,4.1,open-meteo
2025-12-27,광주,156,-0.9,4.6,-6.0,0.0,61,1.4,open-meteo
2025-12-28,광주,156,3.8,9.8,-0.6,0.0,68,1.7,open-meteo
2025-12-29,광주,156,5.6,11.9,1.2,0.1,84,2.1,open-meteo
2025-12-30,광주,156,1.9,6.3,-1.5,0.0,57,2.9,open-meteo
2025-12-31,광주,156,-1.3,0.4,-4.3,0.0,54,3.5,open-meteo
2025-01-01,대전,133,1.0,7.9,-3.3,0.0,66,1.8,open-meteo
2025-01-02,대전,133,-0.0,5.5,-3.7,0.0,59,1.5,open-meteo
2025-01-03,대전,133,-1.4,2.7,-4.7,0.3,60,2.5,open-meteo
2025-01-04,대전,133,-0.5,5.4,-4.2,0.0,64,1.4,open-meteo
2025-01-05,대전,133,1.6,6.1,-3.1,0.0,76,2.7,open-meteo
2025-01-06,대전,133,0.3,3.3,-2.6,0.7,81,3.1,open-meteo
2025-01-07,대전,133,-2.6,1.3,-5.6,0.4,62,2.6,open-meteo
2025-01-08,대전,133,-2.7,1.3,-6.8,0.3,80,2.4,open-meteo
2025-01-09,대전,133,-8.3,-4.4,-12.5,0.2,47,4.2,open-meteo
2025-01-10,대전,133,-7.4,-2.6,-12.5,0.0,47,1.4,open-meteo
2025-01-11,대전,133,-3.9,-1.0,-6.7,0.0,59,1.4,open-meteo
2025-01-12,대전,133,-2.4,2.6,-5.4,0.0,62,1.3,open-meteo
2025-01-13,대전,133,-0.4,4.0,-4.2,0.0,68,2.1,open-meteo
2025-01-14,대전,133,2.9,8.1,0.4,0.0,66,2.9,open-meteo
2025-01-15,대전,133,-3.3,0.2,-5.4,0.0,55,3.5,open-meteo
2025-01-16,대전,133,-0.8,4.5,-5.0,0.0,59,2.4,open-meteo
2025-01-17,대전,133,-0.9,4.9,-4.8,0.0,59,1.0,open-meteo
2025-01-18,대전,133,-0.2,6.3,-4.3,0.0,51,0.6,open-meteo
2025-01-19,대전,133,1.0,7.8,-3.2,0.0,64,1.0,open-meteo
2025-01-20,대전,133,1.5,7.3,-1.5,0.0,76,1.0,open-meteo
2025-01-21,대전,133,0.9,7.3,-2.6,0.0,73,0.6,open-meteo
2025-01-22,대전,133,1.7,7.6,-2.6,0.0,75,1.5,open-meteo
2025-01-23,대전,133,0.5,6.9,-3.0,0.0,61,1.0,open-meteo
2025-01-24,대전,133,0.3,8.2,-4.0,0.0,53,1.4,open-meteo
2025-01-25,대전,133,2.3,9.0,-2.8,0.0,63,2.3,open-meteo
2025-01-26,대전,133,2.6,6.6,-1.7,0.1,68,1.9,open-meteo
2025-01-27,대전,133,-0.3,1.7,-3.5,4.4,77,3.5,open-meteo
2025-01-28,대전,133,-2.6,-0.6,-4.5,1.1,82,4.2,open-meteo
2025-01-29,대전,133,-4.4,-2.5,-7.5,0.0,78,3.5,open-meteo
2025-01-30,대전,133,-4.4,0.6,-9.1,0.0,66,0.8,open-meteo
2025-01-31,대전,133,1.2,7.9,-3.3,0.5,65,0.8,open-meteo
2025-02-01,대전,133,1.7,6.7,-1.1,0.6,92,1.4,open-meteo
2025-02-02,대전,133,-0.2,4.7,-3.4,0.0,84,1.1,open-meteo
2025-02-03,대전,133,-2.7,0.6,-6.0,0.0,60,4.4,open-meteo
2025-02-04,대전,133,-6.9,-5.3,-8.8,0.0,59,4.7,open-meteo
2025-02-05,대전,133,-7.1,-3.6,-12.2,0.0,52,2.9,open-meteo
2025-02-06,대전,133,-5.1,0.6,-9.2,0.2,52,2.5,open-meteo
2025-02-07,대전,133,-7.1,-4.1,-10.3,1.5,70,4.2,open-meteo
2025-02-08,대전,133,-7.8,-4.8,-10.7,0.2,72,2.4,open-meteo
2025-02-09,대전,133,-3.7,-0.7,-7.1,0.0,62,2.5,open-meteo
2025-02-10,대전,133,-2.7,0.7,-5.1,0.2,66,2.1,open-meteo
2025-02-11,대전,133,-0.7,7.5,-7.0,0.0,54,0.7,open-meteo
2025-02-12,대전,133,0.2,2.8,-2.3,6.3,83,2.3,open-meteo
2025-02-13,대전,133,-0.7,5.2,-5.2,0.0,52,3.2,open-meteo
2025-02-14,대전,133,1.9,8.7,-2.1,0.0,67,2.1,open-meteo
2025-02-15,대전,133,0.7,5.8,-3.4,0.0,71,0.9,open-meteo
2025-02-16,대전,133,3.7,11.0,-0.4,0.0,76,2.7,open-meteo
2025-02-17,대전,133,-0.8,3.2,-3.5,0.0,49,4.2,open-meteo
2025-02-18,대전,133,-2.3,1.9,-5.4,0.0,48,4.2,open-meteo
2025-02-19,대전,133,-2.9,0.9,-5.5,0.0,56,3.1,open-meteo
2025-02-20,대전,133,-2.8,2.4,-5.7,0.0,49,2.8,open-meteo
2025-02-21,대전,133,-2.6,2.6,-5.9,0.0,49,2.9,open-meteo
2025-02-22,대전,133,-2.3,2.5,-5.1,0.0,52,2.6,open-meteo
2025-02-23,대전,133,-3.3,0.7,-6.1,0.2,50,3.7,open-meteo
2025-02-24,대전,133,-1.6,4.0,-5.2,0.0,49,2.8,open-meteo
2025-02-25,대전,133,0.5,5.7,-3.8,0.0,68,2.9,open-meteo
2025-02-26,대전,133,2.7,8.4,-1.7,0.0,64,2.6,open-meteo
2025-02-27,대전,133,3.4,13.1,-3.8,0.0,45,1.0,open-meteo
2025-02-28,대전,133,6.7,14.2,1.9,0.0,66,0.9,open-meteo
2025-03-01,대전,133,2.9,6.9,-1.0,1.4,92,0.7,open-meteo
2025-03-02,대전,133,8.1,15.5,3.6,5.5,87,3.2,open-meteo
2025-03-03,대전,133,2.3,5.6,0.7,25.0,77,6.5,open-meteo
2025-03-04,대전,133,1.7,3.6,0.7,6.6,79,5.1,open-meteo
2025-03-05,대전,133,3.1,5.9,0.7,0.6,80,2.2,open-meteo
2025-03-06,대전,133,3.1,8.9,-2.0,0.0,69,1.8,open-meteo
2025-03-07,대전,133,3.2,10.0,-2.8,0.0,61,0.8,open-meteo
2025-03-08,대전,133,4.1,7.9,1.1,0.8,72,1.6,open-meteo
2025-03-09,대전,133,3.8,10.6,-2.1,0.0,69,0.8,open-meteo
2025-03-10,대전,133,5.2,12.8,-1.2,0.0,63,0.9,open-meteo
2025-03-11,대전,133,6.2,13.6,-1.3,0.0,62,0.6,open-meteo
2025-03-12,대전,133,7.8,14.5,2.5,0.0,76,2.1,open-meteo
2025-03-13,대전,133,7.5,14.0,2.1,0.0,66,1.7,open-meteo
2025-03-14,대전,133,9.4,17.4,2.0,0.0,49,2.6,open-meteo
2025-03-15,대전,133,7.8,12.1,5.8,0.6,63,4.9,open-meteo
2025-03-16,대전,133,3.6,6.6,-0.9,1.6,67,3.8,open-meteo
2025-03-17,대전,133,1.6,6.1,-2.8,0.0,48,3.2,open-meteo
2025-03-18,대전,133,0.5,2.9,-1.6,5.0,75,4.3,open-meteo
2025-03-19,대전,133,0.3,6.3,-6.2,0.0,61,2.3,open-meteo
2025-03-20,대전,133,5.6,12.9,-1.1,0.0,72,3.9,open-meteo
2025-03-21,대전,133,9.8,17.6,5.1,0.0,69,4.8,open-meteo
2025-03-22,대전,133,11.6,19.4,6.4,0.0,60,4.3,open-meteo
2025-03-23,대전,133,12.8,22.5,5.5,0.0,58,2.7,open-meteo
2025-03-24,대전,133,13.6,19.8,10.1,0.0,64,4.4,open-meteo
2025-03-25,대전,133,12.7,23.0,7.8,0.0,71,4.1,open-meteo
2025-03-26,대전,133,13.8,24.9,3.2,0.0,57,1.9,open-meteo
2025-03-27,대전,133,14.6,18.7,7.2,1.3,74,3.6,open-meteo
2025-03-28,대전,133,5.9,9.9,2.9,0.3,56,3.8,open-meteo
2025-03-29,대전,133,2.6,6.7,-1.4,0.8,54,3.4,open-meteo
2025-03-30,대전,133,1.8,6.6,-3.2,0.0,56,2.9,open-meteo
2025-03-31,대전,133,5.7,12.7,0.0,0.0,62,2.0,open-meteo
2025-04-01,대전,133,7.1,15.0,-0.7,0.0,66,1.0,open-meteo
2025-04-02,대전,133,6.6,15.1,1.0,4.5,68,1.3,open-meteo
2025-04-03,대전,133,7.1,15.0,0.1,0.0,74,1.1,open-meteo
2025-04-04,대전,133,9.0,15.8,3.2,0.0,71,1.5,open-meteo
2025-04-05,대전,133,7.8,12.2,5.0,9.0,87,3.4,open-meteo
2025-04-06,대전,133,8.7,15.6,2.7,0.0,66,3.5,open-meteo
2025-04-07,대전,133,11.3,19.2,2.8,0.0,56,3.1,open-meteo
2025-04-08,대전,133,12.8,17.8,8.4,1.7,56,3.8,open-meteo
2025-04-09,대전,133,10.7,19.2,3.4,1.2,69,1.2,open-meteo
2025-04-10,대전,133,12.1,18.7,6.5,0.0,68,1.4,open-meteo
2025-04-11,대전,133,13.4,22.5,5.5,0.0,64,0.9,open-meteo
2025-04-12,대전,133,13.4,23.7,3.1,11.0,66,2.7,open-meteo
2025-04-13,대전,133,4.9,8.8,1.1,6.5,71,5.0,open-meteo
2025-04-14,대전,133,4.6,8.3,2.1,7.5,77,2.8,open-meteo
2025-04-15,대전,133,6.9,13.6,0.5,0.0,74,3.5,open-meteo
2025-04-16,대전,133,13.0,21.8,3.8,0.0,68,2.9,open-meteo
2025-04-17,대전,133,19.3,25.6,13.8,0.0,65,4.9,open-meteo
2025-04-18,대전,133,18.9,24.3,14.6,0.0,74,4.1,open-meteo
2025-04-19,대전,133,18.3,24.6,14.2,10.4,82,5.4,open-meteo
2025-04-20,대전,133,16.8,24.4,11.5,0.6,78,1.9,open-meteo
2025-04-21,대전,133,18.9,26.8,12.2,0.0,67,2.1,open-meteo
2025-04-22,대전,133,16.6,17.9,15.2,26.2,95,1.6,open-meteo
2025-04-23,대전,133,16.5,22.9,10.7,0.0,74,2.2,open-meteo
2025-04-24,대전,133,13.4,20.2,9.1,0.0,69,3.1,open-meteo
2025-04-25,대전,133,11.1,16.7,6.5,0.0,44,3.1,open-meteo
2025-04-26,대전,133,12.1,20.3,4.1,0.0,49,3.2,open-meteo
2025-04-27,대전,133,15.0,22.7,9.5,0.0,36,3.3,open-meteo
2025-04-28,대전,133,14.6,21.5,7.8,0.0,42,2.9,open-meteo
2025-04-29,대전,133,13.8,21.6,5.8,0.0,43,2.2,open-meteo
2025-04-30,대전,133,17.8,26.4,9.3,0.0,37,2.8,open-meteo
2025-05-01,대전,133,15.1,22.3,10.3,8.6,68,3.4,open-meteo
2025-05-02,대전,133,12.4,18.3,6.6,0.0,62,3.1,open-meteo
2025-05-03,대전,133,11.2,15.5,7.9,9.7,78,2.0,open-meteo
2025-05-04,대전,133,12.5,19.7,6.6,0.0,59,3.3,open-meteo
2025-05-05,대전,133,11.9,16.6,5.9,0.7,60,1.2,open-meteo
2025-05-06,대전,133,13.2,17.8,8.9,0.0,64,2.0,open-meteo
2025-05-07,대전,133,13.7,21.3,7.1,0.0,63,1.7,open-meteo
2025-05-08,대전,133,16.7,24.9,8.5,0.0,62,1.1,open-meteo
2025-05-09,대전,133,14.9,18.5,11.6,14.2,86,3.5,open-meteo
2025-05-10,대전,133,12.5,15.1,11.5,2.8,90,6.0,open-meteo
2025-05-11,대전,133,14.2,19.8,10.1,0.5,78,3.0,open-meteo
2025-05-12,대전,133,15.7,22.1,9.6,0.0,69,2.7,open-meteo
2025-05-13,대전,133,18.1,24.3,11.3,0.0,59,2.7,open-meteo
2025-05-14,대전,133,19.1,26.2,10.3,0.0,60,2.2,open-meteo
2025-05-15,대전,133,19.5,22.0,17.4,2.7,86,3.6,open-meteo
2025-05-16,대전,133,19.3,24.8,16.7,27.4,92,2.0,open-meteo
2025-05-17,대전,133,18.3,24.4,13.9,2.5,84,3.4,open-meteo
2025-05-18,대전,133,15.1,21.2,10.1,0.0,64,2.0,open-meteo
2025-05-19,대전,133,17.1,21.9,9.7,0.0,71,3.9,open-meteo
2025-05-20,대전,133,23.0,29.5,18.6,0.0,81,4.3,open-meteo
2025-05-21,대전,133,24.3,29.9,19.4,0.5,74,1.4,open-meteo
2025-05-22,대전,133,21.0,24.4,17.5,2.6,81,2.3,open-meteo
2025-05-23,대전,133,18.3,23.5,14.9,0.0,52,3.9,open-meteo
2025-05-24,대전,133,16.2,19.8,13.4,1.2,61,3.6,open-meteo
2025-05-25,대전,133,16.8,23.2,10.4,0.0,67,1.8,open-meteo
2025-05-26,대전,133,18.0,25.6,10.5,0.0,63,1.5,open-meteo
2025-05-27,대전,133,19.4,27.0,12.1,0.0,59,2.1,open-meteo
2025-05-28,대전,133,19.8,26.4,12.6,0.0,62,1.6,open-meteo
2025-05-29,대전,133,19.7,26.9,13.2,0.1,66,1.4,open-meteo
2025-05-30,대전,133,20.6,27.5,14.0,0.0,52,1.9,open-meteo
2025-05-31,대전,133,20.2,27.3,12.5,0.0,59,1.4,open-meteo
2025-06-01,대전,133,21.5,29.4,13.4,0.0,58,0.9,open-meteo
2025-06-02,대전,133,19.0,20.9,17.3,1.4,71,0.6,open-meteo
2025-06-03,대전,133,20.6,26.5,15.9,0.0,58,3.1,open-meteo
2025-06-04,대전,133,20.2,27.0,13.6,0.0,47,4.4,open-meteo
2025-06-05,대전,133,20.7,28.2,12.5,0.0,46,2.3,open-meteo
2025-06-06,대전,133,23.0,28.8,18.4,0.0,37,3.3,open-meteo
2025-06-07,대전,133,23.5,30.1,17.4,0.0,52,2.8,open-meteo
2025-06-08,대전,133,24.6,31.8,20.3,0.1,69,2.1,open-meteo
2025-06-09,대전,133,25.1,32.3,20.9,0.0,64,1.9,open-meteo
2025-06-10,대전,133,23.1,29.2,18.1,0.0,67,2.6,open-meteo
2025-06-11,대전,133,22.4,29.8,15.3,0.0,49,2.4,open-meteo
2025-06-12,대전,133,24.3,32.1,16.9,0.0,45,1.4,open-meteo
2025-06-13,대전,133,21.0,24.5,18.8,18.4,68,1.5,open-meteo
2025-06-14,대전,133,22.1,26.8,18.4,36.4,87,1.8,open-meteo
2025-06-15,대전,133,24.2,30.3,18.7,2.5,81,2.5,open-meteo
2025-06-16,대전,133,23.1,26.6,21.4,9.8,90,4.2,open-meteo
2025-06-17,대전,133,23.3,27.9,19.8,1.2,82,3.5,open-meteo
2025-06-18,대전,133,23.4,28.5,19.6,0.0,78,2.0,open-meteo
2025-06-19,대전,133,24.9,31.5,18.2,0.8,74,1.5,open-meteo
2025-06-20,대전,133,23.7,25.0,23.0,43.4,92,5.2,open-meteo
2025-06-21,대전,133,21.3,22.9,18.2,105.7,98,2.8,open-meteo
2025-06-22,대전,133,21.6,27.3,16.9,0.7,79,1.8,open-meteo
2025-06-23,대전,133,22.8,28.6,16.7,0.0,76,1.2,open-meteo
2025-06-24,대전,133,21.4,25.0,18.6,27.6,83,2.9,open-meteo
2025-06-25,대전,133,20.8,23.3,19.5,2.4,89,3.7,open-meteo
2025-06-26,대전,133,22.2,26.9,19.1,0.8,83,2.6,open-meteo
2025-06-27,대전,133,23.9,29.2,19.3,0.0,82,0.9,open-meteo
2025-06-28,대전,133,25.5,30.2,22.0,9.9,87,1.6,open-meteo
2025-06-29,대전,133,26.7,31.6,23.4,0.2,83,2.3,open-meteo
2025-06-30,대전,133,27.0,31.5,23.2,0.0,81,2.2,open-meteo
2025-07-01,대전,133,26.9,29.8,24.0,1.9,86,2.7,open-meteo
2025-07-02,대전,133,27.5,31.8,24.5,0.0,82,2.8,open-meteo
2025-07-03,대전,133,27.0,31.8,23.5,0.0,78,2.8,open-meteo
2025-07-04,대전,133,26.4,30.3,23.3,0.1,79,4.1,open-meteo
2025-07-05,대전,133,27.2,32.1,24.0,0.2,76,3.7,open-meteo
2025-07-06,대전,133,28.1,32.8,24.5,0.0,76,3.2,open-meteo
2025-07-07,대전,133,29.4,35.8,24.4,0.0,72,1.7,open-meteo
2025-07-08,대전,133,30.2,36.1,25.9,0.6,68,1.9,open-meteo
2025-07-09,대전,133,30.3,35.9,24.7,0.0,49,3.3,open-meteo
2025-07-10,대전,133,29.6,35.8,24.1,0.0,43,4.0,open-meteo
2025-07-11,대전,133,28.6,35.1,23.4,0.0,45,4.8,open-meteo
2025-07-12,대전,133,28.3,35.0,21.5,0.0,54,3.4,open-meteo
2025-07-13,대전,133,25.6,31.4,22.0,16.7,75,1.0,open-meteo
2025-07-14,대전,133,23.1,28.8,20.0,16.6,86,1.5,open-meteo
2025-07-15,대전,133,22.4,25.6,19.8,10.3,85,2.2,open-meteo
2025-07-16,대전,133,22.6,25.2,21.5,21.7,91,2.7,open-meteo
2025-07-17,대전,133,23.6,25.9,21.9,47.4,94,3.1,open-meteo
2025-07-18,대전,133,24.5,29.2,21.8,8.7,89,1.8,open-meteo
2025-07-19,대전,133,24.2,27.3,22.6,50.9,94,2.9,open-meteo
2025-07-20,대전,133,27.2,31.9,23.1,0.5,79,2.4,open-meteo
2025-07-21,대전,133,26.4,31.0,23.2,2.7,83,2.0,open-meteo
2025-07-22,대전,133,26.6,30.9,23.1,1.7,85,1.1,open-meteo
2025-07-23,대전,133,27.0,31.4,22.7,0.0,82,1.3,open-meteo
2025-07-24,대전,133,28.0,33.1,23.1,0.0,78,1.1,open-meteo
2025-07-25,대전,133,28.7,34.0,23.2,0.0,75,1.6,open-meteo
2025-07-26,대전,133,29.3,34.8,23.4,0.0,70,1.7,open-meteo
2025-07-27,대전,133,30.7,37.2,24.9,0.0,63,1.5,open-meteo
2025-07-28,대전,133,30.8,36.0,25.7,0.0,66,1.3,open-meteo
2025-07-29,대전,133,31.0,38.0,25.0,0.0,66,1.3,open-meteo
2025-07-30,대전,133,31.0,37.1,25.4,0.3,59,1.8,open-meteo
2025-07-31,대전,133,29.9,36.8,24.8,0.0,59,1.5,open-meteo
2025-08-01,대전,133,30.1,36.0,24.2,0.0,60,1.3,open-meteo
2025-08-02,대전,133,30.3,35.4,24.8,0.0,65,1.1,open-meteo
2025-08-03,대전,133,27.7,32.0,23.5,27.3,80,1.6,open-meteo
2025-08-04,대전,133,27.1,31.2,23.0,15.7,86,3.6,open-meteo
2025-08-05,대전,133,27.4,31.8,23.6,0.1,80,2.5,open-meteo
2025-08-06,대전,133,26.5,28.9,25.0,7.9,90,3.8,open-meteo
2025-08-07,대전,133,26.1,30.0,23.2,0.6,84,2.6,open-meteo
2025-08-08,대전,133,24.8,29.3,20.8,0.0,83,1.3,open-meteo
2025-08-09,대전,133,23.5,25.7,22.1,2.5,91,1.1,open-meteo
2025-08-10,대전,133,24.4,28.9,19.9,0.0,81,1.7,open-meteo
2025-08-11,대전,133,23.6,26.9,21.3,8.6,93,0.9,open-meteo
2025-08-12,대전,133,23.4,27.0,20.1,0.1,86,1.8,open-meteo
2025-08-13,대전,133,25.9,29.9,22.8,6.4,88,3.2,open-meteo
2025-08-14,대전,133,26.2,29.0,23.8,10.1,89,3.2,open-meteo
2025-08-15,대전,133,26.9,31.0,23.9,3.1,86,1.2,open-meteo
2025-08-16,대전,133,26.8,31.5,23.5,0.1,84,1.6,open-meteo
2025-08-17,대전,133,26.9,30.9,23.4,0.7,83,1.8,open-meteo
2025-08-18,대전,133,27.3,31.8,23.7,0.0,82,2.4,open-meteo
2025-08-19,대전,133,27.4,31.1,24.8,1.3,84,3.0,open-meteo
2025-08-20,대전,133,27.7,32.3,24.0,0.6,79,2.5,open-meteo
2025-08-21,대전,133,28.4,33.3,23.6,0.2,75,1.2,open-meteo
2025-08-22,대전,133,28.4,33.7,24.0,0.0,76,1.6,open-meteo
2025-08-23,대전,133,28.8,35.0,23.3,0.0,74,1.3,open-meteo
2025-08-24,대전,133,29.4,35.3,24.7,1.2,73,1.8,open-meteo
2025-08-25,대전,133,29.1,35.2,25.1,1.4,74,2.8,open-meteo
2025-08-26,대전,133,25.0,28.3,23.4,25.8,91,3.4,open-meteo
2025-08-27,대전,133,25.7,30.7,21.5,0.0,78,0.9,open-meteo
2025-08-28,대전,133,26.6,30.9,22.6,0.4,78,2.2,open-meteo
2025-08-29,대전,133,27.4,31.4,24.4,0.3,82,3.3,open-meteo
2025-08-30,대전,133,27.9,31.4,25.5,0.8,83,1.8,open-meteo
2025-08-31,대전,133,27.1,32.0,23.9,1.7,82,2.0,open-meteo
2025-09-01,대전,133,25.8,30.5,23.4,8.1,87,3.9,open-meteo
2025-09-02,대전,133,24.7,28.8,22.4,5.5,81,1.5,open-meteo
2025-09-03,대전,133,25.3,31.9,19.6,0.4,78,1.2,open-meteo
2025-09-04,대전,133,25.2,29.4,23.3,5.3,87,1.9,open-meteo
2025-09-05,대전,133,27.0,32.3,22.1,0.5,76,1.8,open-meteo
2025-09-06,대전,133,26.9,30.5,24.0,2.9,80,3.8,open-meteo
2025-09-07,대전,133,24.7,28.1,21.0,5.0,88,2.4,open-meteo
2025-09-08,대전,133,21.4,24.9,17.1,0.0,86,0.6,open-meteo
2025-09-09,대전,133,20.8,22.3,19.4,8.4,91,1.4,open-meteo
2025-09-10,대전,133,23.1,28.2,19.4,0.0,78,1.9,open-meteo
2025-09-11,대전,133,23.7,28.9,18.4,0.0,71,2.8,open-meteo
2025-09-12,대전,133,21.9,24.5,20.9,14.0,84,3.5,open-meteo
2025-09-13,대전,133,24.1,28.3,21.3,15.2,88,3.4,open-meteo
2025-09-14,대전,133,23.7,27.9,19.7,0.4,84,1.4,open-meteo
2025-09-15,대전,133,23.9,28.4,20.3,0.0,86,0.8,open-meteo
2025-09-16,대전,133,24.5,28.2,21.5,5.5,90,2.5,open-meteo
2025-09-17,대전,133,23.2,25.9,20.8,40.5,95,2.6,open-meteo
2025-09-18,대전,133,20.9,24.5,18.8,1.8,85,2.3,open-meteo
2025-09-19,대전,133,20.4,23.9,18.3,3.9,75,3.4,open-meteo
2025-09-20,대전,133,19.7,23.1,17.0,48.6,86,2.3,open-meteo
2025-09-21,대전,133,19.9,24.7,15.1,0.3,80,2.0,open-meteo
2025-09-22,대전,133,19.7,22.9,17.4,0.0,73,3.5,open-meteo
2025-09-23,대전,133,20.9,25.1,17.9,0.0,68,3.2,open-meteo
2025-09-24,대전,133,21.8,27.4,18.1,10.3,86,2.5,open-meteo
2025-09-25,대전,133,21.9,24.1,20.0,14.8,95,1.1,open-meteo
2025-09-26,대전,133,20.2,25.6,16.3,0.0,84,1.1,open-meteo
2025-09-27,대전,133,21.5,27.9,15.7,0.4,83,1.2,open-meteo
2025-09-28,대전,133,20.7,23.1,18.0,19.6,93,1.9,open-meteo
2025-09-29,대전,133,19.7,24.0,16.3,0.2,79,1.3,open-meteo
2025-09-30,대전,133,18.3,22.7,14.7,0.0,83,0.6,open-meteo
2025-10-01,대전,133,19.0,24.9,13.9,0.2,81,0.7,open-meteo
2025-10-02,대전,133,19.5,24.3,15.9,0.1,82,0.9,open-meteo
2025-10-03,대전,133,18.4,20.9,17.7,15.3,91,3.7,open-meteo
2025-10-04,대전,133,21.0,25.3,17.9,4.4,88,1.6,open-meteo
2025-10-05,대전,133,20.6,23.6,18.4,5.7,95,1.0,open-meteo
2025-10-06,대전,133,19.7,21.7,18.3,17.9,96,2.8,open-meteo
2025-10-07,대전,133,20.0,22.9,18.0,15.8,92,3.1,open-meteo
2025-10-08,대전,133,21.0,24.5,18.4,0.5,87,1.8,open-meteo
2025-10-09,대전,133,20.8,24.3,18.1,0.1,77,3.7,open-meteo
2025-10-10,대전,133,20.7,26.1,17.6,0.0,76,2.0,open-meteo
2025-10-11,대전,133,21.2,25.7,17.5,0.0,83,2.1,open-meteo
2025-10-12,대전,133,20.9,23.4,18.9,0.2,88,1.9,open-meteo
2025-10-13,대전,133,18.3,19.7,16.1,37.8,93,2.4,open-meteo
2025-10-14,대전,133,18.1,21.5,15.9,16.4,87,3.0,open-meteo
2025-10-15,대전,133,19.7,24.7,16.9,9.1,80,3.6,open-meteo
2025-10-16,대전,133,19.4,22.7,17.0,40.7,86,2.2,open-meteo
2025-10-17,대전,133,19.5,24.5,16.0,5.8,80,2.8,open-meteo
2025-10-18,대전,133,16.5,19.1,13.7,22.7,91,2.3,open-meteo
2025-10-19,대전,133,16.2,21.9,10.9,0.0,77,2.4,open-meteo
2025-10-20,대전,133,10.3,14.9,5.4,0.0,72,2.5,open-meteo
2025-10-21,대전,133,10.5,14.3,7.9,0.0,74,2.2,open-meteo
2025-10-22,대전,133,12.1,18.7,6.2,0.2,81,2.5,open-meteo
2025-10-23,대전,133,14.6,20.1,9.5,0.2,79,1.5,open-meteo
2025-10-24,대전,133,14.2,20.1,9.2,0.0,81,2.2,open-meteo
2025-10-25,대전,133,13.8,18.7,10.3,0.6,80,1.4,open-meteo
2025-10-26,대전,133,12.5,16.6,10.2,0.6,74,1.8,open-meteo
2025-10-27,대전,133,8.0,11.9,4.4,0.6,61,3.2,open-meteo
2025-10-28,대전,133,7.8,13.1,2.9,0.0,62,1.3,open-meteo
2025-10-29,대전,133,8.7,15.6,2.8,0.0,71,1.1,open-meteo
2025-10-30,대전,133,9.5,16.1,2.9,0.0,71,0.9,open-meteo
2025-10-31,대전,133,11.6,18.6,5.1,0.1,74,1.1,open-meteo
2025-11-01,대전,133,12.3,16.3,9.8,2.4,76,3.0,open-meteo
2025-11-02,대전,133,9.2,12.5,5.3,0.5,67,3.7,open-meteo
2025-11-03,대전,133,5.5,12.4,-0.3,0.0,65,1.3,open-meteo
2025-11-04,대전,133,8.7,16.0,3.5,0.0,79,0.9,open-meteo
2025-11-05,대전,133,9.2,16.8,3.5,0.0,80,1.1,open-meteo
2025-11-06,대전,133,9.8,17.4,3.7,0.0,81,1.0,open-meteo
2025-11-07,대전,133,11.7,19.5,5.6,0.0,79,1.1,open-meteo
2025-11-08,대전,133,12.3,17.2,8.2,0.6,81,1.3,open-meteo
2025-11-09,대전,133,12.1,17.1,7.7,0.0,77,2.2,open-meteo
2025-11-10,대전,133,7.9,11.9,4.1,0.0,50,2.8,open-meteo
2025-11-11,대전,133,6.9,13.2,2.2,0.0,63,1.7,open-meteo
2025-11-12,대전,133,7.5,14.6,1.7,0.0,73,0.6,open-meteo
2025-11-13,대전,133,8.6,16.5,2.7,0.0,72,1.3,open-meteo
2025-11-14,대전,133,7.3,14.1,2.0,0.0,70,1.3,open-meteo
2025-11-15,대전,133,7.9,14.7,2.3,0.0,68,0.6,open-meteo
2025-11-16,대전,133,8.9,16.4,2.3,0.0,73,1.7,open-meteo
2025-11-17,대전,133,5.0,10.5,2.2,0.1,59,3.9,open-meteo
2025-11-18,대전,133,1.5,5.3,-2.5,0.0,61,2.4,open-meteo
2025-11-19,대전,133,3.0,8.7,-1.2,0.0,65,1.1,open-meteo
2025-11-20,대전,133,6.4,12.9,0.1,0.0,72,2.7,open-meteo
2025-11-21,대전,133,5.6,10.9,1.3,0.0,64,1.6,open-meteo
2025-11-22,대전,133,6.7,13.4,1.9,0.0,71,2.0,open-meteo
2025-11-23,대전,133,8.1,13.8,3.3,0.0,75,2.2,open-meteo
2025-11-24,대전,133,10.9,16.2,7.4,0.0,79,2.6,open-meteo
2025-11-25,대전,133,7.1,9.7,4.7,8.0,84,3.2,open-meteo
2025-11-26,대전,133,5.5,10.0,2.2,0.0,78,0.9,open-meteo
2025-11-27,대전,133,4.7,9.6,0.4,4.2,80,3.9,open-meteo
2025-11-28,대전,133,3.1,7.1,-0.4,0.0,63,2.0,open-meteo
2025-11-29,대전,133,4.2,12.0,-2.6,0.0,73,1.9,open-meteo
2025-11-30,대전,133,10.9,16.7,6.2,0.0,84,2.9,open-meteo
2025-12-01,대전,133,6.5,10.5,1.4,0.0,71,2.6,open-meteo
2025-12-02,대전,133,1.0,4.3,-3.1,0.0,57,2.8,open-meteo
2025-12-03,대전,133,-4.1,-1.8,-7.4,0.0,53,3.3,open-meteo
2025-12-04,대전,133,-2.9,1.7,-6.8,0.8,60,2.1,open-meteo
2025-12-05,대전,133,-2.7,2.6,-7.5,0.0,59,1.6,open-meteo
2025-12-06,대전,133,1.9,8.3,-5.2,0.0,66,2.4,open-meteo
2025-12-07,대전,133,6.7,13.0,1.0,0.2,88,3.1,open-meteo
2025-12-08,대전,133,3.3,6.9,-1.1,0.0,54,2.7,open-meteo
2025-12-09,대전,133,1.0,7.0,-2.8,0.0,63,1.0,open-meteo
2025-12-10,대전,133,2.7,9.8,-1.7,0.0,77,1.1,open-meteo
2025-12-11,대전,133,5.1,10.4,-1.8,2.1,73,3.1,open-meteo
2025-12-12,대전,133,1.0,7.3,-4.3,0.0,66,2.4,open-meteo
2025-12-13,대전,133,2.3,5.0,0.4,9.4,90,1.9,open-meteo
2025-12-14,대전,133,0.6,3.4,-2.7,0.1,80,2.6,open-meteo
2025-12-15,대전,133,1.1,6.4,-3.0,0.0,77,0.9,open-meteo
2025-12-16,대전,133,4.6,9.2,0.3,0.0,81,1.6,open-meteo
2025-12-17,대전,133,4.3,7.5,-0.4,0.1,79,2.2,open-meteo
2025-12-18,대전,133,1.0,6.7,-2.3,0.0,68,0.6,open-meteo
2025-12-19,대전,133,2.7,13.0,-2.5,0.0,74,1.0,open-meteo
2025-12-20,대전,133,5.8,9.1,2.0,2.0,93,1.9,open-meteo
2025-12-21,대전,133,-0.8,2.6,-3.8,0.0,55,3.2,open-meteo
2025-12-22,대전,133,-1.5,5.5,-5.9,0.0,52,1.2,open-meteo
2025-12-23,대전,133,0.4,5.9,-3.9,10.5,75,1.3,open-meteo
2025-12-24,대전,133,2.0,5.1,-1.4,3.3,88,2.2,open-meteo
2025-12-25,대전,133,-2.1,2.3,-5.9,0.0,67,4.0,open-meteo
2025-12-26,대전,133,-7.1,-3.7,-10.3,0.0,47,3.3,open-meteo
2025-12-27,대전,133,-2.5,1.8,-7.0,0.0,64,1.5,open-meteo
2025-12-28,대전,133,2.3,7.1,-1.4,0.1,81,2.0,open-meteo
2025-12-29,대전,133,3.9,9.3,0.2,0.3,84,2.6,open-meteo
2025-12-30,대전,133,-1.0,3.5,-4.2,0.0,59,2.0,open-meteo
2025-12-31,대전,133,-4.0,-1.1,-6.4,0.0,49,3.4,open-meteo
2025-01-01,울산,152,0.4,7.9,-4.2,0.0,57,3.3,open-meteo
2025-01-02,울산,152,2.3,9.1,-1.5,0.0,47,3.1,open-meteo
2025-01-03,울산,152,-0.7,2.9,-5.5,0.0,40,3.5,open-meteo
2025-01-04,울산,152,-0.9,5.1,-5.1,0.0,57,2.4,open-meteo
2025-01-05,울산,152,0.2,7.5,-4.6,0.1,69,1.3,open-meteo
2025-01-06,울산,152,1.0,10.2,-4.6,0.0,74,3.3,open-meteo
2025-01-07,울산,152,-0.9,3.6,-4.2,0.0,47,4.9,open-meteo
2025-01-08,울산,152,0.1,5.6,-4.3,0.0,60,2.9,open-meteo
2025-01-09,울산,152,-5.0,-1.6,-9.8,0.0,39,5.7,open-meteo
2025-01-10,울산,152,-6.4,-0.7,-11.0,0.0,31,5.1,open-meteo
2025-01-11,울산,152,-2.8,2.3,-6.1,0.0,46,3.8,open-meteo
2025-01-12,울산,152,-1.3,3.4,-4.7,0.0,47,4.9,open-meteo
2025-01-13,울산,152,-0.3,5.6,-5.0,0.0,54,3.4,open-meteo
2025-01-14,울산,152,1.4,10.2,-5.0,0.0,65,2.1,open-meteo
2025-01-15,울산,152,-1.0,2.0,-4.0,0.0,39,4.2,open-meteo
2025-01-16,울산,152,-1.1,4.8,-4.6,0.0,56,3.8,open-meteo
2025-01-17,울산,152,-0.1,7.5,-5.1,0.0,70,1.4,open-meteo
2025-01-18,울산,152,1.1,10.5,-4.4,0.0,53,1.3,open-meteo
2025-01-19,울산,152,0.6,10.4,-5.8,0.0,64,1.6,open-meteo
2025-01-20,울산,152,2.0,9.8,-3.5,0.0,65,2.0,open-meteo
2025-01-21,울산,152,2.3,10.3,-2.0,0.0,63,2.2,open-meteo
2025-01-22,울산,152,2.7,11.4,-2.6,0.0,63,1.7,open-meteo
2025-01-23,울산,152,4.2,11.9,-1.7,0.0,52,2.2,open-meteo
2025-01-24,울산,152,2.6,10.4,-2.6,0.0,70,1.9,open-meteo
2025-01-25,울산,152,4.2,7.6,0.8,1.1,75,3.7,open-meteo
2025-01-26,울산,152,4.9,7.5,2.5,0.0,63,2.4,open-meteo
2025-01-27,울산,152,1.8,5.9,-3.2,4.0,78,2.5,open-meteo
2025-01-28,울산,152,-0.5,4.1,-4.4,0.0,58,4.3,open-meteo
2025-01-29,울산,152,-1.5,1.8,-4.3,0.0,55,5.3,open-meteo
2025-01-30,울산,152,-0.9,6.1,-5.1,0.0,56,2.3,open-meteo
2025-01-31,울산,152,1.4,9.2,-5.6,0.2,69,1.5,open-meteo
2025-02-01,울산,152,3.7,5.5,1.2,10.4,94,2.7,open-meteo
2025-02-02,울산,152,3.8,10.4,-0.9,0.0,71,1.9,open-meteo
2025-02-03,울산,152,-0.3,2.6,-4.7,0.0,48,5.9,open-meteo
2025-02-04,울산,152,-5.5,-2.1,-8.8,0.0,42,6.1,open-meteo
2025-02-05,울산,152,-4.5,0.4,-7.4,0.0,39,4.8,open-meteo
2025-02-06,울산,152,-3.6,1.2,-7.4,0.0,38,4.1,open-meteo
2025-02-07,울산,152,-3.8,2.9,-8.5,0.3,47,4.9,open-meteo
2025-02-08,울산,152,-5.9,-0.6,-10.4,0.0,39,6.9,open-meteo
2025-02-09,울산,152,-3.0,3.1,-7.1,0.0,46,3.8,open-meteo
2025-02-10,울산,152,-1.3,3.9,-4.6,0.0,51,4.1,open-meteo
2025-02-11,울산,152,0.2,8.4,-4.9,0.0,54,1.9,open-meteo
2025-02-12,울산,152,2.1,7.0,-3.7,7.8,84,1.8,open-meteo
2025-02-13,울산,152,-0.1,5.8,-4.3,0.0,41,4.3,open-meteo
2025-02-14,울산,152,2.3,10.5,-3.8,0.0,54,2.3,open-meteo
2025-02-15,울산,152,1.8,9.8,-3.9,0.0,62,1.4,open-meteo
2025-02-16,울산,152,3.6,12.9,-3.0,0.0,66,1.8,open-meteo
2025-02-17,울산,152,1.3,5.6,-2.3,0.0,40,5.2,open-meteo
2025-02-18,울산,152,-1.0,3.2,-4.4,0.0,37,5.1,open-meteo
2025-02-19,울산,152,-1.2,4.0,-5.1,0.0,40,4.4,open-meteo
2025-02-20,울산,152,-1.2,4.1,-5.1,0.0,35,4.2,open-meteo
2025-02-21,울산,152,-1.3,3.8,-4.3,0.0,38,4.1,open-meteo
2025-02-22,울산,152,-0.6,4.8,-3.8,0.0,41,3.7,open-meteo
2025-02-23,울산,152,-1.4,2.9,-4.8,0.0,39,5.6,open-meteo
2025-02-24,울산,152,-0.9,5.2,-5.3,0.0,39,4.6,open-meteo
2025-02-25,울산,152,2.0,10.6,-5.1,0.0,45,2.1,open-meteo
2025-02-26,울산,152,4.3,12.0,-3.3,0.0,51,1.9,open-meteo
2025-02-27,울산,152,4.9,13.0,-0.8,0.0,36,2.2,open-meteo
2025-02-28,울산,152,8.9,17.5,2.7,1.3,64,1.7,open-meteo
2025-03-01,울산,152,9.3,18.2,-0.4,0.6,80,1.4,open-meteo
2025-03-02,울산,152,10.4,14.8,6.1,9.5,89,3.1,open-meteo
2025-03-03,울산,152,3.8,5.8,1.4,22.4,84,7.2,open-meteo
2025-03-04,울산,152,3.5,5.1,2.5,17.3,90,5.7,open-meteo
2025-03-05,울산,152,5.6,7.6,4.3,0.0,70,3.6,open-meteo
2025-03-06,울산,152,4.6,8.1,2.0,0.3,71,2.5,open-meteo
2025-03-07,울산,152,3.6,8.4,-2.7,0.2,70,1.6,open-meteo
2025-03-08,울산,152,5.9,10.8,2.0,0.6,69,1.1,open-meteo
2025-03-09,울산,152,4.9,12.2,-1.8,0.0,70,2.1,open-meteo
2025-03-10,울산,152,5.4,12.6,-2.5,0.0,77,1.4,open-meteo
2025-03-11,울산,152,6.9,17.4,-1.7,0.0,70,1.4,open-meteo
2025-03-12,울산,152,9.4,19.0,0.2,0.0,65,1.3,open-meteo
2025-03-13,울산,152,8.6,15.1,3.3,0.0,56,2.4,open-meteo
2025-03-14,울산,152,8.2,14.5,1.7,0.0,61,3.2,open-meteo
2025-03-15,울산,152,7.6,8.7,6.2,5.5,73,5.1,open-meteo
2025-03-16,울산,152,5.3,8.9,-0.2,10.8,77,3.4,open-meteo
2025-03-17,울산,152,2.9,9.0,-2.1,0.0,44,4.5,open-meteo
2025-03-18,울산,152,1.8,6.8,-5.6,1.3,58,3.9,open-meteo
2025-03-19,울산,152,2.7,8.9,-3.0,0.0,56,2.8,open-meteo
2025-03-20,울산,152,5.9,15.6,-3.7,0.0,54,2.2,open-meteo
2025-03-21,울산,152,11.3,21.8,1.0,0.0,54,2.8,open-meteo
2025-03-22,울산,152,15.4,25.2,4.9,0.0,36,2.9,open-meteo
2025-03-23,울산,152,13.6,25.0,4.9,0.0,51,1.6,open-meteo
2025-03-24,울산,152,15.3,22.5,10.3,0.6,58,2.8,open-meteo
2025-03-25,울산,152,16.3,26.0,5.5,0.0,56,3.5,open-meteo
2025-03-26,울산,152,14.6,19.2,6.4,0.0,44,3.2,open-meteo
2025-03-27,울산,152,17.8,21.4,10.8,5.8,86,3.8,open-meteo
2025-03-28,울산,152,9.4,14.7,5.9,1.5,63,3.6,open-meteo
2025-03-29,울산,152,7.2,13.0,2.6,0.0,34,4.3,open-meteo
2025-03-30,울산,152,4.0,10.9,-1.9,0.0,27,3.1,open-meteo
2025-03-31,울산,152,4.8,13.0,-3.9,0.0,55,1.8,open-meteo
2025-04-01,울산,152,6.6,14.3,-3.2,0.0,62,2.0,open-meteo
2025-04-02,울산,152,7.8,14.9,1.2,1.4,72,2.1,open-meteo
2025-04-03,울산,152,7.6,14.3,1.6,3.9,72,2.6,open-meteo
2025-04-04,울산,152,8.1,15.3,-0.4,0.3,71,2.0,open-meteo
2025-04-05,울산,152,9.3,15.1,2.5,0.5,66,2.6,open-meteo
2025-04-06,울산,152,11.1,18.9,2.7,0.0,51,2.7,open-meteo
2025-04-07,울산,152,12.7,22.7,1.1,0.0,35,1.7,open-meteo
2025-04-08,울산,152,15.8,24.4,9.2,0.0,43,3.6,open-meteo
2025-04-09,울산,152,11.4,18.1,2.9,0.2,70,1.9,open-meteo
2025-04-10,울산,152,13.9,22.1,6.9,1.4,74,1.8,open-meteo
2025-04-11,울산,152,12.9,21.7,5.3,0.0,69,1.7,open-meteo
2025-04-12,울산,152,11.8,17.4,6.5,6.5,83,2.2,open-meteo
2025-04-13,울산,152,9.3,13.6,3.3,20.5,55,5.8,open-meteo
2025-04-14,울산,152,6.5,13.2,1.6,5.3,70,2.1,open-meteo
2025-04-15,울산,152,8.7,15.7,2.8,0.0,59,4.2,open-meteo
2025-04-16,울산,152,12.6,22.9,2.7,0.0,65,2.0,open-meteo
2025-04-17,울산,152,16.5,20.8,10.2,0.0,79,4.4,open-meteo
2025-04-18,울산,152,20.8,26.8,16.7,0.0,74,3.0,open-meteo
2025-04-19,울산,152,19.8,25.0,15.1,4.3,75,3.7,open-meteo
2025-04-20,울산,152,14.0,18.1,10.2,1.4,82,2.7,open-meteo
2025-04-21,울산,152,13.9,19.4,9.7,0.0,74,1.4,open-meteo
2025-04-22,울산,152,14.0,17.3,9.9,13.4,93,2.0,open-meteo
2025-04-23,울산,152,12.2,16.2,9.0,0.0,80,3.5,open-meteo
2025-04-24,울산,152,16.4,25.2,7.3,0.0,67,1.4,open-meteo
2025-04-25,울산,152,13.5,19.2,7.6,0.0,32,3.8,open-meteo
2025-04-26,울산,152,14.9,22.9,7.4,0.0,31,3.2,open-meteo
2025-04-27,울산,152,17.0,26.4,7.0,0.0,38,1.7,open-meteo
2025-04-28,울산,152,17.8,25.4,11.9,0.0,39,2.9,open-meteo
2025-04-29,울산,152,13.3,19.6,5.9,0.0,54,2.3,open-meteo
2025-04-30,울산,152,16.7,26.9,6.8,0.0,50,1.9,open-meteo
2025-05-01,울산,152,17.1,22.9,12.2,15.8,71,4.4,open-meteo
2025-05-02,울산,152,14.2,19.8,8.7,0.0,61,3.8,open-meteo
2025-05-03,울산,152,11.7,14.9,8.9,13.7,81,1.6,open-meteo
2025-05-04,울산,152,14.0,21.1,8.3,0.0,53,3.4,open-meteo
2025-05-05,울산,152,12.0,17.9,5.3,4.1,66,1.9,open-meteo
2025-05-06,울산,152,12.1,15.3,8.3,1.7,85,2.4,open-meteo
2025-05-07,울산,152,12.6,20.2,5.1,0.0,79,1.7,open-meteo
2025-05-08,울산,152,14.7,20.8,7.7,0.0,71,1.6,open-meteo
2025-05-09,울산,152,14.2,15.6,12.5,22.0,93,2.6,open-meteo
2025-05-10,울산,152,16.2,20.0,13.0,0.0,72,5.1,open-meteo
2025-05-11,울산,152,14.5,19.3,11.2,3.6,77,2.2,open-meteo
2025-05-12,울산,152,16.0,24.1,8.5,0.0,64,2.4,open-meteo
2025-05-13,울산,152,17.8,26.7,8.3,0.0,69,1.2,open-meteo
2025-05-14,울산,152,18.3,25.5,10.4,0.0,66,2.0,open-meteo
2025-05-15,울산,152,19.5,23.8,16.0,1.2,81,3.2,open-meteo
2025-05-16,울산,152,19.6,24.6,16.8,36.2,90,2.2,open-meteo
2025-05-17,울산,152,20.6,26.7,16.8,12.8,80,2.7,open-meteo
2025-05-18,울산,152,16.5,21.1,12.6,0.0,72,2.6,open-meteo
2025-05-19,울산,152,17.5,23.9,9.5,0.0,75,2.9,open-meteo
2025-05-20,울산,152,23.3,29.0,19.0,0.0,79,3.2,open-meteo
2025-05-21,울산,152,22.6,27.1,18.1,0.0,82,1.7,open-meteo
2025-05-22,울산,152,16.5,19.1,14.6,0.6,79,3.6,open-meteo
2025-05-23,울산,152,15.2,18.6,10.6,0.0,70,2.9,open-meteo
2025-05-24,울산,152,13.6,14.7,12.3,8.4,85,4.5,open-meteo
2025-05-25,울산,152,15.0,20.8,11.5,0.5,77,2.6,open-meteo
2025-05-26,울산,152,16.2,23.2,8.8,0.0,79,1.5,open-meteo
2025-05-27,울산,152,17.9,24.1,10.2,0.1,73,1.4,open-meteo
2025-05-28,울산,152,18.0,24.5,11.2,0.1,71,1.2,open-meteo
2025-05-29,울산,152,16.5,23.3,10.1,0.6,79,1.5,open-meteo
2025-05-30,울산,152,16.3,22.3,11.0,0.0,75,2.6,open-meteo
2025-05-31,울산,152,17.7,27.0,9.7,0.0,62,1.8,open-meteo
2025-06-01,울산,152,18.1,25.6,10.1,0.0,64,1.6,open-meteo
2025-06-02,울산,152,17.8,21.3,14.0,2.3,82,0.9,open-meteo
2025-06-03,울산,152,20.3,26.3,15.7,3.9,69,2.3,open-meteo
2025-06-04,울산,152,21.0,28.7,13.1,0.0,38,3.4,open-meteo
2025-06-05,울산,152,22.2,29.7,14.7,0.0,43,2.4,open-meteo
2025-06-06,울산,152,22.2,31.2,13.4,0.0,54,1.3,open-meteo
2025-06-07,울산,152,23.5,31.4,15.3,0.0,46,1.8,open-meteo
2025-06-08,울산,152,24.0,30.5,17.8,0.0,61,2.0,open-meteo
2025-06-09,울산,152,22.1,27.3,18.2,0.0,74,2.0,open-meteo
2025-06-10,울산,152,24.9,33.0,16.0,0.0,66,1.9,open-meteo
2025-06-11,울산,152,23.7,30.0,19.4,0.0,51,2.8,open-meteo
2025-06-12,울산,152,21.8,28.1,17.6,0.0,61,1.7,open-meteo
2025-06-13,울산,152,19.5,25.5,16.4,18.5,87,0.7,open-meteo
2025-06-14,울산,152,21.7,24.3,18.6,36.2,96,1.8,open-meteo
2025-06-15,울산,152,23.9,29.4,18.6,1.6,85,1.8,open-meteo
2025-06-16,울산,152,23.8,27.5,21.2,9.2,89,2.5,open-meteo
2025-06-17,울산,152,23.5,28.0,19.1,0.0,81,3.2,open-meteo
2025-06-18,울산,152,24.9,30.9,19.8,0.0,76,1.4,open-meteo
2025-06-19,울산,152,26.3,32.7,19.1,0.0,69,1.3,open-meteo
2025-06-20,울산,152,25.2,28.6,22.6,3.7,85,4.0,open-meteo
2025-06-21,울산,152,23.8,26.1,20.3,13.2,91,4.6,open-meteo
2025-06-22,울산,152,21.9,27.4,17.9,20.4,78,1.6,open-meteo
2025-06-23,울산,152,22.9,28.5,17.8,0.0,76,1.6,open-meteo
2025-06-24,울산,152,19.5,21.8,16.3,15.4,95,1.4,open-meteo
2025-06-25,울산,152,22.1,26.7,19.4,4.2,87,2.0,open-meteo
2025-06-26,울산,152,23.5,28.9,16.9,0.0,78,1.5,open-meteo
2025-06-27,울산,152,25.2,30.8,19.5,0.0,77,1.2,open-meteo
2025-06-28,울산,152,27.3,32.2,21.6,1.2,80,0.9,open-meteo
2025-06-29,울산,152,28.8,34.6,22.9,0.0,76,1.1,open-meteo
2025-06-30,울산,152,29.0,35.1,23.1,0.0,72,1.6,open-meteo
2025-07-01,울산,152,29.8,36.0,23.2,0.7,68,1.3,open-meteo
2025-07-02,울산,152,31.6,37.4,25.2,0.0,65,1.2,open-meteo
2025-07-03,울산,152,32.1,38.4,26.1,0.0,58,1.5,open-meteo
2025-07-04,울산,152,31.0,38.2,24.2,0.0,54,1.8,open-meteo
2025-07-05,울산,152,30.9,38.3,23.5,0.0,59,1.8,open-meteo
2025-07-06,울산,152,31.3,38.5,23.2,0.0,60,2.0,open-meteo
2025-07-07,울산,152,30.6,36.7,26.5,0.0,64,2.4,open-meteo
2025-07-08,울산,152,27.8,32.6,24.1,0.0,72,3.0,open-meteo
2025-07-09,울산,152,26.6,30.5,22.6,0.0,74,3.7,open-meteo
2025-07-10,울산,152,26.0,29.8,23.3,0.1,76,4.6,open-meteo
2025-07-11,울산,152,25.4,28.5,23.0,0.0,72,5.5,open-meteo
2025-07-12,울산,152,25.0,28.6,22.3,0.0,73,3.5,open-meteo
2025-07-13,울산,152,25.3,32.4,20.3,57.4,83,1.6,open-meteo
2025-07-14,울산,152,22.9,27.9,20.0,71.4,86,2.8,open-meteo
2025-07-15,울산,152,22.8,28.0,18.6,16.5,88,1.3,open-meteo
2025-07-16,울산,152,23.3,25.8,20.0,4.3,88,2.4,open-meteo
2025-07-17,울산,152,25.1,27.5,22.0,9.1,88,3.6,open-meteo
2025-07-18,울산,152,23.8,26.5,21.8,19.3,96,3.6,open-meteo
2025-07-19,울산,152,24.1,26.5,22.7,21.5,95,3.3,open-meteo
2025-07-20,울산,152,25.9,29.7,21.9,0.2,86,1.5,open-meteo
2025-07-21,울산,152,26.9,30.4,23.5,4.0,83,1.9,open-meteo
2025-07-22,울산,152,27.8,32.5,22.3,0.3,81,0.8,open-meteo
2025-07-23,울산,152,27.9,32.4,23.1,0.0,80,1.1,open-meteo
2025-07-24,울산,152,26.9,31.8,21.0,0.0,79,1.1,open-meteo
2025-07-25,울산,152,27.3,31.8,22.4,0.0,80,1.7,open-meteo
2025-07-26,울산,152,27.9,32.2,22.9,0.1,78,1.6,open-meteo
2025-07-27,울산,152,28.1,32.0,23.6,0.0,74,1.7,open-meteo
2025-07-28,울산,152,28.4,33.3,23.7,0.0,70,1.4,open-meteo
2025-07-29,울산,152,27.7,33.4,21.6,0.0,74,1.3,open-meteo
2025-07-30,울산,152,27.3,32.5,22.4,0.1,78,1.6,open-meteo
2025-07-31,울산,152,27.4,32.5,22.4,0.0,79,1.6,open-meteo
2025-08-01,울산,152,27.4,32.9,22.6,0.0,82,1.4,open-meteo
2025-08-02,울산,152,28.6,34.7,23.1,1.4,80,1.1,open-meteo
2025-08-03,울산,152,28.4,32.5,25.2,5.6,81,1.6,open-meteo
2025-08-04,울산,152,28.5,32.4,24.9,5.9,83,3.7,open-meteo
2025-08-05,울산,152,28.8,32.4,25.0,2.8,80,2.4,open-meteo
2025-08-06,울산,152,28.9,32.7,26.5,2.5,77,3.8,open-meteo
2025-08-07,울산,152,28.3,33.2,24.3,6.3,74,2.8,open-meteo
2025-08-08,울산,152,26.4,31.2,21.4,0.0,78,1.6,open-meteo
2025-08-09,울산,152,24.7,30.7,21.0,17.6,88,1.3,open-meteo
2025-08-10,울산,152,23.2,26.9,19.8,36.1,89,1.8,open-meteo
2025-08-11,울산,152,23.0,28.3,18.1,13.1,89,1.9,open-meteo
2025-08-12,울산,152,21.7,23.4,19.7,35.4,97,1.3,open-meteo
2025-08-13,울산,152,26.1,31.1,22.1,1.2,87,1.8,open-meteo
2025-08-14,울산,152,27.8,32.3,23.0,0.2,83,1.5,open-meteo
2025-08-15,울산,152,27.6,31.7,24.7,2.5,85,1.4,open-meteo
2025-08-16,울산,152,28.1,32.6,23.2,0.8,83,1.0,open-meteo
2025-08-17,울산,152,27.9,32.9,22.5,0.0,80,1.1,open-meteo
2025-08-18,울산,152,28.1,33.8,22.5,0.0,78,1.1,open-meteo
2025-08-19,울산,152,28.5,33.4,24.4,0.0,79,1.6,open-meteo
2025-08-20,울산,152,27.8,32.7,23.0,1.5,80,1.5,open-meteo
2025-08-21,울산,152,27.9,33.4,22.6,0.4,78,1.1,open-meteo
2025-08-22,울산,152,28.6,32.8,24.4,0.7,77,1.1,open-meteo
2025-08-23,울산,152,29.9,35.9,25.2,0.0,71,1.5,open-meteo
2025-08-24,울산,152,29.1,34.7,23.3,0.0,75,1.3,open-meteo
2025-08-25,울산,152,29.3,34.9,24.2,0.3,74,1.7,open-meteo
2025-08-26,울산,152,28.8,34.0,25.3,3.3,75,2.7,open-meteo
2025-08-27,울산,152,27.2,31.3,24.1,0.6,77,1.9,open-meteo
2025-08-28,울산,152,26.5,30.5,21.8,2.1,80,1.7,open-meteo
2025-08-29,울산,152,28.9,35.1,22.4,0.0,73,1.5,open-meteo
2025-08-30,울산,152,29.2,34.0,24.1,0.1,72,1.4,open-meteo
2025-08-31,울산,152,26.9,32.4,24.0,6.6,84,1.6,open-meteo
2025-09-01,울산,152,26.9,30.2,23.9,11.9,85,3.0,open-meteo
2025-09-02,울산,152,26.2,30.3,23.2,7.3,86,1.3,open-meteo
2025-09-03,울산,152,25.5,29.9,21.8,0.3,84,2.1,open-meteo
2025-09-04,울산,152,25.8,30.6,22.8,2.0,83,2.8,open-meteo
2025-09-05,울산,152,26.4,31.1,23.1,0.0,75,2.8,open-meteo
2025-09-06,울산,152,27.8,33.2,22.2,0.5,72,2.2,open-meteo
2025-09-07,울산,152,28.0,34.3,25.2,8.8,79,1.6,open-meteo
2025-09-08,울산,152,26.7,31.8,22.3,1.7,71,1.4,open-meteo
2025-09-09,울산,152,22.4,26.7,19.6,18.7,86,2.0,open-meteo
2025-09-10,울산,152,22.3,25.4,20.0,33.1,87,3.3,open-meteo
2025-09-11,울산,152,23.4,26.6,19.7,0.0,81,3.9,open-meteo
2025-09-12,울산,152,23.8,25.8,21.8,1.3,86,2.6,open-meteo
2025-09-13,울산,152,24.3,29.3,21.4,11.8,92,2.8,open-meteo
2025-09-14,울산,152,23.4,28.0,21.2,0.8,89,1.1,open-meteo
2025-09-15,울산,152,24.8,29.9,20.6,0.6,85,1.0,open-meteo
2025-09-16,울산,152,26.3,31.5,21.5,0.6,84,1.2,open-meteo
2025-09-17,울산,152,26.2,31.8,22.2,6.6,86,1.5,open-meteo
2025-09-18,울산,152,21.7,23.6,19.9,1.4,79,3.1,open-meteo
2025-09-19,울산,152,21.6,24.9,19.5,0.0,71,2.4,open-meteo
2025-09-20,울산,152,22.2,27.2,18.7,12.5,86,2.5,open-meteo
2025-09-21,울산,152,20.6,24.5,17.5,0.1,75,3.5,open-meteo
2025-09-22,울산,152,20.2,23.7,16.6,0.3,70,3.0,open-meteo
2025-09-23,울산,152,21.2,24.8,16.3,0.0,70,2.7,open-meteo
2025-09-24,울산,152,24.0,27.8,20.4,1.0,85,1.8,open-meteo
2025-09-25,울산,152,23.2,25.2,21.8,8.4,97,0.9,open-meteo
2025-09-26,울산,152,22.2,27.0,17.6,0.0,83,1.8,open-meteo
2025-09-27,울산,152,21.6,26.6,16.9,0.2,78,1.8,open-meteo
2025-09-28,울산,152,22.2,25.9,17.7,3.6,83,2.1,open-meteo
2025-09-29,울산,152,20.3,24.3,16.0,1.2,78,2.4,open-meteo
2025-09-30,울산,152,18.7,24.5,14.1,0.0,82,1.2,open-meteo
2025-10-01,울산,152,19.9,27.2,13.7,0.0,73,1.5,open-meteo
2025-10-02,울산,152,20.3,25.8,14.8,0.0,73,1.6,open-meteo
2025-10-03,울산,152,19.1,19.8,18.5,49.0,96,1.8,open-meteo
2025-10-04,울산,152,20.9,23.4,19.1,5.0,93,1.8,open-meteo
2025-10-05,울산,152,21.2,25.5,17.2,3.4,90,1.0,open-meteo
2025-10-06,울산,152,20.7,22.2,20.1,7.4,94,2.1,open-meteo
2025-10-07,울산,152,21.8,24.6,20.1,5.9,89,2.7,open-meteo
2025-10-08,울산,152,21.4,24.2,19.9,0.7,86,3.1,open-meteo
2025-10-09,울산,152,20.4,22.5,19.0,0.5,75,3.2,open-meteo
2025-10-10,울산,152,20.5,24.1,18.4,0.0,73,1.8,open-meteo
2025-10-11,울산,152,21.1,28.1,16.1,0.0,85,1.1,open-meteo
2025-10-12,울산,152,19.5,22.1,17.1,1.1,90,2.5,open-meteo
2025-10-13,울산,152,19.2,21.8,16.9,2.4,89,2.2,open-meteo
2025-10-14,울산,152,18.6,21.0,16.7,21.1,91,3.0,open-meteo
2025-10-15,울산,152,20.1,23.5,17.3,1.0,82,2.4,open-meteo
2025-10-16,울산,152,19.6,22.5,18.2,19.8,89,2.8,open-meteo
2025-10-17,울산,152,19.5,22.8,17.0,0.5,82,2.2,open-meteo
2025-10-18,울산,152,18.3,19.7,16.8,13.1,94,2.2,open-meteo
2025-10-19,울산,152,17.0,19.0,14.1,1.4,86,2.5,open-meteo
2025-10-20,울산,152,14.9,18.3,13.1,1.4,85,3.4,open-meteo
2025-10-21,울산,152,14.0,16.0,12.3,2.7,90,3.0,open-meteo
2025-10-22,울산,152,15.2,18.5,13.0,5.9,84,3.4,open-meteo
2025-10-23,울산,152,15.3,19.4,12.2,1.1,83,2.2,open-meteo
2025-10-24,울산,152,14.7,17.5,12.0,4.5,87,2.8,open-meteo
2025-10-25,울산,152,15.4,20.0,12.5,0.5,88,1.8,open-meteo
2025-10-26,울산,152,13.8,17.7,10.3,0.5,78,2.5,open-meteo
2025-10-27,울산,152,9.5,13.2,4.8,0.0,56,3.5,open-meteo
2025-10-28,울산,152,7.1,13.2,2.8,0.0,53,2.6,open-meteo
2025-10-29,울산,152,8.2,16.2,1.9,0.0,66,2.1,open-meteo
2025-10-30,울산,152,10.4,17.8,4.1,0.0,77,1.5,open-meteo
2025-10-31,울산,152,11.8,19.2,7.7,0.0,77,2.1,open-meteo
2025-11-01,울산,152,11.6,17.7,6.5,0.0,72,3.1,open-meteo
2025-11-02,울산,152,9.9,16.4,4.9,0.0,64,2.9,open-meteo
2025-11-03,울산,152,9.0,14.6,3.7,0.0,61,3.3,open-meteo
2025-11-04,울산,152,10.0,17.5,2.9,0.0,77,1.3,open-meteo
2025-11-05,울산,152,11.4,19.2,4.9,0.0,79,1.6,open-meteo
2025-11-06,울산,152,13.0,19.8,7.8,0.0,82,1.9,open-meteo
2025-11-07,울산,152,13.4,19.2,8.2,0.0,75,2.1,open-meteo
2025-11-08,울산,152,14.6,18.0,11.9,4.8,72,1.9,open-meteo
2025-11-09,울산,152,14.1,19.1,11.4,14.7,72,3.0,open-meteo
2025-11-10,울산,152,9.7,14.5,3.9,0.0,47,3.1,open-meteo
2025-11-11,울산,152,8.5,15.2,3.6,0.0,51,2.4,open-meteo
2025-11-12,울산,152,10.3,16.9,5.1,0.0,72,1.7,open-meteo
2025-11-13,울산,152,10.4,17.6,6.2,0.0,61,2.0,open-meteo
2025-11-14,울산,152,10.3,17.9,4.5,0.0,59,2.8,open-meteo
2025-11-15,울산,152,9.2,16.7,2.9,0.0,62,1.7,open-meteo
2025-11-16,울산,152,9.0,18.8,0.9,0.0,80,1.4,open-meteo
2025-11-17,울산,152,7.1,11.2,2.9,0.0,51,4.2,open-meteo
2025-11-18,울산,152,2.5,7.8,-1.1,0.0,48,5.2,open-meteo
2025-11-19,울산,152,2.1,9.7,-2.9,0.0,61,1.8,open-meteo
2025-11-20,울산,152,5.6,14.3,-2.8,0.0,68,2.3,open-meteo
2025-11-21,울산,152,5.5,12.4,0.4,0.0,54,2.9,open-meteo
2025-11-22,울산,152,6.4,15.0,0.6,0.0,69,2.0,open-meteo
2025-11-23,울산,152,6.5,16.1,-0.3,0.0,71,1.2,open-meteo
2025-11-24,울산,152,9.0,18.0,2.3,0.0,77,1.4,open-meteo
2025-11-25,울산,152,7.2,14.6,1.8,0.2,73,3.7,open-meteo
2025-11-26,울산,152,7.5,14.4,3.3,0.0,70,2.6,open-meteo
2025-11-27,울산,152,7.8,14.6,3.4,0.7,70,2.7,open-meteo
2025-11-28,울산,152,4.4,9.9,0.2,0.0,45,2.9,open-meteo
2025-11-29,울산,152,3.4,13.1,-5.8,0.0,62,1.7,open-meteo
2025-11-30,울산,152,9.6,18.9,0.6,0.0,79,1.7,open-meteo
2025-12-01,울산,152,8.6,14.5,3.2,0.0,57,2.2,open-meteo
2025-12-02,울산,152,5.3,10.6,2.3,0.0,34,4.0,open-meteo
2025-12-03,울산,152,-0.6,3.2,-3.7,0.0,36,4.6,open-meteo
2025-12-04,울산,152,-1.3,4.6,-4.8,0.0,49,3.1,open-meteo
2025-12-05,울산,152,0.0,5.2,-4.7,0.0,39,3.5,open-meteo
2025-12-06,울산,152,0.4,9.3,-5.1,0.0,50,1.2,open-meteo
2025-12-07,울산,152,4.9,15.9,-3.5,0.0,76,1.1,open-meteo
2025-12-08,울산,152,5.4,9.9,1.2,0.0,39,2.9,open-meteo
2025-12-09,울산,152,2.5,8.6,-1.7,0.0,42,3.2,open-meteo
2025-12-10,울산,152,3.9,11.6,-0.8,0.0,55,1.5,open-meteo
2025-12-11,울산,152,7.0,16.3,0.1,0.0,60,2.6,open-meteo
2025-12-12,울산,152,4.9,6.5,2.0,2.3,74,3.6,open-meteo
2025-12-13,울산,152,7.0,12.0,2.3,5.4,75,2.4,open-meteo
2025-12-14,울산,152,2.5,5.2,0.1,0.0,61,5.3,open-meteo
2025-12-15,울산,152,2.0,8.5,-3.4,0.0,63,2.6,open-meteo
2025-12-16,울산,152,2.4,11.9,-4.3,0.0,76,1.3,open-meteo
2025-12-17,울산,152,6.0,10.8,2.3,0.4,66,3.1,open-meteo
2025-12-18,울산,152,3.8,12.1,-1.2,0.0,57,2.1,open-meteo
2025-12-19,울산,152,5.1,14.6,-2.5,0.0,82,1.2,open-meteo
2025-12-20,울산,152,9.6,18.3,3.4,2.3,90,1.7,open-meteo
2025-12-21,울산,152,3.2,9.9,-2.0,0.0,34,5.1,open-meteo
2025-12-22,울산,152,1.2,9.8,-4.3,0.0,54,2.6,open-meteo
2025-12-23,울산,152,3.4,11.8,-2.8,1.5,83,1.3,open-meteo
2025-12-24,울산,152,6.8,8.8,5.5,10.5,92,2.8,open-meteo
2025-12-25,울산,152,1.4,5.9,-4.6,0.0,52,5.9,open-meteo
2025-12-26,울산,152,-5.2,-1.3,-9.0,0.0,27,5.4,open-meteo
2025-12-27,울산,152,-1.9,4.9,-5.9,0.0,45,3.5,open-meteo
2025-12-28,울산,152,0.1,9.2,-6.5,0.0,73,1.4,open-meteo
2025-12-29,울산,152,3.6,13.2,-2.5,0.0,74,1.7,open-meteo
2025-12-30,울산,152,2.1,7.6,-2.2,0.0,47,3.0,open-meteo
2025-12-31,울산,152,-1.9,1.6,-5.1,0.0,35,3.3,open-meteo
2025-01-01,세종,239,0.8,8.1,-4.1,0.0,66,2.0,open-meteo
2025-01-02,세종,239,-0.2,5.7,-4.0,0.0,57,1.7,open-meteo
2025-01-03,세종,239,-1.5,2.9,-5.2,0.3,58,2.6,open-meteo
2025-01-04,세종,239,-0.6,5.3,-4.8,0.0,61,1.4,open-meteo
2025-01-05,세종,239,1.5,5.8,-3.8,0.1,76,2.7,open-meteo
2025-01-06,세종,239,0.7,4.7,-2.5,1.3,79,3.6,open-meteo
2025-01-07,세종,239,-2.6,1.6,-6.1,0.2,64,2.7,open-meteo
2025-01-08,세종,239,-2.0,2.5,-4.8,0.6,75,2.7,open-meteo
2025-01-09,세종,239,-8.3,-4.3,-12.1,0.2,46,4.3,open-meteo
2025-01-10,세종,239,-7.1,-2.3,-12.1,0.0,48,1.5,open-meteo
2025-01-11,세종,239,-3.8,-0.6,-7.0,0.0,58,1.5,open-meteo
2025-01-12,세종,239,-2.6,2.6,-6.0,0.0,64,1.3,open-meteo
2025-01-13,세종,239,-0.6,4.1,-5.0,0.0,70,2.4,open-meteo
2025-01-14,세종,239,2.8,8.3,-0.1,0.1,66,3.1,open-meteo
2025-01-15,세종,239,-3.2,0.2,-5.3,0.0,51,3.6,open-meteo
2025-01-16,세종,239,-0.7,4.9,-5.8,0.0,60,2.5,open-meteo
2025-01-17,세종,239,-1.2,5.4,-5.1,0.0,58,1.2,open-meteo
2025-01-18,세종,239,-0.5,6.3,-4.5,0.0,52,0.6,open-meteo
2025-01-19,세종,239,0.6,8.3,-4.1,0.0,64,1.1,open-meteo
2025-01-20,세종,239,1.4,7.8,-1.8,0.0,76,0.9,open-meteo
2025-01-21,세종,239,0.7,8.0,-3.2,0.0,73,0.6,open-meteo
2025-01-22,세종,239,1.4,8.0,-3.3,0.0,77,1.7,open-meteo
2025-01-23,세종,239,0.3,7.6,-3.5,0.0,61,1.0,open-meteo
2025-01-24,세종,239,0.0,8.6,-4.8,0.0,54,1.6,open-meteo
2025-01-25,세종,239,2.1,9.7,-4.0,0.0,61,2.3,open-meteo
2025-01-26,세종,239,2.5,6.8,-2.8,0.1,66,1.9,open-meteo
2025-01-27,세종,239,-0.0,2.1,-3.5,4.2,75,3.9,open-meteo
2025-01-28,세종,239,-2.4,-0.6,-4.2,0.6,80,4.5,open-meteo
2025-01-29,세종,239,-4.1,-2.3,-7.1,0.0,78,3.7,open-meteo
2025-01-30,세종,239,-4.1,0.4,-8.7,0.0,66,0.9,open-meteo
2025-01-31,세종,239,0.9,7.6,-3.4,0.4,62,1.1,open-meteo
2025-02-01,세종,239,1.8,7.4,-1.6,0.3,89,1.8,open-meteo
2025-02-02,세종,239,0.2,7.4,-3.6,0.0,78,1.5,open-meteo
2025-02-03,세종,239,-2.6,1.0,-6.0,0.0,58,4.7,open-meteo
2025-02-04,세종,239,-6.8,-5.4,-8.7,0.0,58,4.8,open-meteo
2025-02-05,세종,239,-6.6,-3.6,-10.4,0.0,50,3.2,open-meteo
2025-02-06,세종,239,-4.7,1.2,-8.9,0.1,52,2.6,open-meteo
2025-02-07,세종,239,-7.0,-3.8,-9.7,4.8,70,4.5,open-meteo
2025-02-08,세종,239,-7.3,-4.7,-10.1,0.2,70,2.8,open-meteo
2025-02-09,세종,239,-3.4,-0.5,-7.0,0.0,61,2.6,open-meteo
2025-02-10,세종,239,-2.9,1.1,-5.8,0.1,66,2.3,open-meteo
2025-02-11,세종,239,-0.6,7.5,-6.5,0.0,53,0.7,open-meteo
2025-02-12,세종,239,0.3,3.4,-2.3,6.5,79,2.5,open-meteo
2025-02-13,세종,239,-0.5,5.5,-5.2,0.0,52,3.4,open-meteo
2025-02-14,세종,239,1.9,9.7,-2.6,0.0,67,2.3,open-meteo
2025-02-15,세종,239,0.6,6.3,-3.0,0.0,72,1.0,open-meteo
2025-02-16,세종,239,3.8,11.5,-0.8,0.0,76,3.0,open-meteo
2025-02-17,세종,239,-0.5,3.6,-3.3,0.0,45,4.5,open-meteo
2025-02-18,세종,239,-2.1,2.2,-5.4,0.0,44,4.3,open-meteo
2025-02-19,세종,239,-2.7,1.2,-5.3,0.0,52,3.3,open-meteo
2025-02-20,세종,239,-2.8,2.4,-5.9,0.0,48,2.8,open-meteo
2025-02-21,세종,239,-2.6,2.7,-6.2,0.0,48,2.9,open-meteo
2025-02-22,세종,239,-2.2,2.7,-5.3,0.0,51,2.9,open-meteo
2025-02-23,세종,239,-3.3,0.8,-6.5,0.0,50,3.7,open-meteo
2025-02-24,세종,239,-1.7,4.1,-5.6,0.0,48,2.8,open-meteo
2025-02-25,세종,239,0.4,6.4,-4.6,0.0,69,3.2,open-meteo
2025-02-26,세종,239,2.7,8.8,-2.5,0.0,61,2.8,open-meteo
2025-02-27,세종,239,2.9,13.6,-4.6,0.0,43,1.1,open-meteo
2025-02-28,세종,239,6.4,14.5,0.4,0.0,62,1.0,open-meteo
2025-03-01,세종,239,2.8,6.9,-0.9,2.0,91,0.8,open-meteo
2025-03-02,세종,239,8.0,16.2,3.7,8.6,88,3.4,open-meteo
2025-03-03,세종,239,2.5,5.8,0.7,25.4,77,6.1,open-meteo
2025-03-04,세종,239,2.0,4.1,1.0,6.2,75,5.1,open-meteo
2025-03-05,세종,239,2.9,6.0,0.1,0.6,78,2.5,open-meteo
2025-03-06,세종,239,3.1,9.4,-2.0,0.0,65,2.1,open-meteo
2025-03-07,세종,239,3.0,10.5,-3.6,0.0,59,1.0,open-meteo
2025-03-08,세종,239,4.1,8.5,1.0,0.8,70,1.6,open-meteo
2025-03-09,세종,239,3.6,11.4,-2.4,0.0,71,0.9,open-meteo
2025-03-10,세종,239,5.1,13.3,-1.3,0.0,64,0.9,open-meteo
2025-03-11,세종,239,6.1,14.0,-0.8,0.0,62,0.7,open-meteo
2025-03-12,세종,239,7.9,15.2,2.1,0.0,74,2.3,open-meteo
2025-03-13,세종,239,7.5,14.7,1.5,0.0,62,1.9,open-meteo
2025-03-14,세종,239,9.6,18.0,1.4,0.0,44,3.0,open-meteo
2025-03-15,세종,239,8.3,12.7,5.5,0.3,59,4.7,open-meteo
2025-03-16,세종,239,3.6,6.8,-0.5,1.4,64,4.1,open-meteo
2025-03-17,세종,239,1.9,6.6,-2.7,0.0,44,3.4,open-meteo
2025-03-18,세종,239,0.6,2.7,-1.7,4.3,75,4.8,open-meteo
2025-03-19,세종,239,0.3,6.8,-6.1,0.0,60,2.4,open-meteo
2025-03-20,세종,239,5.4,13.6,-1.7,0.0,72,4.1,open-meteo
2025-03-21,세종,239,9.8,17.9,4.8,0.0,68,5.2,open-meteo
2025-03-22,세종,239,11.7,20.5,6.2,0.0,60,5.0,open-meteo
2025-03-23,세종,239,12.6,22.7,4.4,0.0,57,3.2,open-meteo
2025-03-24,세종,239,13.5,20.2,9.9,0.0,63,4.9,open-meteo
2025-03-25,세종,239,12.8,23.3,8.0,0.0,69,4.6,open-meteo
2025-03-26,세종,239,13.8,24.8,3.3,0.0,55,2.3,open-meteo
2025-03-27,세종,239,14.6,19.2,7.0,0.4,72,4.2,open-meteo
2025-03-28,세종,239,6.1,10.3,3.0,0.4,51,4.3,open-meteo
2025-03-29,세종,239,2.7,7.2,-1.6,0.6,53,3.8,open-meteo
2025-03-30,세종,239,2.0,7.4,-4.0,0.0,55,3.2,open-meteo
2025-03-31,세종,239,5.7,13.3,-0.3,0.0,60,2.1,open-meteo
2025-04-01,세종,239,7.0,15.1,-0.4,0.0,65,0.9,open-meteo
2025-04-02,세종,239,6.7,15.6,1.1,2.7,64,1.4,open-meteo
2025-04-03,세종,239,7.0,15.0,0.6,0.0,72,1.3,open-meteo
2025-04-04,세종,239,9.0,16.0,3.7,0.0,69,1.7,open-meteo
2025-04-05,세종,239,7.7,11.5,4.7,9.6,89,3.6,open-meteo
2025-04-06,세종,239,8.9,16.0,2.6,0.0,63,3.8,open-meteo
2025-04-07,세종,239,11.1,19.3,1.9,0.0,58,3.6,open-meteo
2025-04-08,세종,239,12.6,18.1,7.4,0.2,55,4.2,open-meteo
2025-04-09,세종,239,10.6,19.0,3.3,0.4,66,1.4,open-meteo
2025-04-10,세종,239,11.9,18.5,5.8,0.0,67,1.5,open-meteo
2025-04-11,세종,239,12.9,22.3,4.8,0.0,65,0.8,open-meteo
2025-04-12,세종,239,13.2,24.4,3.1,11.7,68,2.7,open-meteo
2025-04-13,세종,239,5.0,9.0,1.3,6.4,71,5.2,open-meteo
2025-04-14,세종,239,4.7,8.9,1.6,7.3,77,3.1,open-meteo
2025-04-15,세종,239,7.4,14.3,1.4,0.0,73,3.9,open-meteo
2025-04-16,세종,239,13.1,21.9,3.8,0.0,68,3.3,open-meteo
2025-04-17,세종,239,19.3,25.9,13.8,0.0,65,5.4,open-meteo
2025-04-18,세종,239,19.0,25.1,14.4,0.0,74,4.5,open-meteo
2025-04-19,세종,239,18.2,24.7,13.9,8.8,82,5.8,open-meteo
2025-04-20,세종,239,16.8,24.5,11.3,0.5,76,2.1,open-meteo
2025-04-21,세종,239,18.9,26.5,12.8,0.0,67,2.2,open-meteo
2025-04-22,세종,239,16.6,18.1,15.2,27.1,96,1.7,open-meteo
2025-04-23,세종,239,16.6,23.6,10.7,0.0,72,2.6,open-meteo
2025-04-24,세종,239,13.5,20.9,9.1,0.0,67,3.4,open-meteo
2025-04-25,세종,239,11.3,16.9,6.5,0.0,42,3.4,open-meteo
2025-04-26,세종,239,12.4,21.1,3.7,0.0,49,3.6,open-meteo
2025-04-27,세종,239,15.2,23.2,9.6,0.0,35,3.9,open-meteo
2025-04-28,세종,239,14.5,21.4,7.4,0.0,41,3.2,open-meteo
2025-04-29,세종,239,13.9,22.0,5.7,0.0,44,2.4,open-meteo
2025-04-30,세종,239,17.2,26.1,8.3,0.0,40,3.1,open-meteo
2025-05-01,세종,239,14.9,22.1,10.6,12.8,69,3.9,open-meteo
2025-05-02,세종,239,12.6,18.7,6.7,0.0,58,3.5,open-meteo
2025-05-03,세종,239,11.2,15.9,7.9,8.0,76,2.4,open-meteo
2025-05-04,세종,239,12.8,19.9,6.9,0.0,56,3.8,open-meteo
2025-05-05,세종,239,11.8,17.0,6.2,0.6,63,1.3,open-meteo
2025-05-06,세종,239,13.0,18.5,7.8,0.0,62,2.2,open-meteo
2025-05-07,세종,239,13.7,21.7,6.8,0.0,62,1.9,open-meteo
2025-05-08,세종,239,16.4,24.8,8.1,0.0,61,1.2,open-meteo
2025-05-09,세종,239,14.7,17.9,11.7,19.9,85,3.7,open-meteo
2025-05-10,세종,239,12.7,15.1,11.5,2.0,89,6.4,open-meteo
2025-05-11,세종,239,14.3,20.0,10.0,2.2,77,3.2,open-meteo
2025-05-12,세종,239,15.6,22.0,9.5,0.0,70,3.1,open-meteo
2025-05-13,세종,239,17.8,24.5,10.8,0.0,61,3.1,open-meteo
2025-05-14,세종,239,19.2,26.7,10.8,0.0,59,2.4,open-meteo
2025-05-15,세종,239,19.2,21.5,17.1,2.3,86,3.8,open-meteo
2025-05-16,세종,239,19.3,24.4,16.7,20.7,91,2.2,open-meteo
2025-05-17,세종,239,18.4,24.2,14.2,2.1,84,3.7,open-meteo
2025-05-18,세종,239,14.9,21.4,9.9,0.0,63,2.0,open-meteo
2025-05-19,세종,239,16.9,22.2,9.2,0.0,71,4.2,open-meteo
2025-05-20,세종,239,23.1,29.9,18.8,0.0,80,4.8,open-meteo
2025-05-21,세종,239,24.2,29.9,19.0,0.2,73,1.6,open-meteo
2025-05-22,세종,239,21.1,24.8,17.8,2.1,80,2.2,open-meteo
2025-05-23,세종,239,18.7,23.9,15.2,0.2,50,4.1,open-meteo
2025-05-24,세종,239,16.1,19.7,13.4,2.5,60,3.9,open-meteo
2025-05-25,세종,239,16.8,23.3,10.2,0.4,66,1.9,open-meteo
2025-05-26,세종,239,18.1,25.9,10.6,0.0,64,1.5,open-meteo
2025-05-27,세종,239,19.2,27.4,11.7,0.0,62,2.1,open-meteo
2025-05-28,세종,239,19.5,26.1,12.3,0.2,64,1.6,open-meteo
2025-05-29,세종,239,19.7,27.2,12.6,0.2,65,1.7,open-meteo
2025-05-30,세종,239,20.3,27.3,13.7,0.0,52,1.9,open-meteo
2025-05-31,세종,239,20.1,27.0,12.3,0.0,59,1.6,open-meteo
2025-06-01,세종,239,21.4,29.7,13.2,0.0,57,1.0,open-meteo
2025-06-02,세종,239,19.0,21.2,17.1,2.4,71,0.6,open-meteo
2025-06-03,세종,239,20.4,26.1,15.6,0.0,59,3.3,open-meteo
2025-06-04,세종,239,20.0,26.7,13.7,0.0,48,4.7,open-meteo
2025-06-05,세종,239,20.4,28.0,12.0,0.0,49,2.4,open-meteo
2025-06-06,세종,239,22.4,28.5,17.8,0.0,41,3.7,open-meteo
2025-06-07,세종,239,23.1,29.7,16.5,0.0,55,3.0,open-meteo
2025-06-08,세종,239,24.6,31.2,20.4,0.2,70,2.2,open-meteo
2025-06-09,세종,239,24.7,32.0,20.7,0.0,68,1.9,open-meteo
2025-06-10,세종,239,22.6,29.0,17.6,0.0,70,2.6,open-meteo
2025-06-11,세종,239,22.0,29.3,14.9,0.0,52,2.3,open-meteo
2025-06-12,세종,239,23.5,30.9,16.1,0.0,50,1.3,open-meteo
2025-06-13,세종,239,20.9,24.8,18.4,22.5,72,1.6,open-meteo
2025-06-14,세종,239,22.1,26.7,18.3,26.3,88,1.9,open-meteo
2025-06-15,세종,239,23.9,29.6,18.6,3.0,83,2.7,open-meteo
2025-06-16,세종,239,22.9,26.5,21.4,7.3,91,4.5,open-meteo
2025-06-17,세종,239,23.1,27.7,19.9,1.1,84,3.9,open-meteo
2025-06-18,세종,239,23.2,28.3,19.5,0.0,79,2.3,open-meteo
2025-06-19,세종,239,24.5,30.7,18.2,0.3,75,1.7,open-meteo
2025-06-20,세종,239,23.7,25.1,22.8,47.1,94,5.6,open-meteo
2025-06-21,세종,239,21.3,22.9,18.7,90.3,98,2.9,open-meteo
2025-06-22,세종,239,21.7,27.2,17.8,0.0,80,2.1,open-meteo
2025-06-23,세종,239,22.5,28.1,16.8,0.0,79,1.3,open-meteo
2025-06-24,세종,239,21.4,25.6,18.7,29.5,84,2.9,open-meteo
2025-06-25,세종,239,20.7,22.8,19.5,3.8,90,3.8,open-meteo
2025-06-26,세종,239,22.2,26.6,19.4,0.6,83,2.4,open-meteo
2025-06-27,세종,239,23.7,28.6,19.3,0.0,84,1.1,open-meteo
2025-06-28,세종,239,25.2,29.7,22.0,13.6,89,1.9,open-meteo
2025-06-29,세종,239,26.3,30.6,23.2,0.0,85,2.8,open-meteo
2025-06-30,세종,239,26.9,31.0,23.5,0.0,83,2.5,open-meteo
2025-07-01,세종,239,26.7,29.8,23.8,2.7,87,3.1,open-meteo
2025-07-02,세종,239,27.5,31.5,24.6,0.0,83,3.2,open-meteo
2025-07-03,세종,239,26.9,31.5,23.7,0.1,79,3.1,open-meteo
2025-07-04,세종,239,26.3,29.6,23.7,0.0,81,4.5,open-meteo
2025-07-05,세종,239,27.0,31.4,24.1,0.0,78,4.0,open-meteo
2025-07-06,세종,239,28.1,32.6,24.7,0.0,78,3.5,open-meteo
2025-07-07,세종,239,29.1,35.0,24.7,0.0,75,1.7,open-meteo
2025-07-08,세종,239,29.6,35.1,25.8,0.6,74,2.0,open-meteo
2025-07-09,세종,239,29.7,34.9,24.5,0.0,54,3.0,open-meteo
2025-07-10,세종,239,29.0,34.7,23.5,0.0,47,3.7,open-meteo
2025-07-11,세종,239,28.2,34.0,23.2,0.0,47,4.5,open-meteo
2025-07-12,세종,239,27.7,34.1,21.4,0.0,57,3.3,open-meteo
2025-07-13,세종,239,25.4,30.9,22.1,11.6,76,1.1,open-meteo
2025-07-14,세종,239,23.3,29.0,20.3,15.6,84,1.9,open-meteo
2025-07-15,세종,239,22.6,25.2,20.3,4.1,85,2.4,open-meteo
2025-07-16,세종,239,22.6,25.3,21.6,23.8,92,2.9,open-meteo
2025-07-17,세종,239,23.5,25.7,21.8,57.9,95,3.5,open-meteo
2025-07-18,세종,239,24.4,28.4,22.1,6.3,90,2.0,open-meteo
2025-07-19,세종,239,24.2,27.1,22.6,46.9,95,3.3,open-meteo
2025-07-20,세종,239,27.0,31.3,23.3,0.3,82,2.7,open-meteo
2025-07-21,세종,239,26.3,30.8,23.2,1.6,84,2.4,open-meteo
2025-07-22,세종,239,26.4,31.1,23.1,1.4,88,1.1,open-meteo
2025-07-23,세종,239,26.7,30.8,22.7,0.0,84,1.4,open-meteo
2025-07-24,세종,239,27.6,32.4,22.9,0.0,80,1.2,open-meteo
2025-07-25,세종,239,28.4,33.6,23.3,0.0,78,1.7,open-meteo
2025-07-26,세종,239,28.7,33.8,23.1,0.0,75,1.6,open-meteo
2025-07-27,세종,239,29.7,35.7,24.2,0.0,71,1.3,open-meteo
2025-07-28,세종,239,29.6,34.4,25.1,0.0,77,1.1,open-meteo
2025-07-29,세종,239,29.8,35.7,24.8,0.0,73,1.1,open-meteo
2025-07-30,세종,239,29.7,35.2,24.8,0.1,69,1.4,open-meteo
2025-07-31,세종,239,29.0,33.9,24.1,0.0,67,1.2,open-meteo
2025-08-01,세종,239,29.1,34.7,23.9,0.0,68,1.2,open-meteo
2025-08-02,세종,239,29.3,34.2,24.3,0.0,73,0.9,open-meteo
2025-08-03,세종,239,27.1,30.9,23.9,31.8,86,1.6,open-meteo
2025-08-04,세종,239,27.1,30.7,23.1,17.4,88,3.0,open-meteo
2025-08-05,세종,239,27.4,31.6,23.6,0.0,82,2.5,open-meteo
2025-08-06,세종,239,26.4,28.2,24.7,9.1,91,3.9,open-meteo
2025-08-07,세종,239,25.9,29.6,22.9,0.4,85,2.7,open-meteo
2025-08-08,세종,239,24.6,28.8,20.8,0.0,85,1.4,open-meteo
2025-08-09,세종,239,23.4,25.6,21.8,2.5,92,1.2,open-meteo
2025-08-10,세종,239,24.1,28.9,19.5,0.0,82,1.9,open-meteo
2025-08-11,세종,239,23.5,26.8,21.2,8.3,94,1.0,open-meteo
2025-08-12,세종,239,23.5,27.2,20.0,0.0,86,1.9,open-meteo
2025-08-13,세종,239,25.8,29.6,23.0,5.8,89,3.5,open-meteo
2025-08-14,세종,239,26.2,28.9,24.0,11.9,90,3.2,open-meteo
2025-08-15,세종,239,26.7,30.6,23.6,2.4,88,1.2,open-meteo
2025-08-16,세종,239,26.7,31.2,23.3,0.0,85,1.8,open-meteo
2025-08-17,세종,239,26.8,30.9,23.3,0.6,84,1.9,open-meteo
2025-08-18,세종,239,27.2,31.3,23.8,0.2,84,2.6,open-meteo
2025-08-19,세종,239,27.3,30.9,24.8,1.6,85,3.2,open-meteo
2025-08-20,세종,239,27.5,31.9,24.0,0.3,81,2.7,open-meteo
2025-08-21,세종,239,28.0,32.8,23.5,0.2,79,1.0,open-meteo
2025-08-22,세종,239,27.9,32.7,23.9,0.0,80,1.6,open-meteo
2025-08-23,세종,239,28.1,33.7,23.1,0.0,80,1.3,open-meteo
2025-08-24,세종,239,28.7,33.5,24.8,0.4,78,1.8,open-meteo
2025-08-25,세종,239,28.5,33.6,24.9,1.2,78,3.0,open-meteo
2025-08-26,세종,239,25.0,28.7,23.1,24.2,92,3.6,open-meteo
2025-08-27,세종,239,25.5,30.6,21.1,0.1,81,0.9,open-meteo
2025-08-28,세종,239,26.3,30.6,22.4,1.2,82,2.3,open-meteo
2025-08-29,세종,239,27.4,31.3,24.6,0.3,83,3.5,open-meteo
2025-08-30,세종,239,27.8,31.2,25.1,0.5,85,2.0,open-meteo
2025-08-31,세종,239,26.8,31.8,23.7,3.2,84,2.0,open-meteo
2025-09-01,세종,239,25.8,29.4,23.5,11.5,87,4.2,open-meteo
2025-09-02,세종,239,24.6,28.8,22.0,3.6,82,1.5,open-meteo
2025-09-03,세종,239,25.0,31.7,19.1,0.1,80,1.4,open-meteo
2025-09-04,세종,239,25.0,29.5,23.1,5.3,88,1.9,open-meteo
2025-09-05,세종,239,26.6,31.8,21.8,0.6,79,1.8,open-meteo
2025-09-06,세종,239,26.7,30.1,23.7,3.2,82,4.1,open-meteo
2025-09-07,세종,239,24.6,27.6,20.3,3.3,88,2.5,open-meteo
2025-09-08,세종,239,21.2,24.8,17.2,0.0,89,0.7,open-meteo
2025-09-09,세종,239,20.7,22.3,18.9,8.5,92,1.4,open-meteo
2025-09-10,세종,239,22.7,27.7,18.9,0.0,80,2.1,open-meteo
2025-09-11,세종,239,23.3,28.7,17.8,0.0,73,2.7,open-meteo
2025-09-12,세종,239,21.9,24.3,20.9,14.2,85,3.1,open-meteo
2025-09-13,세종,239,24.1,28.3,21.2,25.4,88,3.2,open-meteo
2025-09-14,세종,239,23.6,27.8,19.6,0.2,85,1.4,open-meteo
2025-09-15,세종,239,23.4,27.8,19.8,0.0,86,0.8,open-meteo
2025-09-16,세종,239,24.4,27.7,21.4,4.6,91,2.6,open-meteo
2025-09-17,세종,239,23.2,25.5,20.8,27.5,94,2.7,open-meteo
2025-09-18,세종,239,20.8,24.3,18.7,2.5,86,2.2,open-meteo
2025-09-19,세종,239,20.3,23.8,18.1,5.4,76,3.4,open-meteo
2025-09-20,세종,239,19.4,23.1,16.4,49.5,88,2.6,open-meteo
2025-09-21,세종,239,19.8,24.4,15.6,0.9,81,2.2,open-meteo
2025-09-22,세종,239,19.7,22.9,17.2,0.0,73,3.4,open-meteo
2025-09-23,세종,239,20.8,24.8,17.8,0.0,68,3.4,open-meteo
2025-09-24,세종,239,21.6,26.7,18.1,17.9,87,2.6,open-meteo
2025-09-25,세종,239,21.8,24.6,19.2,16.1,94,1.2,open-meteo
2025-09-26,세종,239,19.9,25.7,15.7,0.0,86,1.3,open-meteo
2025-09-27,세종,239,21.2,27.5,15.8,0.0,84,1.4,open-meteo
2025-09-28,세종,239,20.7,23.1,18.1,16.1,93,2.0,open-meteo
2025-09-29,세종,239,19.6,24.1,16.1,0.1,79,1.5,open-meteo
2025-09-30,세종,239,18.1,22.8,14.8,0.0,85,0.6,open-meteo
2025-10-01,세종,239,18.7,25.0,13.6,0.4,82,0.7,open-meteo
2025-10-02,세종,239,19.4,24.2,15.7,0.0,82,1.0,open-meteo
2025-10-03,세종,239,18.5,20.7,17.7,12.8,92,3.7,open-meteo
2025-10-04,세종,239,21.0,25.0,18.1,5.4,89,1.8,open-meteo
2025-10-05,세종,239,20.6,24.0,18.6,8.4,96,1.0,open-meteo
2025-10-06,세종,239,19.6,21.7,18.3,29.8,96,2.7,open-meteo
2025-10-07,세종,239,20.1,23.1,18.0,12.6,92,3.2,open-meteo
2025-10-08,세종,239,21.1,24.4,19.0,0.2,87,2.1,open-meteo
2025-10-09,세종,239,20.8,24.3,18.4,0.0,77,3.7,open-meteo
2025-10-10,세종,239,20.7,25.8,17.7,0.8,76,2.2,open-meteo
2025-10-11,세종,239,21.3,26.0,17.3,0.0,84,2.2,open-meteo
2025-10-12,세종,239,20.8,23.3,18.9,0.0,87,1.9,open-meteo
2025-10-13,세종,239,18.4,19.4,16.4,32.2,94,2.5,open-meteo
2025-10-14,세종,239,18.1,21.8,16.0,14.8,88,3.0,open-meteo
2025-10-15,세종,239,19.6,24.8,16.4,11.9,81,3.1,open-meteo
2025-10-16,세종,239,19.4,22.9,16.9,44.7,86,2.4,open-meteo
2025-10-17,세종,239,19.4,24.5,15.6,7.1,80,2.8,open-meteo
2025-10-18,세종,239,16.5,19.3,13.4,28.8,89,2.7,open-meteo
2025-10-19,세종,239,16.0,21.5,10.8,0.0,77,2.6,open-meteo
2025-10-20,세종,239,10.3,15.2,5.1,0.0,71,2.8,open-meteo
2025-10-21,세종,239,10.5,14.5,7.9,0.0,70,2.5,open-meteo
2025-10-22,세종,239,12.2,18.6,6.5,0.2,79,2.5,open-meteo
2025-10-23,세종,239,14.5,19.9,9.4,0.2,80,1.5,open-meteo
2025-10-24,세종,239,14.3,19.9,9.5,0.0,80,2.4,open-meteo
2025-10-25,세종,239,13.7,18.8,9.8,0.5,80,1.6,open-meteo
2025-10-26,세종,239,12.6,16.4,9.9,1.2,72,2.0,open-meteo
2025-10-27,세종,239,8.2,11.8,4.5,0.1,59,3.4,open-meteo
2025-10-28,세종,239,7.6,13.3,2.2,0.0,63,1.4,open-meteo
2025-10-29,세종,239,8.7,15.4,3.4,0.0,76,1.0,open-meteo
2025-10-30,세종,239,9.6,15.9,3.7,0.0,71,0.7,open-meteo
2025-10-31,세종,239,11.6,18.8,5.3,0.0,74,1.3,open-meteo
2025-11-01,세종,239,12.7,16.6,10.2,2.6,75,3.3,open-meteo
2025-11-02,세종,239,9.5,12.7,5.5,1.2,65,4.1,open-meteo
2025-11-03,세종,239,5.4,11.9,-0.4,0.0,65,1.3,open-meteo
2025-11-04,세종,239,8.5,16.2,3.5,0.0,79,0.9,open-meteo
2025-11-05,세종,239,9.0,16.7,3.4,0.0,79,1.6,open-meteo
2025-11-06,세종,239,9.7,17.9,3.3,0.0,80,1.4,open-meteo
2025-11-07,세종,239,11.6,19.4,5.4,0.0,79,1.4,open-meteo
2025-11-08,세종,239,12.3,17.1,8.3,0.5,81,1.6,open-meteo
2025-11-09,세종,239,12.3,17.4,7.7,0.0,75,2.6,open-meteo
2025-11-10,세종,239,8.0,12.0,3.7,0.0,48,3.1,open-meteo
2025-11-11,세종,239,7.0,13.6,1.6,0.0,63,1.8,open-meteo
2025-11-12,세종,239,7.4,14.8,1.9,0.0,73,0.8,open-meteo
2025-11-13,세종,239,8.5,16.9,2.4,0.0,75,1.4,open-meteo
2025-11-14,세종,239,7.3,14.5,2.2,0.0,69,1.6,open-meteo
2025-11-15,세종,239,7.6,14.6,1.9,0.0,68,0.7,open-meteo
2025-11-16,세종,239,9.0,16.6,2.7,0.2,74,1.8,open-meteo
2025-11-17,세종,239,5.4,11.2,2.8,0.1,55,4.2,open-meteo
2025-11-18,세종,239,1.6,5.5,-2.6,0.0,58,2.7,open-meteo
2025-11-19,세종,239,2.9,8.7,-1.8,0.0,64,1.3,open-meteo
2025-11-20,세종,239,6.5,13.4,-0.3,0.0,71,3.0,open-meteo
2025-11-21,세종,239,5.5,11.1,0.8,0.0,63,1.8,open-meteo
2025-11-22,세종,239,6.8,13.9,2.6,0.0,70,2.4,open-meteo
2025-11-23,세종,239,8.1,13.7,3.5,0.0,77,2.4,open-meteo
2025-11-24,세종,239,10.8,16.5,6.4,0.0,79,2.8,open-meteo
2025-11-25,세종,239,7.2,10.0,4.0,6.8,83,3.5,open-meteo
2025-11-26,세종,239,5.3,9.9,1.8,0.0,79,0.9,open-meteo
2025-11-27,세종,239,4.6,9.3,0.2,5.5,81,4.0,open-meteo
2025-11-28,세종,239,3.1,7.4,-0.5,0.0,59,2.0,open-meteo
2025-11-29,세종,239,4.1,12.2,-2.6,0.0,75,1.8,open-meteo
2025-11-30,세종,239,11.2,16.8,6.9,0.0,84,3.4,open-meteo
2025-12-01,세종,239,6.5,10.6,1.0,0.0,69,2.8,open-meteo
2025-12-02,세종,239,1.1,4.4,-2.8,0.0,54,2.9,open-meteo
2025-12-03,세종,239,-4.0,-1.7,-7.5,0.0,50,3.6,open-meteo
2025-12-04,세종,239,-2.6,2.7,-6.8,0.7,59,2.3,open-meteo
2025-12-05,세종,239,-2.6,2.8,-7.3,0.0,63,1.8,open-meteo
2025-12-06,세종,239,1.6,8.5,-5.4,0.0,71,2.7,open-meteo
2025-12-07,세종,239,6.2,13.0,1.2,0.0,89,3.4,open-meteo
2025-12-08,세종,239,3.2,7.1,-1.7,0.0,52,2.9,open-meteo
2025-12-09,세종,239,0.9,7.5,-2.9,0.0,66,1.1,open-meteo
2025-12-10,세종,239,2.7,10.0,-2.2,0.0,79,1.1,open-meteo
2025-12-11,세종,239,5.0,10.7,-1.8,2.4,71,3.4,open-meteo
2025-12-12,세종,239,0.8,7.4,-4.7,0.0,66,2.6,open-meteo
2025-12-13,세종,239,2.4,4.8,0.6,9.3,89,2.0,open-meteo
2025-12-14,세종,239,0.7,3.8,-2.5,0.1,77,2.8,open-meteo
2025-12-15,세종,239,1.1,6.6,-2.6,0.0,76,1.0,open-meteo
2025-12-16,세종,239,4.8,9.5,0.1,0.0,82,1.8,open-meteo
2025-12-17,세종,239,4.2,7.6,-0.9,0.1,79,2.4,open-meteo
2025-12-18,세종,239,0.7,7.0,-2.6,0.0,69,0.7,open-meteo
2025-12-19,세종,239,2.5,12.2,-2.8,0.0,76,0.9,open-meteo
2025-12-20,세종,239,5.5,10.4,1.4,3.8,91,2.2,open-meteo
2025-12-21,세종,239,-0.8,2.7,-4.7,0.0,53,3.3,open-meteo
2025-12-22,세종,239,-2.1,5.1,-6.3,0.0,54,1.4,open-meteo
2025-12-23,세종,239,0.7,6.4,-3.7,10.8,75,1.3,open-meteo
2025-12-24,세종,239,2.1,5.3,-2.0,3.1,86,2.4,open-meteo
2025-12-25,세종,239,-2.1,2.6,-5.6,0.0,65,4.3,open-meteo
2025-12-26,세종,239,-7.0,-3.5,-10.0,0.0,48,3.4,open-meteo
2025-12-27,세종,239,-2.7,1.7,-7.4,0.0,68,1.3,open-meteo
2025-12-28,세종,239,2.0,7.4,-1.6,0.0,84,2.2,open-meteo
2025-12-29,세종,239,4.2,9.4,1.2,0.1,83,3.1,open-meteo
2025-12-30,세종,239,-0.7,3.7,-4.3,0.0,53,2.4,open-meteo
2025-12-31,세종,239,-3.9,-0.7,-6.4,0.0,46,3.5,open-meteo
2025-01-01,경기,119,0.8,7.5,-2.7,0.0,68,2.3,open-meteo
2025-01-02,경기,119,-0.8,4.0,-4.1,0.0,53,2.4,open-meteo
2025-01-03,경기,119,-2.4,1.1,-5.5,0.0,52,2.5,open-meteo
2025-01-04,경기,119,-1.5,3.2,-4.7,0.0,56,1.4,open-meteo
2025-01-05,경기,119,0.8,3.6,-1.5,4.4,79,2.7,open-meteo
2025-01-06,경기,119,-0.6,2.2,-4.2,6.2,78,3.2,open-meteo
2025-01-07,경기,119,-3.6,0.3,-7.3,0.0,50,3.2,open-meteo
2025-01-08,경기,119,-3.6,0.2,-6.4,0.0,52,2.8,open-meteo
2025-01-09,경기,119,-10.2,-6.8,-12.5,0.0,34,4.9,open-meteo
2025-01-10,경기,119,-8.2,-4.0,-12.4,0.0,43,2.5,open-meteo
2025-01-11,경기,119,-5.6,-2.1,-9.0,0.0,54,1.7,open-meteo
2025-01-12,경기,119,-2.9,1.1,-5.7,0.0,56,1.3,open-meteo
2025-01-13,경기,119,-0.9,3.2,-4.1,0.5,69,2.0,open-meteo
2025-01-14,경기,119,1.3,5.9,-2.0,1.3,74,2.7,open-meteo
2025-01-15,경기,119,-4.2,-2.5,-5.9,0.0,45,3.8,open-meteo
2025-01-16,경기,119,-1.4,2.4,-5.4,0.0,68,2.1,open-meteo
2025-01-17,경기,119,-2.2,3.5,-6.7,0.0,62,1.6,open-meteo
2025-01-18,경기,119,-0.3,5.2,-3.5,0.0,58,0.9,open-meteo
2025-01-19,경기,119,1.4,6.9,-2.3,0.0,72,1.7,open-meteo
2025-01-20,경기,119,1.9,5.5,-1.7,0.0,81,1.5,open-meteo
2025-01-21,경기,119,0.4,5.7,-2.6,0.0,82,0.8,open-meteo
2025-01-22,경기,119,0.7,4.9,-2.4,0.0,83,1.6,open-meteo
2025-01-23,경기,119,-0.3,5.2,-4.0,0.0,67,1.4,open-meteo
2025-01-24,경기,119,1.0,7.2,-3.3,0.0,54,1.8,open-meteo
2025-01-25,경기,119,2.9,8.5,-0.3,0.0,62,3.1,open-meteo
2025-01-26,경기,119,2.4,5.6,-0.1,0.0,63,2.5,open-meteo
2025-01-27,경기,119,-0.6,2.1,-3.6,7.5,81,4.1,open-meteo
2025-01-28,경기,119,-4.5,-3.4,-5.8,1.6,82,4.5,open-meteo
2025-01-29,경기,119,-6.4,-4.2,-9.2,0.0,76,4.2,open-meteo
2025-01-30,경기,119,-6.1,-2.7,-9.2,0.0,57,1.6,open-meteo
2025-01-31,경기,119,-1.7,0.1,-5.8,4.9,79,1.9,open-meteo
2025-02-01,경기,119,0.2,4.6,-2.8,0.2,80,1.9,open-meteo
2025-02-02,경기,119,-1.0,4.0,-5.9,0.0,79,1.5,open-meteo
2025-02-03,경기,119,-4.9,-0.3,-9.0,0.0,53,5.1,open-meteo
2025-02-04,경기,119,-9.8,-6.2,-13.3,0.0,46,4.5,open-meteo
2025-02-05,경기,119,-8.8,-4.5,-11.8,0.0,43,3.8,open-meteo
2025-02-06,경기,119,-6.1,-0.5,-11.4,1.3,53,2.5,open-meteo
2025-02-07,경기,119,-9.0,-5.4,-12.0,1.1,65,4.8,open-meteo
2025-02-08,경기,119,-9.5,-4.7,-12.9,0.0,60,3.3,open-meteo
2025-02-09,경기,119,-6.8,-1.9,-11.4,0.0,70,2.2,open-meteo
2025-02-10,경기,119,-4.8,0.6,-8.8,0.2,67,1.7,open-meteo
2025-02-11,경기,119,-1.7,4.7,-7.5,0.0,62,1.8,open-meteo
2025-02-12,경기,119,0.0,2.5,-3.6,2.8,75,3.2,open-meteo
2025-02-13,경기,119,-1.1,4.0,-5.4,0.0,54,3.5,open-meteo
2025-02-14,경기,119,1.6,8.1,-1.8,0.0,77,1.7,open-meteo
2025-02-15,경기,119,1.6,6.4,-2.6,0.0,84,1.5,open-meteo
2025-02-16,경기,119,2.8,9.5,-0.8,0.0,80,3.1,open-meteo
2025-02-17,경기,119,-1.4,2.0,-4.1,0.0,42,4.9,open-meteo
2025-02-18,경기,119,-2.9,0.9,-5.2,0.0,41,4.6,open-meteo
2025-02-19,경기,119,-3.7,-0.5,-6.6,0.0,46,4.1,open-meteo
2025-02-20,경기,119,-3.3,0.8,-6.1,0.0,41,3.4,open-meteo
2025-02-21,경기,119,-3.2,0.7,-6.2,0.0,43,3.4,open-meteo
2025-02-22,경기,119,-3.1,0.7,-6.1,0.0,44,3.4,open-meteo
2025-02-23,경기,119,-3.8,-0.1,-6.2,0.0,40,4.5,open-meteo
2025-02-24,경기,119,-2.2,2.3,-5.5,0.0,52,3.4,open-meteo
2025-02-25,경기,119,1.0,6.1,-3.1,0.0,72,3.2,open-meteo
2025-02-26,경기,119,1.3,6.6,-3.3,0.0,64,2.7,open-meteo
2025-02-27,경기,119,3.1,11.2,-2.3,0.0,42,1.5,open-meteo
2025-02-28,경기,119,5.3,10.3,1.4,0.0,63,1.1,open-meteo
2025-03-01,경기,119,4.3,12.6,-0.7,2.8,83,2.0,open-meteo
2025-03-02,경기,119,6.9,14.9,1.4,11.1,77,4.2,open-meteo
2025-03-03,경기,119,1.8,5.4,-0.4,17.4,71,5.7,open-meteo
2025-03-04,경기,119,1.2,3.3,-0.2,3.9,73,4.1,open-meteo
2025-03-05,경기,119,2.8,6.4,0.7,0.2,74,2.7,open-meteo
2025-03-06,경기,119,2.9,8.6,-1.8,0.0,66,2.6,open-meteo
2025-03-07,경기,119,2.6,8.4,-2.8,0.0,62,1.4,open-meteo
2025-03-08,경기,119,4.0,8.4,0.6,0.0,64,1.9,open-meteo
2025-03-09,경기,119,4.0,10.6,-1.1,0.0,81,1.0,open-meteo
2025-03-10,경기,119,5.4,12.3,-0.2,0.0,72,1.8,open-meteo
2025-03-11,경기,119,6.9,13.7,1.8,0.0,71,0.9,open-meteo
2025-03-12,경기,119,6.7,11.5,3.3,0.1,84,2.4,open-meteo
2025-03-13,경기,119,6.6,13.1,0.1,0.0,66,2.1,open-meteo
2025-03-14,경기,119,10.1,16.9,3.8,0.0,42,2.8,open-meteo
2025-03-15,경기,119,9.5,14.7,6.2,0.0,52,3.6,open-meteo
2025-03-16,경기,119,4.0,7.1,0.1,1.0,61,4.4,open-meteo
2025-03-17,경기,119,0.8,4.2,-3.6,0.1,48,3.4,open-meteo
2025-03-18,경기,119,0.5,3.3,-1.9,4.5,77,4.1,open-meteo
2025-03-19,경기,119,-0.4,4.6,-6.1,0.0,61,2.3,open-meteo
2025-03-20,경기,119,5.3,13.6,-1.3,0.0,73,3.1,open-meteo
2025-03-21,경기,119,8.6,16.1,3.0,0.0,73,3.2,open-meteo
2025-03-22,경기,119,10.4,17.7,4.7,0.0,65,3.1,open-meteo
2025-03-23,경기,119,12.0,21.4,5.4,0.0,64,2.4,open-meteo
2025-03-24,경기,119,12.7,19.2,9.2,0.0,69,3.2,open-meteo
2025-03-25,경기,119,10.3,20.2,6.3,0.0,77,3.9,open-meteo
2025-03-26,경기,119,12.2,21.8,3.4,0.0,63,2.3,open-meteo
2025-03-27,경기,119,12.5,18.8,6.4,1.0,75,3.4,open-meteo
2025-03-28,경기,119,5.5,10.4,1.7,0.0,47,4.6,open-meteo
2025-03-29,경기,119,1.6,5.5,-2.3,0.7,53,3.8,open-meteo
2025-03-30,경기,119,1.3,5.9,-3.0,0.8,61,3.0,open-meteo
2025-03-31,경기,119,4.9,11.5,-1.1,0.0,67,1.7,open-meteo
2025-04-01,경기,119,7.1,14.1,1.3,0.0,68,1.7,open-meteo
2025-04-02,경기,119,6.3,12.9,2.2,0.6,66,1.8,open-meteo
2025-04-03,경기,119,7.1,14.5,1.3,0.0,73,1.7,open-meteo
2025-04-04,경기,119,7.9,14.4,3.6,0.0,74,1.6,open-meteo
2025-04-05,경기,119,6.8,9.2,5.4,14.5,92,2.4,open-meteo
2025-04-06,경기,119,8.2,13.4,4.4,0.1,76,3.2,open-meteo
2025-04-07,경기,119,10.5,18.6,3.3,0.0,64,2.9,open-meteo
2025-04-08,경기,119,10.8,15.7,6.5,3.3,70,3.0,open-meteo
2025-04-09,경기,119,10.2,16.1,5.6,0.2,67,1.8,open-meteo
2025-04-10,경기,119,10.4,16.9,5.1,0.0,73,1.7,open-meteo
2025-04-11,경기,119,12.6,20.6,5.0,0.0,72,1.1,open-meteo
2025-04-12,경기,119,12.8,21.7,1.6,13.5,69,4.1,open-meteo
2025-04-13,경기,119,4.1,7.4,1.0,6.4,74,5.3,open-meteo
2025-04-14,경기,119,4.3,7.0,2.4,8.8,84,3.3,open-meteo
2025-04-15,경기,119,6.0,11.6,-0.4,0.0,80,3.0,open-meteo
2025-04-16,경기,119,11.8,21.1,3.2,1.4,72,2.8,open-meteo
2025-04-17,경기,119,17.4,24.1,12.2,0.0,73,4.2,open-meteo
2025-04-18,경기,119,15.9,20.9,12.6,0.0,83,2.4,open-meteo
2025-04-19,경기,119,14.9,21.1,10.5,8.3,93,4.0,open-meteo
2025-04-20,경기,119,15.0,21.8,9.7,0.0,78,1.6,open-meteo
2025-04-21,경기,119,17.5,24.3,11.8,0.0,75,2.3,open-meteo
2025-04-22,경기,119,16.5,17.7,14.8,25.2,96,2.0,open-meteo
2025-04-23,경기,119,14.8,21.1,9.5,0.0,71,2.5,open-meteo
2025-04-24,경기,119,11.9,16.9,7.7,0.0,71,3.1,open-meteo
2025-04-25,경기,119,10.3,15.0,5.8,0.0,50,3.8,open-meteo
2025-04-26,경기,119,11.4,17.7,5.2,0.0,63,2.8,open-meteo
2025-04-27,경기,119,13.0,18.3,8.0,0.0,57,3.1,open-meteo
2025-04-28,경기,119,12.4,17.8,7.0,0.0,61,2.8,open-meteo
2025-04-29,경기,119,12.1,18.4,5.7,0.0,55,1.9,open-meteo
2025-04-30,경기,119,15.6,23.4,9.0,0.0,47,3.3,open-meteo
2025-05-01,경기,119,12.9,15.4,9.7,22.3,78,3.4,open-meteo
2025-05-02,경기,119,11.8,16.8,7.5,0.0,67,3.5,open-meteo
2025-05-03,경기,119,10.1,12.7,8.5,5.2,83,2.5,open-meteo
2025-05-04,경기,119,11.8,17.5,7.5,0.0,69,3.5,open-meteo
2025-05-05,경기,119,11.0,14.5,6.9,0.3,70,2.1,open-meteo
2025-05-06,경기,119,12.6,18.0,7.0,0.0,66,2.5,open-meteo
2025-05-07,경기,119,12.6,18.2,7.1,0.1,72,1.7,open-meteo
2025-05-08,경기,119,15.1,23.1,7.7,0.0,65,1.3,open-meteo
2025-05-09,경기,119,14.1,15.2,12.1,21.7,84,4.0,open-meteo
2025-05-10,경기,119,12.0,14.6,10.3,4.8,94,5.0,open-meteo
2025-05-11,경기,119,13.1,18.6,9.3,0.0,82,2.2,open-meteo
2025-05-12,경기,119,15.2,21.4,8.6,0.0,69,2.4,open-meteo
2025-05-13,경기,119,18.5,24.8,13.1,0.0,56,3.2,open-meteo
2025-05-14,경기,119,20.3,27.0,13.8,0.1,50,3.0,open-meteo
2025-05-15,경기,119,18.5,22.7,16.1,4.7,82,2.9,open-meteo
2025-05-16,경기,119,18.7,23.2,16.8,16.3,92,2.4,open-meteo
2025-05-17,경기,119,17.9,24.3,13.6,2.4,85,3.5,open-meteo
2025-05-18,경기,119,14.2,19.7,9.7,0.1,65,2.5,open-meteo
2025-05-19,경기,119,15.3,20.4,9.7,0.0,71,3.6,open-meteo
2025-05-20,경기,119,21.0,26.2,16.6,0.2,86,4.4,open-meteo
2025-05-21,경기,119,23.5,29.6,18.8,0.4,80,1.8,open-meteo
2025-05-22,경기,119,22.1,27.1,18.4,2.6,74,2.2,open-meteo
2025-05-23,경기,119,19.3,23.9,14.7,3.5,49,3.3,open-meteo
2025-05-24,경기,119,15.1,18.5,12.9,7.5,71,3.1,open-meteo
2025-05-25,경기,119,15.8,21.4,10.1,0.0,66,2.0,open-meteo
2025-05-26,경기,119,18.2,25.6,11.8,0.0,61,1.4,open-meteo
2025-05-27,경기,119,18.9,26.1,13.3,0.0,63,1.8,open-meteo
2025-05-28,경기,119,18.8,25.7,13.3,0.6,68,1.2,open-meteo
2025-05-29,경기,119,20.6,26.5,14.3,0.4,59,1.7,open-meteo
2025-05-30,경기,119,21.7,28.8,14.6,0.0,46,1.5,open-meteo
2025-05-31,경기,119,20.4,26.5,15.0,0.0,56,1.8,open-meteo
2025-06-01,경기,119,21.0,27.8,13.9,0.0,60,1.7,open-meteo
2025-06-02,경기,119,19.5,23.4,17.0,1.0,61,1.1,open-meteo
2025-06-03,경기,119,19.7,24.7,15.8,0.2,58,3.3,open-meteo
2025-06-04,경기,119,19.0,24.4,13.7,0.0,57,4.4,open-meteo
2025-06-05,경기,119,20.4,26.8,13.2,0.0,52,2.5,open-meteo
2025-06-06,경기,119,22.6,28.7,17.9,0.0,42,3.3,open-meteo
2025-06-07,경기,119,22.7,28.3,18.3,0.0,58,2.7,open-meteo
2025-06-08,경기,119,23.8,30.3,20.1,1.0,72,1.9,open-meteo
2025-06-09,경기,119,22.8,29.8,19.2,0.2,72,2.2,open-meteo
2025-06-10,경기,119,20.3,24.0,18.1,0.0,76,2.7,open-meteo
2025-06-11,경기,119,21.2,27.4,15.0,0.0,54,2.8,open-meteo
2025-06-12,경기,119,24.1,32.3,15.7,0.0,52,1.6,open-meteo
2025-06-13,경기,119,22.5,27.5,19.0,3.8,61,1.9,open-meteo
2025-06-14,경기,119,22.4,29.1,18.1,1.8,79,2.2,open-meteo
2025-06-15,경기,119,23.6,30.6,17.8,13.4,79,2.7,open-meteo
2025-06-16,경기,119,22.1,25.3,20.5,16.0,92,3.6,open-meteo
2025-06-17,경기,119,22.9,27.1,19.1,0.4,81,2.9,open-meteo
2025-06-18,경기,119,23.8,28.6,19.8,0.0,76,1.9,open-meteo
2025-06-19,경기,119,25.5,32.7,19.6,0.3,65,2.5,open-meteo
2025-06-20,경기,119,22.9,24.3,21.7,48.9,96,5.8,open-meteo
2025-06-21,경기,119,20.6,22.4,18.9,1.1,95,2.4,open-meteo
2025-06-22,경기,119,20.8,25.7,16.1,0.0,82,2.1,open-meteo
2025-06-23,경기,119,23.1,29.4,17.2,0.0,79,0.9,open-meteo
2025-06-24,경기,119,23.6,27.3,20.2,4.9,75,2.4,open-meteo
2025-06-25,경기,119,20.6,23.3,19.1,10.5,87,3.0,open-meteo
2025-06-26,경기,119,21.0,24.5,18.5,0.7,87,2.1,open-meteo
2025-06-27,경기,119,23.0,27.9,18.7,0.0,84,1.0,open-meteo
2025-06-28,경기,119,24.3,28.3,21.6,11.7,91,1.9,open-meteo
2025-06-29,경기,119,25.8,29.6,22.9,1.3,86,2.8,open-meteo
2025-06-30,경기,119,26.4,30.1,23.4,1.1,84,2.9,open-meteo
2025-07-01,경기,119,26.2,29.9,24.1,5.4,90,2.9,open-meteo
2025-07-02,경기,119,26.4,29.9,24.4,0.7,88,2.9,open-meteo
2025-07-03,경기,119,26.5,30.6,24.0,0.8,85,2.9,open-meteo
2025-07-04,경기,119,26.0,29.4,23.7,0.9,83,3.5,open-meteo
2025-07-05,경기,119,26.9,31.4,23.9,0.8,81,3.2,open-meteo
2025-07-06,경기,119,27.4,32.1,24.3,0.9,83,2.5,open-meteo
2025-07-07,경기,119,27.6,33.1,24.6,0.7,85,1.9,open-meteo
2025-07-08,경기,119,29.5,35.1,25.4,0.8,75,1.7,open-meteo
2025-07-09,경기,119,30.1,35.3,25.3,0.0,65,2.7,open-meteo
2025-07-10,경기,119,29.6,35.5,23.8,0.0,51,3.1,open-meteo
2025-07-11,경기,119,28.8,35.5,22.3,0.0,47,3.6,open-meteo
2025-07-12,경기,119,29.4,36.4,22.2,0.0,45,2.1,open-meteo
2025-07-13,경기,119,25.5,29.5,22.3,0.8,72,1.2,open-meteo
2025-07-14,경기,119,22.6,27.2,20.5,35.5,88,2.2,open-meteo
2025-07-15,경기,119,21.7,25.0,20.4,12.7,90,2.7,open-meteo
2025-07-16,경기,119,21.9,23.6,20.4,36.0,94,3.9,open-meteo
2025-07-17,경기,119,22.8,24.5,21.6,84.3,96,3.8,open-meteo
2025-07-18,경기,119,23.9,26.8,21.9,16.5,91,2.8,open-meteo
2025-07-19,경기,119,23.5,27.7,21.6,37.5,94,3.7,open-meteo
2025-07-20,경기,119,26.5,30.3,22.8,7.3,85,3.0,open-meteo
2025-07-21,경기,119,26.5,29.7,23.9,4.2,86,2.4,open-meteo
2025-07-22,경기,119,26.6,30.2,23.9,6.4,88,1.7,open-meteo
2025-07-23,경기,119,27.0,31.4,23.5,0.0,83,1.3,open-meteo
2025-07-24,경기,119,27.9,32.8,23.7,0.0,78,1.2,open-meteo
2025-07-25,경기,119,29.5,34.9,24.5,0.0,70,1.5,open-meteo
2025-07-26,경기,119,30.3,35.0,25.4,0.0,66,1.9,open-meteo
2025-07-27,경기,119,31.0,36.1,26.2,0.0,61,2.2,open-meteo
2025-07-28,경기,119,30.4,35.8,25.4,0.0,65,1.7,open-meteo
2025-07-29,경기,119,31.0,36.5,25.2,0.2,62,1.6,open-meteo
2025-07-30,경기,119,31.2,36.0,24.8,0.0,56,1.6,open-meteo
2025-07-31,경기,119,30.7,34.8,26.5,0.0,54,1.8,open-meteo
2025-08-01,경기,119,30.2,35.4,26.0,0.0,60,1.9,open-meteo
2025-08-02,경기,119,29.9,34.9,25.5,0.0,66,1.7,open-meteo
2025-08-03,경기,119,28.3,31.9,23.5,5.0,71,1.9,open-meteo
2025-08-04,경기,119,26.0,31.7,21.7,13.7,82,2.1,open-meteo
2025-08-05,경기,119,26.5,30.1,23.0,0.3,84,1.8,open-meteo
2025-08-06,경기,119,25.5,28.8,23.5,18.5,93,3.7,open-meteo
2025-08-07,경기,119,25.9,29.5,23.0,0.9,84,2.7,open-meteo
2025-08-08,경기,119,24.9,29.3,21.2,0.3,83,1.1,open-meteo
2025-08-09,경기,119,23.8,26.4,22.1,3.2,85,1.1,open-meteo
2025-08-10,경기,119,24.9,30.4,20.8,0.0,78,1.9,open-meteo
2025-08-11,경기,119,24.0,26.3,22.3,0.0,89,1.4,open-meteo
2025-08-12,경기,119,25.2,30.6,19.9,0.0,80,1.6,open-meteo
2025-08-13,경기,119,24.8,28.2,22.8,29.6,93,3.6,open-meteo
2025-08-14,경기,119,24.5,27.0,23.0,34.5,94,2.4,open-meteo
2025-08-15,경기,119,26.1,30.1,23.3,1.5,89,1.5,open-meteo
2025-08-16,경기,119,26.5,30.5,23.8,1.3,87,1.9,open-meteo
2025-08-17,경기,119,26.4,30.3,23.2,0.6,85,2.0,open-meteo
2025-08-18,경기,119,27.0,30.7,24.2,1.1,86,2.5,open-meteo
2025-08-19,경기,119,27.1,30.1,24.7,1.6,85,2.9,open-meteo
2025-08-20,경기,119,27.1,30.6,24.0,2.5,84,2.2,open-meteo
2025-08-21,경기,119,27.4,31.3,24.4,1.1,84,1.7,open-meteo
2025-08-22,경기,119,27.1,31.5,24.0,0.0,84,1.8,open-meteo
2025-08-23,경기,119,27.6,31.9,23.9,0.7,84,1.8,open-meteo
2025-08-24,경기,119,28.3,32.8,24.5,0.3,80,1.4,open-meteo
2025-08-25,경기,119,27.4,31.9,24.0,21.8,85,2.9,open-meteo
2025-08-26,경기,119,25.2,29.0,23.2,22.2,90,3.1,open-meteo
2025-08-27,경기,119,25.4,29.9,21.9,0.1,83,1.2,open-meteo
2025-08-28,경기,119,26.1,30.0,23.3,1.5,83,2.8,open-meteo
2025-08-29,경기,119,27.0,30.2,24.9,5.9,88,3.9,open-meteo
2025-08-30,경기,119,26.7,30.8,23.4,3.2,84,1.4,open-meteo
2025-08-31,경기,119,26.5,29.8,24.0,3.4,87,2.1,open-meteo
2025-09-01,경기,119,24.6,28.8,22.6,17.6,93,3.0,open-meteo
2025-09-02,경기,119,24.2,28.7,19.9,0.0,83,1.6,open-meteo
2025-09-03,경기,119,25.2,30.1,19.9,0.0,79,1.7,open-meteo
2025-09-04,경기,119,24.9,29.0,22.2,13.9,84,2.6,open-meteo
2025-09-05,경기,119,26.1,30.5,21.7,0.3,78,1.8,open-meteo
2025-09-06,경기,119,25.7,29.8,23.1,28.6,88,3.7,open-meteo
2025-09-07,경기,119,24.1,27.2,21.0,1.7,88,2.2,open-meteo
2025-09-08,경기,119,22.8,26.6,19.2,0.0,81,1.1,open-meteo
2025-09-09,경기,119,22.4,25.9,20.2,0.7,79,1.0,open-meteo
2025-09-10,경기,119,23.0,28.9,18.7,0.0,72,1.6,open-meteo
2025-09-11,경기,119,23.7,29.5,17.4,0.0,66,2.3,open-meteo
2025-09-12,경기,119,21.9,24.9,19.0,10.2,80,3.1,open-meteo
2025-09-13,경기,119,22.8,26.8,19.2,35.1,84,2.9,open-meteo
2025-09-14,경기,119,23.1,27.4,19.9,0.2,82,1.4,open-meteo
2025-09-15,경기,119,23.7,28.4,19.3,0.0,84,0.8,open-meteo
2025-09-16,경기,119,23.6,27.7,20.8,16.6,91,2.1,open-meteo
2025-09-17,경기,119,22.1,24.1,20.4,24.0,94,2.0,open-meteo
2025-09-18,경기,119,21.0,24.1,18.8,0.9,81,2.6,open-meteo
2025-09-19,경기,119,18.9,20.6,17.6,11.8,84,3.2,open-meteo
2025-09-20,경기,119,19.2,23.2,16.6,46.6,84,3.1,open-meteo
2025-09-21,경기,119,20.3,25.2,16.5,0.2,73,2.8,open-meteo
2025-09-22,경기,119,19.8,24.0,17.1,0.0,71,2.6,open-meteo
2025-09-23,경기,119,20.5,24.2,17.1,0.0,67,2.7,open-meteo
2025-09-24,경기,119,20.9,24.0,18.4,27.4,86,3.5,open-meteo
2025-09-25,경기,119,21.1,25.1,18.6,0.5,85,1.3,open-meteo
2025-09-26,경기,119,20.4,25.2,16.5,0.0,86,1.3,open-meteo
2025-09-27,경기,119,21.2,26.4,16.0,0.0,81,1.8,open-meteo
2025-09-28,경기,119,20.0,22.6,18.1,33.6,91,2.0,open-meteo
2025-09-29,경기,119,18.8,23.1,16.1,0.0,80,1.6,open-meteo
2025-09-30,경기,119,18.2,22.6,15.0,0.1,85,0.9,open-meteo
2025-10-01,경기,119,18.7,23.4,14.2,0.4,85,1.1,open-meteo
2025-10-02,경기,119,20.2,24.8,16.5,0.0,83,0.9,open-meteo
2025-10-03,경기,119,20.2,23.1,18.1,2.0,81,3.5,open-meteo
2025-10-04,경기,119,21.3,24.1,19.3,0.0,81,1.8,open-meteo
2025-10-05,경기,119,20.3,23.3,18.9,6.6,93,1.3,open-meteo
2025-10-06,경기,119,18.4,20.1,15.9,27.4,93,3.9,open-meteo
2025-10-07,경기,119,18.8,21.3,16.4,13.9,89,3.8,open-meteo
2025-10-08,경기,119,20.9,25.7,17.8,0.0,79,2.3,open-meteo
2025-10-09,경기,119,20.3,22.9,18.6,0.1,76,3.4,open-meteo
2025-10-10,경기,119,17.9,19.3,17.0,16.9,90,3.2,open-meteo
2025-10-11,경기,119,20.9,25.1,17.8,8.1,89,3.6,open-meteo
2025-10-12,경기,119,18.7,22.2,16.4,1.6,87,2.4,open-meteo
2025-10-13,경기,119,16.5,18.3,14.2,14.7,91,3.8,open-meteo
2025-10-14,경기,119,16.5,19.6,14.3,0.9,84,3.0,open-meteo
2025-10-15,경기,119,19.2,24.0,16.0,13.8,79,2.9,open-meteo
2025-10-16,경기,119,19.4,23.7,16.8,11.5,80,2.9,open-meteo
2025-10-17,경기,119,18.7,23.7,15.0,7.9,79,2.4,open-meteo
2025-10-18,경기,119,15.6,17.8,13.0,14.2,88,3.0,open-meteo
2025-10-19,경기,119,14.5,19.0,8.5,0.1,77,2.8,open-meteo
2025-10-20,경기,119,9.2,14.4,4.8,0.0,70,3.1,open-meteo
2025-10-21,경기,119,8.7,13.4,4.8,0.0,69,2.6,open-meteo
2025-10-22,경기,119,12.0,17.8,6.6,0.2,77,2.3,open-meteo
2025-10-23,경기,119,14.2,19.0,10.6,0.4,78,2.1,open-meteo
2025-10-24,경기,119,14.6,19.3,11.0,0.1,73,2.1,open-meteo
2025-10-25,경기,119,13.6,17.1,11.6,0.3,77,1.9,open-meteo
2025-10-26,경기,119,12.2,14.5,10.2,0.3,74,2.1,open-meteo
2025-10-27,경기,119,6.8,10.1,2.2,0.0,52,4.1,open-meteo
2025-10-28,경기,119,6.7,11.9,1.9,0.0,61,1.6,open-meteo
2025-10-29,경기,119,9.2,15.2,4.0,0.0,72,1.6,open-meteo
2025-10-30,경기,119,10.9,16.2,6.5,0.0,72,1.4,open-meteo
2025-10-31,경기,119,13.4,18.7,9.8,0.2,76,2.1,open-meteo
2025-11-01,경기,119,11.8,15.0,9.1,4.4,76,3.0,open-meteo
2025-11-02,경기,119,7.8,10.1,2.7,0.0,64,4.3,open-meteo
2025-11-03,경기,119,5.2,11.9,-0.2,0.0,65,1.6,open-meteo
2025-11-04,경기,119,8.3,14.1,3.5,0.0,74,1.3,open-meteo
2025-11-05,경기,119,10.1,15.9,5.5,0.0,69,1.9,open-meteo
2025-11-06,경기,119,11.1,16.9,6.0,0.0,75,1.9,open-meteo
2025-11-07,경기,119,12.3,18.6,7.1,0.0,73,2.0,open-meteo
2025-11-08,경기,119,13.0,16.4,10.8,0.0,79,2.3,open-meteo
2025-11-09,경기,119,12.1,15.8,9.7,0.0,73,3.2,open-meteo
2025-11-10,경기,119,7.3,10.2,4.9,0.0,44,3.7,open-meteo
2025-11-11,경기,119,7.3,13.1,2.8,0.0,64,1.7,open-meteo
2025-11-12,경기,119,8.3,14.4,3.2,0.0,76,1.3,open-meteo
2025-11-13,경기,119,9.0,15.7,3.6,0.0,74,2.1,open-meteo
2025-11-14,경기,119,7.3,12.4,2.4,0.0,63,2.1,open-meteo
2025-11-15,경기,119,7.6,14.2,1.5,0.0,62,0.9,open-meteo
2025-11-16,경기,119,9.7,15.8,4.4,0.5,70,2.6,open-meteo
2025-11-17,경기,119,3.2,9.0,-0.8,0.0,44,4.8,open-meteo
2025-11-18,경기,119,0.6,4.0,-3.1,0.0,54,3.1,open-meteo
2025-11-19,경기,119,1.4,6.1,-2.7,0.0,63,1.5,open-meteo
2025-11-20,경기,119,5.9,12.7,0.1,0.0,67,3.2,open-meteo
2025-11-21,경기,119,5.4,10.2,-0.1,0.0,61,2.3,open-meteo
2025-11-22,경기,119,7.6,13.1,3.2,0.0,70,1.7,open-meteo
2025-11-23,경기,119,8.7,12.9,5.2,0.3,79,2.7,open-meteo
2025-11-24,경기,119,10.3,15.6,7.2,0.7,83,2.9,open-meteo
2025-11-25,경기,119,6.1,8.9,3.0,3.4,84,3.0,open-meteo
2025-11-26,경기,119,4.8,8.3,2.2,0.0,76,1.2,open-meteo
2025-11-27,경기,119,4.6,7.9,2.6,12.0,82,4.3,open-meteo
2025-11-28,경기,119,1.2,5.4,-2.0,0.0,65,2.2,open-meteo
2025-11-29,경기,119,3.9,9.9,-1.3,0.4,69,2.8,open-meteo
2025-11-30,경기,119,9.9,15.4,6.4,0.4,90,2.8,open-meteo
2025-12-01,경기,119,4.9,10.2,1.1,0.0,70,3.2,open-meteo
2025-12-02,경기,119,-0.6,1.8,-6.1,0.0,51,3.8,open-meteo
2025-12-03,경기,119,-6.6,-3.1,-8.5,0.0,45,4.0,open-meteo
2025-12-04,경기,119,-4.6,0.0,-9.4,1.5,53,2.4,open-meteo
2025-12-05,경기,119,-4.9,0.2,-9.2,0.0,61,2.1,open-meteo
2025-12-06,경기,119,0.9,6.4,-2.7,1.2,75,3.1,open-meteo
2025-12-07,경기,119,4.8,10.8,-0.3,0.1,88,2.0,open-meteo
2025-12-08,경기,119,1.7,5.2,-1.2,0.0,59,3.1,open-meteo
2025-12-09,경기,119,0.9,6.3,-2.5,0.0,68,1.4,open-meteo
2025-12-10,경기,119,3.2,8.1,-0.3,0.1,78,2.1,open-meteo
2025-12-11,경기,119,3.0,7.4,-3.8,7.6,74,3.3,open-meteo
2025-12-12,경기,119,0.5,6.0,-4.2,0.0,65,2.5,open-meteo
2025-12-13,경기,119,1.9,3.6,-1.0,9.9,90,2.5,open-meteo
2025-12-14,경기,119,-0.4,2.6,-2.6,0.0,73,3.6,open-meteo
2025-12-15,경기,119,0.3,4.3,-3.4,0.0,72,1.6,open-meteo
2025-12-16,경기,119,2.2,4.6,0.9,4.2,92,2.0,open-meteo
2025-12-17,경기,119,2.0,5.8,-0.9,0.0,82,2.4,open-meteo
2025-12-18,경기,119,0.4,5.7,-2.9,0.0,71,1.2,open-meteo
2025-12-19,경기,119,3.0,8.5,-1.6,0.0,72,2.1,open-meteo
2025-12-20,경기,119,6.1,10.1,0.9,4.4,87,2.9,open-meteo
2025-12-21,경기,119,-2.2,0.3,-4.5,0.0,50,3.8,open-meteo
2025-12-22,경기,119,-2.0,3.5,-5.7,0.0,53,1.6,open-meteo
2025-12-23,경기,119,1.3,4.5,-0.7,11.1,73,2.7,open-meteo
2025-12-24,경기,119,1.0,3.5,-2.6,0.0,88,2.8,open-meteo
2025-12-25,경기,119,-4.1,-0.7,-9.6,0.0,65,4.6,open-meteo
2025-12-26,경기,119,-8.9,-5.4,-11.8,0.0,40,3.6,open-meteo
2025-12-27,경기,119,-3.3,2.3,-7.9,0.0,53,1.4,open-meteo
2025-12-28,경기,119,1.4,5.7,-1.6,0.3,85,2.3,open-meteo
2025-12-29,경기,119,3.1,8.3,-1.3,2.7,85,2.8,open-meteo
2025-12-30,경기,119,-1.7,1.9,-4.5,0.0,54,2.8,open-meteo
2025-12-31,경기,119,-5.7,-2.0,-8.6,0.0,45,3.8,open-meteo
2025-01-01,강원,101,0.2,6.6,-4.2,0.0,62,2.2,open-meteo
2025-01-02,강원,101,-0.2,5.6,-3.3,0.0,54,1.7,open-meteo
2025-01-03,강원,101,-2.6,1.1,-5.6,0.0,51,1.8,open-meteo
2025-01-04,강원,101,-2.0,3.1,-5.8,0.0,54,1.6,open-meteo
2025-01-05,강원,101,0.3,2.5,-2.9,5.3,81,1.2,open-meteo
2025-01-06,강원,101,-0.6,2.6,-7.7,1.6,85,1.5,open-meteo
2025-01-07,강원,101,-7.3,-2.1,-12.8,0.0,68,2.1,open-meteo
2025-01-08,강원,101,-6.5,-1.7,-10.3,0.0,65,2.2,open-meteo
2025-01-09,강원,101,-12.4,-8.9,-15.7,0.0,51,2.5,open-meteo
2025-01-10,강원,101,-12.8,-6.3,-17.5,0.0,60,0.6,open-meteo
2025-01-11,강원,101,-9.9,-2.9,-15.8,0.0,63,0.6,open-meteo
2025-01-12,강원,101,-6.9,1.3,-12.2,0.0,65,0.8,open-meteo
2025-01-13,강원,101,-4.0,3.6,-10.1,0.4,77,1.5,open-meteo
2025-01-14,강원,101,1.1,5.7,-3.4,0.0,69,2.6,open-meteo
2025-01-15,강원,101,-4.7,-2.8,-7.2,0.0,43,2.6,open-meteo
2025-01-16,강원,101,-2.5,0.7,-6.4,0.0,69,2.1,open-meteo
2025-01-17,강원,101,-2.4,4.1,-7.0,0.0,68,1.1,open-meteo
2025-01-18,강원,101,-0.5,6.0,-4.5,0.0,53,1.0,open-meteo
2025-01-19,강원,101,0.3,5.9,-4.3,0.1,71,1.1,open-meteo
2025-01-20,강원,101,1.8,5.4,-1.0,0.1,83,0.8,open-meteo
2025-01-21,강원,101,0.9,6.8,-2.6,0.0,74,1.1,open-meteo
2025-01-22,강원,101,1.6,6.3,-1.6,0.0,72,1.8,open-meteo
2025-01-23,강원,101,0.1,6.8,-3.2,0.0,63,1.0,open-meteo
2025-01-24,강원,101,0.5,8.3,-4.4,0.0,63,1.7,open-meteo
2025-01-25,강원,101,1.6,7.8,-1.9,0.0,74,2.4,open-meteo
2025-01-26,강원,101,1.1,6.1,-2.4,0.0,73,1.4,open-meteo
2025-01-27,강원,101,-0.8,1.3,-4.6,6.5,82,3.0,open-meteo
2025-01-28,강원,101,-5.7,-4.8,-7.4,0.4,80,4.2,open-meteo
2025-01-29,강원,101,-7.6,-5.2,-10.4,0.0,76,3.0,open-meteo
2025-01-30,강원,101,-7.9,-2.3,-13.9,0.0,59,1.5,open-meteo
2025-01-31,강원,101,-2.9,-0.1,-8.0,2.4,79,1.1,open-meteo
2025-02-01,강원,101,-1.1,5.2,-6.8,0.0,81,1.4,open-meteo
2025-02-02,강원,101,-1.0,5.2,-7.2,0.0,74,1.2,open-meteo
2025-02-03,강원,101,-4.6,0.1,-9.2,0.0,55,3.3,open-meteo
2025-02-04,강원,101,-10.1,-6.9,-13.1,0.0,45,2.9,open-meteo
2025-02-05,강원,101,-9.9,-5.3,-13.3,0.0,46,2.7,open-meteo
2025-02-06,강원,101,-7.4,-0.6,-12.8,0.3,47,2.6,open-meteo
2025-02-07,강원,101,-9.3,-6.9,-12.0,0.5,55,3.4,open-meteo
2025-02-08,강원,101,-9.4,-3.4,-14.1,0.0,52,1.8,open-meteo
2025-02-09,강원,101,-6.9,-0.4,-12.1,0.0,62,1.8,open-meteo
2025-02-10,강원,101,-5.6,0.2,-10.9,0.0,66,1.9,open-meteo
2025-02-11,강원,101,-2.4,5.7,-9.4,0.0,63,1.2,open-meteo
2025-02-12,강원,101,0.1,3.0,-3.4,1.6,78,2.2,open-meteo
2025-02-13,강원,101,-1.8,4.6,-8.0,0.0,51,2.8,open-meteo
2025-02-14,강원,101,1.5,8.6,-3.9,0.0,68,1.9,open-meteo
2025-02-15,강원,101,1.2,6.5,-2.1,0.0,77,1.4,open-meteo
2025-02-16,강원,101,2.7,9.1,-2.0,0.0,78,2.2,open-meteo
2025-02-17,강원,101,-1.3,2.6,-3.7,0.0,44,3.6,open-meteo
2025-02-18,강원,101,-3.0,1.2,-6.3,0.0,36,2.8,open-meteo
2025-02-19,강원,101,-3.4,1.3,-7.0,0.0,43,2.5,open-meteo
2025-02-20,강원,101,-3.3,1.7,-7.0,0.0,43,2.2,open-meteo
2025-02-21,강원,101,-3.4,1.8,-7.5,0.0,45,2.3,open-meteo
2025-02-22,강원,101,-2.7,2.5,-6.6,0.0,40,2.4,open-meteo
2025-02-23,강원,101,-4.0,0.4,-7.1,0.0,43,2.8,open-meteo
2025-02-24,강원,101,-2.7,3.9,-7.7,0.0,43,2.2,open-meteo
2025-02-25,강원,101,0.5,6.3,-4.4,0.4,68,3.6,open-meteo
2025-02-26,강원,101,2.0,7.0,-2.0,0.0,61,2.8,open-meteo
2025-02-27,강원,101,3.0,11.3,-3.7,0.0,38,1.6,open-meteo
2025-02-28,강원,101,4.4,10.9,0.2,0.0,60,1.4,open-meteo
2025-03-01,강원,101,5.0,13.8,-0.3,0.0,72,1.0,open-meteo
2025-03-02,강원,101,3.7,12.5,0.4,8.4,79,3.9,open-meteo
2025-03-03,강원,101,0.2,2.0,-1.9,9.6,73,5.1,open-meteo
2025-03-04,강원,101,0.7,1.9,-0.9,3.7,80,3.1,open-meteo
2025-03-05,강원,101,1.7,5.1,-2.0,0.0,79,2.0,open-meteo
2025-03-06,강원,101,1.9,8.0,-2.6,0.0,74,1.2,open-meteo
2025-03-07,강원,101,2.7,9.3,-4.4,0.0,63,0.9,open-meteo
2025-03-08,강원,101,3.7,9.2,-0.1,0.0,64,1.7,open-meteo
2025-03-09,강원,101,3.9,12.0,-2.2,0.0,69,0.9,open-meteo
2025-03-10,강원,101,5.2,13.1,-0.8,0.0,65,1.4,open-meteo
2025-03-11,강원,101,6.0,14.4,-0.2,0.0,65,0.9,open-meteo
2025-03-12,강원,101,7.4,13.7,2.8,0.1,81,2.6,open-meteo
2025-03-13,강원,101,6.9,14.7,1.0,0.0,66,1.2,open-meteo
2025-03-14,강원,101,7.1,15.9,-0.7,0.0,55,2.1,open-meteo
2025-03-15,강원,101,7.1,13.6,2.6,0.0,66,2.2,open-meteo
2025-03-16,강원,101,3.4,5.6,-0.3,5.2,82,2.5,open-meteo
2025-03-17,강원,101,0.0,3.6,-3.7,0.4,66,1.9,open-meteo
2025-03-18,강원,101,0.5,3.9,-4.0,7.2,75,2.1,open-meteo
2025-03-19,강원,101,0.5,5.7,-5.3,0.1,64,1.9,open-meteo
2025-03-20,강원,101,5.0,13.3,-2.2,0.0,70,2.6,open-meteo
2025-03-21,강원,101,8.6,17.5,0.1,0.0,72,3.0,open-meteo
2025-03-22,강원,101,10.6,19.8,2.2,0.0,62,2.7,open-meteo
2025-03-23,강원,101,12.2,22.1,2.2,0.0,62,1.3,open-meteo
2025-03-24,강원,101,13.1,20.6,7.4,0.0,65,2.7,open-meteo
2025-03-25,강원,101,11.7,21.2,6.5,0.0,74,3.6,open-meteo
2025-03-26,강원,101,11.6,22.1,2.2,0.0,62,1.5,open-meteo
2025-03-27,강원,101,12.8,20.1,8.6,3.8,67,1.7,open-meteo
2025-03-28,강원,101,5.8,11.0,2.1,0.7,61,2.5,open-meteo
2025-03-29,강원,101,1.5,6.0,-1.9,1.7,49,3.3,open-meteo
2025-03-30,강원,101,1.0,6.0,-3.8,0.0,53,3.1,open-meteo
2025-03-31,강원,101,4.4,11.7,-2.3,0.0,59,1.9,open-meteo
2025-04-01,강원,101,7.1,15.1,-0.4,0.0,57,1.0,open-meteo
2025-04-02,강원,101,7.0,15.5,0.5,1.9,68,1.2,open-meteo
2025-04-03,강원,101,7.2,14.4,0.2,0.0,70,1.3,open-meteo
2025-04-04,강원,101,8.3,15.6,1.7,0.0,65,1.8,open-meteo
2025-04-05,강원,101,5.7,7.5,3.6,14.4,93,1.0,open-meteo
2025-04-06,강원,101,8.3,15.2,3.3,0.3,74,2.8,open-meteo
2025-04-07,강원,101,10.5,18.6,1.6,0.0,65,2.4,open-meteo
2025-04-08,강원,101,11.9,18.1,6.0,2.9,63,2.5,open-meteo
2025-04-09,강원,101,10.4,16.9,3.8,0.1,67,1.4,open-meteo
2025-04-10,강원,101,11.3,18.0,4.5,0.1,70,1.1,open-meteo
2025-04-11,강원,101,13.7,22.9,5.1,0.0,63,0.9,open-meteo
2025-04-12,강원,101,13.5,22.0,7.0,7.2,66,2.6,open-meteo
2025-04-13,강원,101,4.2,7.6,1.6,11.7,79,5.1,open-meteo
2025-04-14,강원,101,4.1,7.9,0.2,5.3,79,2.0,open-meteo
2025-04-15,강원,101,6.6,15.2,-0.8,0.0,73,2.6,open-meteo
2025-04-16,강원,101,11.7,20.2,3.8,0.0,73,1.8,open-meteo
2025-04-17,강원,101,17.6,24.9,10.6,0.9,71,2.7,open-meteo
2025-04-18,강원,101,17.3,22.9,12.9,0.2,76,2.3,open-meteo
2025-04-19,강원,101,15.2,21.5,12.4,23.0,92,2.7,open-meteo
2025-04-20,강원,101,15.6,23.0,10.2,0.0,75,1.4,open-meteo
2025-04-21,강원,101,17.0,24.5,8.7,0.0,73,1.6,open-meteo
2025-04-22,강원,101,15.9,18.4,11.9,25.2,95,1.4,open-meteo
2025-04-23,강원,101,14.4,20.5,8.2,0.0,71,2.3,open-meteo
2025-04-24,강원,101,13.6,19.8,8.8,0.0,66,2.8,open-meteo
2025-04-25,강원,101,10.5,16.0,4.1,0.0,52,2.6,open-meteo
2025-04-26,강원,101,11.8,18.8,4.6,0.0,60,2.6,open-meteo
2025-04-27,강원,101,13.2,20.0,7.0,0.0,60,3.2,open-meteo
2025-04-28,강원,101,12.5,18.5,7.2,0.0,57,2.6,open-meteo
2025-04-29,강원,101,11.6,19.0,3.5,0.0,60,2.0,open-meteo
2025-04-30,강원,101,15.5,23.9,6.4,0.0,54,1.9,open-meteo
2025-05-01,강원,101,13.0,18.6,9.4,19.4,78,2.2,open-meteo
2025-05-02,강원,101,12.4,17.7,6.9,0.0,68,2.8,open-meteo
2025-05-03,강원,101,10.9,14.0,8.3,9.0,83,2.2,open-meteo
2025-05-04,강원,101,11.8,18.5,5.6,0.2,73,3.0,open-meteo
2025-05-05,강원,101,10.0,13.5,5.1,0.1,77,1.5,open-meteo
2025-05-06,강원,101,12.2,17.8,5.6,0.0,71,1.5,open-meteo
2025-05-07,강원,101,13.0,19.0,6.0,0.1,73,1.3,open-meteo
2025-05-08,강원,101,15.5,22.9,7.5,0.0,67,1.2,open-meteo
2025-05-09,강원,101,13.6,15.5,12.0,17.4,88,2.2,open-meteo
2025-05-10,강원,101,12.3,13.1,11.5,13.5,97,2.9,open-meteo
2025-05-11,강원,101,13.7,17.8,11.1,1.8,85,1.6,open-meteo
2025-05-12,강원,101,14.8,21.3,8.3,0.0,76,2.0,open-meteo
2025-05-13,강원,101,17.1,24.3,10.6,0.0,67,1.8,open-meteo
2025-05-14,강원,101,18.4,25.1,10.9,0.0,62,1.5,open-meteo
2025-05-15,강원,101,18.7,22.0,16.2,3.6,85,2.9,open-meteo
2025-05-16,강원,101,18.2,23.0,14.9,5.7,93,1.3,open-meteo
2025-05-17,강원,101,18.4,24.6,14.2,6.4,86,3.2,open-meteo
2025-05-18,강원,101,14.8,20.0,9.7,0.1,70,2.2,open-meteo
2025-05-19,강원,101,15.0,21.0,8.3,1.3,76,2.4,open-meteo
2025-05-20,강원,101,20.8,26.9,16.8,2.9,89,2.9,open-meteo
2025-05-21,강원,101,24.3,29.4,18.5,0.9,80,1.7,open-meteo
2025-05-22,강원,101,19.5,24.8,15.4,0.1,66,2.7,open-meteo
2025-05-23,강원,101,16.8,21.9,13.0,3.6,69,2.3,open-meteo
2025-05-24,강원,101,13.8,15.9,12.1,2.5,80,2.8,open-meteo
2025-05-25,강원,101,15.7,21.1,9.1,0.1,74,1.5,open-meteo
2025-05-26,강원,101,17.9,24.4,11.2,0.0,71,1.0,open-meteo
2025-05-27,강원,101,19.0,25.1,12.0,0.0,64,0.9,open-meteo
2025-05-28,강원,101,18.0,24.0,13.1,7.4,83,0.8,open-meteo
2025-05-29,강원,101,18.6,25.4,13.3,0.5,79,1.0,open-meteo
2025-05-30,강원,101,19.1,26.4,12.6,0.0,66,1.6,open-meteo
2025-05-31,강원,101,19.3,27.1,10.8,0.0,65,1.1,open-meteo
2025-06-01,강원,101,21.8,28.6,14.2,0.0,67,0.9,open-meteo
2025-06-02,강원,101,19.6,22.6,16.8,1.4,83,0.7,open-meteo
2025-06-03,강원,101,20.6,25.3,16.7,0.0,65,2.4,open-meteo
2025-06-04,강원,101,18.8,24.7,13.0,0.1,56,3.6,open-meteo
2025-06-05,강원,101,20.1,27.7,12.5,0.0,55,2.1,open-meteo
2025-06-06,강원,101,22.5,30.5,14.9,0.0,49,2.6,open-meteo
2025-06-07,강원,101,21.8,26.8,15.8,3.7,63,2.1,open-meteo
2025-06-08,강원,101,24.9,30.7,19.8,0.7,65,1.4,open-meteo
2025-06-09,강원,101,25.1,31.4,20.3,0.4,62,2.1,open-meteo
2025-06-10,강원,101,22.0,26.0,18.2,0.4,69,3.0,open-meteo
2025-06-11,강원,101,22.2,29.0,14.7,0.0,58,2.2,open-meteo
2025-06-12,강원,101,24.9,31.9,16.9,0.0,51,0.8,open-meteo
2025-06-13,강원,101,24.2,30.4,18.9,0.4,56,1.6,open-meteo
2025-06-14,강원,101,25.1,31.9,19.2,0.3,70,1.4,open-meteo
2025-06-15,강원,101,26.4,33.2,20.2,5.2,68,2.3,open-meteo
2025-06-16,강원,101,23.0,24.8,20.9,26.2,92,3.1,open-meteo
2025-06-17,강원,101,23.1,27.0,19.0,2.0,80,2.9,open-meteo
2025-06-18,강원,101,24.0,29.8,18.4,0.0,73,1.7,open-meteo
2025-06-19,강원,101,26.4,33.9,18.8,0.7,63,1.6,open-meteo
2025-06-20,강원,101,23.2,24.7,22.0,53.2,95,4.5,open-meteo
2025-06-21,강원,101,21.9,23.8,20.3,2.3,91,2.5,open-meteo
2025-06-22,강원,101,22.2,27.0,17.9,0.0,80,2.1,open-meteo
2025-06-23,강원,101,23.4,28.9,17.5,0.1,78,0.8,open-meteo
2025-06-24,강원,101,23.1,27.6,19.6,2.9,78,1.6,open-meteo
2025-06-25,강원,101,21.0,23.0,19.1,4.1,85,2.1,open-meteo
2025-06-26,강원,101,22.4,26.3,19.7,0.2,86,1.6,open-meteo
2025-06-27,강원,101,23.0,26.2,19.8,0.0,89,0.7,open-meteo
2025-06-28,강원,101,23.9,26.5,21.8,8.7,96,1.0,open-meteo
2025-06-29,강원,101,26.4,30.4,23.0,0.5,86,2.1,open-meteo
2025-06-30,강원,101,26.6,30.8,22.9,0.5,82,2.3,open-meteo
2025-07-01,강원,101,26.4,29.8,24.1,7.1,89,2.9,open-meteo
2025-07-02,강원,101,27.0,30.8,24.9,0.7,86,2.9,open-meteo
2025-07-03,강원,101,27.3,31.0,24.5,0.2,82,2.9,open-meteo
2025-07-04,강원,101,26.3,29.1,23.7,1.6,82,3.2,open-meteo
2025-07-05,강원,101,27.6,32.9,24.2,0.3,78,2.9,open-meteo
2025-07-06,강원,101,27.9,32.6,24.4,0.2,81,2.6,open-meteo
2025-07-07,강원,101,28.7,34.0,25.2,2.2,83,1.2,open-meteo
2025-07-08,강원,101,29.4,35.4,24.8,0.5,78,1.5,open-meteo
2025-07-09,강원,101,29.1,35.3,23.4,0.4,71,2.1,open-meteo
2025-07-10,강원,101,27.6,34.3,21.6,0.0,59,2.9,open-meteo
2025-07-11,강원,101,26.7,33.9,20.2,0.0,63,3.1,open-meteo
2025-07-12,강원,101,28.7,37.1,19.9,0.0,57,1.5,open-meteo
2025-07-13,강원,101,25.9,31.2,22.6,2.8,73,1.1,open-meteo
2025-07-14,강원,101,22.9,24.8,20.7,7.6,89,1.6,open-meteo
2025-07-15,강원,101,22.5,26.3,19.7,21.2,83,2.2,open-meteo
2025-07-16,강원,101,22.7,25.6,20.6,31.0,91,2.3,open-meteo
2025-07-17,강원,101,23.0,25.2,21.4,72.6,96,2.4,open-meteo
2025-07-18,강원,101,24.3,27.6,22.0,12.2,90,1.8,open-meteo
2025-07-19,강원,101,23.7,26.6,22.2,30.7,95,2.3,open-meteo
2025-07-20,강원,101,26.1,30.4,22.8,33.1,87,2.7,open-meteo
2025-07-21,강원,101,26.5,29.9,23.5,2.0,87,2.6,open-meteo
2025-07-22,강원,101,26.7,29.7,24.3,3.2,89,2.0,open-meteo
2025-07-23,강원,101,26.9,30.8,23.0,0.0,85,1.0,open-meteo
2025-07-24,강원,101,27.6,32.1,23.5,0.0,82,0.8,open-meteo
2025-07-25,강원,101,28.4,33.6,23.2,0.0,80,0.6,open-meteo
2025-07-26,강원,101,29.2,34.1,24.7,0.0,79,0.6,open-meteo
2025-07-27,강원,101,29.8,34.4,24.9,0.0,75,0.9,open-meteo
2025-07-28,강원,101,30.1,35.1,24.7,0.0,71,0.9,open-meteo
2025-07-29,강원,101,30.4,35.7,25.5,0.0,75,0.6,open-meteo
2025-07-30,강원,101,30.4,36.0,25.4,0.1,70,1.0,open-meteo
2025-07-31,강원,101,29.5,33.3,26.1,0.1,73,0.9,open-meteo
2025-08-01,강원,101,29.6,34.7,25.1,0.0,75,0.8,open-meteo
2025-08-02,강원,101,29.7,34.1,25.6,0.0,74,1.1,open-meteo
2025-08-03,강원,101,28.4,32.0,24.6,0.5,78,1.0,open-meteo
2025-08-04,강원,101,27.0,31.7,23.1,0.0,79,1.3,open-meteo
2025-08-05,강원,101,27.8,31.6,24.4,0.3,80,2.0,open-meteo
2025-08-06,강원,101,25.3,27.2,24.2,15.2,95,2.9,open-meteo
2025-08-07,강원,101,26.0,29.8,22.3,0.1,81,1.5,open-meteo
2025-08-08,강원,101,25.4,29.8,21.6,0.1,84,1.1,open-meteo
2025-08-09,강원,101,23.9,25.8,21.6,1.1,89,0.8,open-meteo
2025-08-10,강원,101,25.1,30.8,20.1,0.0,81,1.3,open-meteo
2025-08-11,강원,101,24.8,27.7,22.2,0.4,88,0.9,open-meteo
2025-08-12,강원,101,26.1,31.6,21.3,0.4,80,0.8,open-meteo
2025-08-13,강원,101,24.3,26.0,23.2,47.3,96,2.1,open-meteo
2025-08-14,강원,101,24.9,27.8,23.0,36.9,93,2.4,open-meteo
2025-08-15,강원,101,26.3,30.8,23.2,0.2,86,1.2,open-meteo
2025-08-16,강원,101,26.9,30.9,23.8,0.1,85,2.3,open-meteo
2025-08-17,강원,101,26.5,30.5,23.7,0.7,86,2.4,open-meteo
2025-08-18,강원,101,27.0,30.8,23.8,1.3,85,2.6,open-meteo
2025-08-19,강원,101,27.3,30.6,25.0,2.0,85,2.9,open-meteo
2025-08-20,강원,101,27.3,31.5,24.1,1.4,84,2.2,open-meteo
2025-08-21,강원,101,28.2,33.0,24.4,0.9,81,1.2,open-meteo
2025-08-22,강원,101,28.5,33.6,24.5,0.0,77,2.0,open-meteo
2025-08-23,강원,101,28.1,32.9,24.6,1.4,83,1.3,open-meteo
2025-08-24,강원,101,29.1,33.7,25.5,0.4,80,1.2,open-meteo
2025-08-25,강원,101,28.1,32.9,24.2,3.9,80,2.0,open-meteo
2025-08-26,강원,101,25.8,29.8,23.6,20.7,88,2.7,open-meteo
2025-08-27,강원,101,26.2,30.5,23.4,0.5,82,0.8,open-meteo
2025-08-28,강원,101,26.4,30.5,23.4,0.6,81,1.8,open-meteo
2025-08-29,강원,101,27.4,31.6,24.8,4.0,87,3.8,open-meteo
2025-08-30,강원,101,26.2,31.3,23.3,7.7,90,1.2,open-meteo
2025-08-31,강원,101,26.3,30.9,24.0,3.0,89,1.3,open-meteo
2025-09-01,강원,101,24.8,29.0,22.9,28.4,93,2.3,open-meteo
2025-09-02,강원,101,25.3,29.6,22.4,1.1,83,1.1,open-meteo
2025-09-03,강원,101,25.7,31.2,21.0,0.0,83,0.9,open-meteo
2025-09-04,강원,101,24.2,28.1,22.0,15.8,92,1.8,open-meteo
2025-09-05,강원,101,25.3,30.3,20.3,0.0,82,1.3,open-meteo
2025-09-06,강원,101,25.5,28.8,23.3,16.1,90,3.1,open-meteo
2025-09-07,강원,101,24.6,28.4,20.5,0.6,87,2.2,open-meteo
2025-09-08,강원,101,22.9,27.0,19.4,0.0,85,0.8,open-meteo
2025-09-09,강원,101,22.8,25.9,19.5,0.7,87,0.9,open-meteo
2025-09-10,강원,101,22.0,29.2,16.4,0.0,77,1.4,open-meteo
2025-09-11,강원,101,22.1,29.5,15.7,0.0,79,1.9,open-meteo
2025-09-12,강원,101,22.2,26.7,18.3,7.5,87,1.8,open-meteo
2025-09-13,강원,101,21.6,25.1,19.3,50.7,87,2.7,open-meteo
2025-09-14,강원,101,22.5,27.2,18.2,0.0,84,1.3,open-meteo
2025-09-15,강원,101,22.9,28.1,18.7,0.0,84,0.7,open-meteo
2025-09-16,강원,101,22.9,28.2,19.0,19.6,91,1.4,open-meteo
2025-09-17,강원,101,22.0,23.2,19.3,38.3,95,1.9,open-meteo
2025-09-18,강원,101,20.3,24.4,17.1,0.1,78,2.6,open-meteo
2025-09-19,강원,101,18.5,20.8,16.5,7.7,91,1.4,open-meteo
2025-09-20,강원,101,18.6,20.9,16.5,32.4,88,2.6,open-meteo
2025-09-21,강원,101,19.4,24.6,15.3,0.0,78,2.2,open-meteo
2025-09-22,강원,101,18.3,23.7,14.0,0.0,85,1.5,open-meteo
2025-09-23,강원,101,19.7,25.4,15.0,0.0,79,1.8,open-meteo
2025-09-24,강원,101,20.7,24.8,16.1,29.4,92,2.1,open-meteo
2025-09-25,강원,101,21.5,25.8,18.3,0.0,83,1.4,open-meteo
2025-09-26,강원,101,19.9,25.7,15.4,0.0,83,0.9,open-meteo
2025-09-27,강원,101,20.5,26.5,15.3,0.0,81,1.0,open-meteo
2025-09-28,강원,101,19.2,22.2,17.6,20.3,90,0.9,open-meteo
2025-09-29,강원,101,19.0,23.3,16.5,1.3,84,0.8,open-meteo
2025-09-30,강원,101,18.2,22.2,14.9,0.6,87,0.7,open-meteo
2025-10-01,강원,101,18.2,24.0,14.5,0.4,87,0.9,open-meteo
2025-10-02,강원,101,19.6,25.5,15.7,0.0,85,1.0,open-meteo
2025-10-03,강원,101,19.8,24.7,16.8,0.3,85,2.2,open-meteo
2025-10-04,강원,101,21.1,26.1,18.0,0.0,84,1.7,open-meteo
2025-10-05,강원,101,19.7,21.1,18.0,5.2,97,1.0,open-meteo
2025-10-06,강원,101,17.4,19.7,15.4,22.4,94,3.0,open-meteo
2025-10-07,강원,101,18.0,20.4,16.0,13.7,95,2.6,open-meteo
2025-10-08,강원,101,20.0,25.7,16.0,0.0,83,2.1,open-meteo
2025-10-09,강원,101,17.9,21.1,15.4,0.6,79,2.7,open-meteo
2025-10-10,강원,101,16.6,18.2,15.3,26.2,98,1.7,open-meteo
2025-10-11,강원,101,17.8,21.3,15.9,18.6,97,1.4,open-meteo
2025-10-12,강원,101,18.3,20.2,17.3,1.0,88,2.2,open-meteo
2025-10-13,강원,101,15.0,17.2,12.9,22.4,93,2.7,open-meteo
2025-10-14,강원,101,15.9,19.6,13.1,2.4,86,2.9,open-meteo
2025-10-15,강원,101,18.2,24.8,13.7,4.2,83,1.8,open-meteo
2025-10-16,강원,101,18.4,22.9,15.6,6.1,83,2.9,open-meteo
2025-10-17,강원,101,18.3,23.9,13.6,2.3,80,1.6,open-meteo
2025-10-18,강원,101,16.8,20.0,13.6,12.1,86,1.7,open-meteo
2025-10-19,강원,101,15.2,20.3,11.0,0.0,78,1.9,open-meteo
2025-10-20,강원,101,11.7,14.3,9.2,0.0,78,2.0,open-meteo
2025-10-21,강원,101,11.2,16.4,7.3,0.0,79,1.4,open-meteo
2025-10-22,강원,101,11.8,17.4,7.0,0.6,84,2.2,open-meteo
2025-10-23,강원,101,13.4,18.4,9.9,0.9,83,1.9,open-meteo
2025-10-24,강원,101,13.5,19.1,10.0,0.7,80,2.1,open-meteo
2025-10-25,강원,101,13.4,17.7,11.2,0.9,85,0.9,open-meteo
2025-10-26,강원,101,12.0,15.0,9.7,0.5,79,1.4,open-meteo
2025-10-27,강원,101,6.5,10.4,1.9,0.0,60,2.5,open-meteo
2025-10-28,강원,101,5.9,11.9,0.6,0.0,63,1.2,open-meteo
2025-10-29,강원,101,8.2,15.3,1.8,0.0,77,0.8,open-meteo
2025-10-30,강원,101,10.0,16.7,4.5,0.0,76,0.9,open-meteo
2025-10-31,강원,101,12.4,19.2,7.1,0.1,78,1.2,open-meteo
2025-11-01,강원,101,11.8,15.4,8.4,3.8,74,2.3,open-meteo
2025-11-02,강원,101,7.3,10.1,3.4,0.0,69,2.7,open-meteo
2025-11-03,강원,101,6.0,12.8,0.3,0.0,69,0.7,open-meteo
2025-11-04,강원,101,7.9,14.7,2.8,0.0,77,1.1,open-meteo
2025-11-05,강원,101,8.6,15.6,3.5,0.0,77,0.9,open-meteo
2025-11-06,강원,101,9.2,16.7,3.0,0.0,83,0.9,open-meteo
2025-11-07,강원,101,10.4,18.6,3.9,0.0,81,1.5,open-meteo
2025-11-08,강원,101,11.3,13.7,9.4,1.1,89,1.7,open-meteo
2025-11-09,강원,101,11.1,15.7,6.9,0.3,75,2.3,open-meteo
2025-11-10,강원,101,7.3,11.2,4.0,0.0,45,2.3,open-meteo
2025-11-11,강원,101,6.6,13.7,1.4,0.0,69,0.8,open-meteo
2025-11-12,강원,101,7.3,14.5,1.6,0.0,77,0.8,open-meteo
2025-11-13,강원,101,8.1,15.5,4.1,0.0,74,1.4,open-meteo
2025-11-14,강원,101,6.3,12.7,1.4,0.0,73,0.9,open-meteo
2025-11-15,강원,101,6.0,13.7,0.2,0.0,74,0.5,open-meteo
2025-11-16,강원,101,8.2,15.5,1.4,0.4,71,1.9,open-meteo
2025-11-17,강원,101,3.4,9.2,-1.2,0.0,45,3.3,open-meteo
2025-11-18,강원,101,-0.1,4.5,-3.5,0.0,59,2.0,open-meteo
2025-11-19,강원,101,0.7,6.2,-3.0,0.0,62,1.1,open-meteo
2025-11-20,강원,101,3.8,11.5,-1.7,0.0,64,2.2,open-meteo
2025-11-21,강원,101,4.0,9.6,-1.3,0.0,67,2.2,open-meteo
2025-11-22,강원,101,6.1,11.8,1.9,0.0,80,1.4,open-meteo
2025-11-23,강원,101,6.7,11.5,1.5,0.3,79,1.3,open-meteo
2025-11-24,강원,101,9.4,14.2,6.0,0.5,83,2.0,open-meteo
2025-11-25,강원,101,5.4,8.8,3.9,8.0,90,1.4,open-meteo
2025-11-26,강원,101,5.2,9.2,1.7,0.0,77,1.6,open-meteo
2025-11-27,강원,101,3.2,7.5,0.2,7.5,89,2.4,open-meteo
2025-11-28,강원,101,0.9,6.1,-2.8,0.0,68,1.7,open-meteo
2025-11-29,강원,101,2.8,8.4,-2.2,0.0,70,1.2,open-meteo
2025-11-30,강원,101,9.1,13.9,6.7,0.2,90,2.2,open-meteo
2025-12-01,강원,101,5.4,10.4,1.0,0.7,70,2.1,open-meteo
2025-12-02,강원,101,-0.0,3.3,-5.8,0.0,51,2.4,open-meteo
2025-12-03,강원,101,-6.4,-4.8,-7.8,0.0,41,2.9,open-meteo
2025-12-04,강원,101,-4.6,0.4,-9.9,1.8,50,2.3,open-meteo
2025-12-05,강원,101,-4.8,0.7,-11.1,0.0,61,1.9,open-meteo
2025-12-06,강원,101,-0.2,3.5,-5.0,0.5,73,1.5,open-meteo
2025-12-07,강원,101,4.3,10.6,-0.0,0.0,85,2.0,open-meteo
2025-12-08,강원,101,1.1,5.8,-2.9,0.0,61,1.7,open-meteo
2025-12-09,강원,101,0.1,6.4,-4.3,0.0,65,1.7,open-meteo
2025-12-10,강원,101,2.1,6.9,-1.6,0.0,78,1.3,open-meteo
2025-12-11,강원,101,3.1,8.1,-0.4,9.4,79,1.7,open-meteo
2025-12-12,강원,101,1.0,6.0,-2.7,0.0,69,1.8,open-meteo
2025-12-13,강원,101,1.3,3.2,-0.7,8.8,92,1.1,open-meteo
2025-12-14,강원,101,-1.2,1.9,-3.0,0.0,78,2.2,open-meteo
2025-12-15,강원,101,-1.2,3.6,-5.1,0.0,76,1.4,open-meteo
2025-12-16,강원,101,1.6,3.7,-0.0,1.3,92,0.9,open-meteo
2025-12-17,강원,101,2.2,7.6,-1.8,0.3,83,1.0,open-meteo
2025-12-18,강원,101,0.3,5.8,-2.4,0.0,71,0.8,open-meteo
2025-12-19,강원,101,1.2,6.9,-3.0,0.0,77,0.7,open-meteo
2025-12-20,강원,101,5.0,8.2,0.6,1.2,95,1.5,open-meteo
2025-12-21,강원,101,-1.8,1.7,-3.9,0.0,56,1.8,open-meteo
2025-12-22,강원,101,-1.9,4.6,-6.5,0.0,57,0.7,open-meteo
2025-12-23,강원,101,-0.0,3.7,-3.9,7.1,75,0.9,open-meteo
2025-12-24,강원,101,1.2,4.1,-2.2,0.0,90,0.8,open-meteo
2025-12-25,강원,101,-3.0,0.2,-9.2,0.0,66,2.6,open-meteo
2025-12-26,강원,101,-9.0,-5.2,-12.5,0.0,38,1.9,open-meteo
2025-12-27,강원,101,-5.3,-0.7,-9.8,0.1,57,1.3,open-meteo
2025-12-28,강원,101,1.3,5.9,-3.0,0.1,72,1.8,open-meteo
2025-12-29,강원,101,3.3,7.6,-1.2,1.1,85,2.4,open-meteo
2025-12-30,강원,101,-1.2,2.6,-4.2,0.0,63,1.6,open-meteo
2025-12-31,강원,101,-4.9,-2.2,-7.9,0.0,41,2.9,open-meteo
2025-01-01,충북,131,0.3,8.3,-4.0,0.0,64,1.8,open-meteo
2025-01-02,충북,131,-0.5,5.6,-3.9,0.0,59,1.8,open-meteo
2025-01-03,충북,131,-1.7,2.3,-5.6,0.0,55,2.4,open-meteo
2025-01-04,충북,131,-1.1,4.4,-5.1,0.0,56,1.4,open-meteo
2025-01-05,충북,131,1.2,5.8,-3.5,0.0,74,2.8,open-meteo
2025-01-06,충북,131,-0.9,2.6,-3.9,0.9,85,3.0,open-meteo
2025-01-07,충북,131,-3.7,1.2,-8.5,0.0,62,2.6,open-meteo
2025-01-08,충북,131,-2.6,1.8,-6.0,0.2,72,2.4,open-meteo
2025-01-09,충북,131,-9.1,-5.5,-12.7,0.1,44,4.5,open-meteo
2025-01-10,충북,131,-7.9,-3.6,-13.2,0.0,47,1.8,open-meteo
2025-01-11,충북,131,-4.4,-0.8,-8.6,0.0,56,1.7,open-meteo
2025-01-12,충북,131,-2.9,1.9,-6.0,0.0,62,1.5,open-meteo
2025-01-13,충북,131,-1.0,4.3,-5.6,0.0,67,2.1,open-meteo
2025-01-14,충북,131,2.4,8.2,-1.5,5.0,67,3.1,open-meteo
2025-01-15,충북,131,-3.6,-0.6,-5.8,0.0,49,3.5,open-meteo
2025-01-16,충북,131,-1.0,5.2,-6.1,0.0,57,2.4,open-meteo
2025-01-17,충북,131,-1.7,5.1,-6.0,0.0,65,1.3,open-meteo
2025-01-18,충북,131,-0.8,6.6,-5.1,0.0,54,0.4,open-meteo
2025-01-19,충북,131,0.3,8.5,-4.7,0.0,65,0.6,open-meteo
2025-01-20,충북,131,1.3,7.4,-2.3,0.0,77,1.1,open-meteo
2025-01-21,충북,131,0.2,7.8,-3.8,0.0,76,0.7,open-meteo
2025-01-22,충북,131,0.9,7.6,-3.1,0.0,75,1.6,open-meteo
2025-01-23,충북,131,-0.2,7.7,-3.8,0.0,65,1.1,open-meteo
2025-01-24,충북,131,-0.0,8.6,-4.7,0.0,54,1.6,open-meteo
2025-01-25,충북,131,2.4,9.6,-2.9,0.0,63,2.6,open-meteo
2025-01-26,충북,131,2.4,7.1,-1.9,0.1,64,2.1,open-meteo
2025-01-27,충북,131,0.2,2.5,-3.5,4.1,75,4.0,open-meteo
2025-01-28,충북,131,-2.6,-1.1,-3.9,1.2,82,4.4,open-meteo
2025-01-29,충북,131,-4.9,-2.7,-9.0,0.2,81,3.3,open-meteo
2025-01-30,충북,131,-5.2,-1.1,-10.4,0.0,64,1.2,open-meteo
2025-01-31,충북,131,-0.4,3.0,-4.4,0.6,78,1.8,open-meteo
2025-02-01,충북,131,1.7,7.3,-1.4,0.1,87,2.0,open-meteo
2025-02-02,충북,131,0.0,7.0,-3.4,0.0,81,1.6,open-meteo
2025-02-03,충북,131,-2.7,1.1,-6.5,0.3,57,5.1,open-meteo
2025-02-04,충북,131,-7.7,-5.2,-10.8,0.0,53,4.9,open-meteo
2025-02-05,충북,131,-6.8,-3.9,-10.0,0.0,46,3.6,open-meteo
2025-02-06,충북,131,-5.4,1.0,-10.9,3.1,49,2.6,open-meteo
2025-02-07,충북,131,-7.6,-4.4,-11.2,2.4,70,4.4,open-meteo
2025-02-08,충북,131,-8.5,-5.0,-12.5,0.0,70,3.0,open-meteo
2025-02-09,충북,131,-5.5,-2.3,-10.9,0.0,71,1.9,open-meteo
2025-02-10,충북,131,-4.0,-0.2,-7.3,0.0,74,1.9,open-meteo
2025-02-11,충북,131,-2.7,4.6,-8.9,0.0,67,0.9,open-meteo
2025-02-12,충북,131,0.3,3.1,-2.4,5.6,79,2.4,open-meteo
2025-02-13,충북,131,-0.9,5.7,-6.0,0.0,53,3.1,open-meteo
2025-02-14,충북,131,1.4,9.9,-3.5,0.0,65,1.4,open-meteo
2025-02-15,충북,131,0.8,6.6,-3.6,0.0,69,1.0,open-meteo
2025-02-16,충북,131,3.6,11.8,-1.1,0.0,73,2.7,open-meteo
2025-02-17,충북,131,-0.6,3.2,-3.2,0.0,44,4.9,open-meteo
2025-02-18,충북,131,-2.3,1.8,-5.3,0.0,42,4.6,open-meteo
2025-02-19,충북,131,-2.9,0.8,-5.7,0.0,49,3.8,open-meteo
2025-02-20,충북,131,-3.0,1.9,-6.2,0.0,45,3.1,open-meteo
2025-02-21,충북,131,-2.9,2.2,-6.6,0.0,46,2.9,open-meteo
2025-02-22,충북,131,-2.4,1.9,-5.7,0.2,51,3.1,open-meteo
2025-02-23,충북,131,-3.6,0.1,-6.6,0.0,45,3.9,open-meteo
2025-02-24,충북,131,-2.5,3.4,-6.8,0.0,51,2.6,open-meteo
2025-02-25,충북,131,0.5,7.3,-5.0,0.0,66,2.6,open-meteo
2025-02-26,충북,131,2.3,8.3,-2.1,0.0,60,2.7,open-meteo
2025-02-27,충북,131,3.4,13.1,-3.5,0.0,35,0.9,open-meteo
2025-02-28,충북,131,5.5,12.3,0.8,0.0,61,1.3,open-meteo
2025-03-01,충북,131,3.3,9.1,-0.4,2.3,85,1.0,open-meteo
2025-03-02,충북,131,8.0,16.4,3.8,6.8,85,3.1,open-meteo
2025-03-03,충북,131,2.5,7.2,0.4,23.2,75,4.9,open-meteo
2025-03-04,충북,131,1.7,4.0,0.1,5.4,76,3.7,open-meteo
2025-03-05,충북,131,2.7,6.6,-0.9,0.0,77,2.1,open-meteo
2025-03-06,충북,131,3.1,9.3,-2.5,0.1,67,2.4,open-meteo
2025-03-07,충북,131,3.0,10.0,-3.4,0.0,60,1.2,open-meteo
2025-03-08,충북,131,4.4,9.0,1.2,0.1,67,1.8,open-meteo
2025-03-09,충북,131,3.6,11.6,-2.0,0.0,72,0.8,open-meteo
2025-03-10,충북,131,5.6,13.8,-0.7,0.0,62,1.3,open-meteo
2025-03-11,충북,131,6.6,15.1,-0.4,0.0,66,0.6,open-meteo
2025-03-12,충북,131,8.3,15.3,3.1,0.0,73,2.2,open-meteo
2025-03-13,충북,131,7.6,15.0,1.5,0.0,63,1.8,open-meteo
2025-03-14,충북,131,9.7,18.8,0.7,0.0,45,2.7,open-meteo
2025-03-15,충북,131,8.7,13.7,5.4,0.0,56,3.4,open-meteo
2025-03-16,충북,131,3.9,6.6,0.1,1.5,62,4.4,open-meteo
2025-03-17,충북,131,1.8,6.2,-3.0,0.0,41,3.8,open-meteo
2025-03-18,충북,131,1.1,4.7,-1.6,5.6,71,4.9,open-meteo
2025-03-19,충북,131,1.0,7.1,-4.7,0.0,56,2.2,open-meteo
2025-03-20,충북,131,5.4,15.1,-2.7,0.0,69,3.3,open-meteo
2025-03-21,충북,131,10.0,19.5,3.3,0.0,67,3.8,open-meteo
2025-03-22,충북,131,11.8,22.2,4.7,0.0,60,3.4,open-meteo
2025-03-23,충북,131,12.6,23.7,4.6,0.0,58,2.5,open-meteo
2025-03-24,충북,131,13.9,21.4,9.2,0.3,62,4.0,open-meteo
2025-03-25,충북,131,12.9,23.5,7.8,0.0,69,4.3,open-meteo
2025-03-26,충북,131,13.9,25.5,3.3,0.0,53,2.1,open-meteo
2025-03-27,충북,131,14.5,18.8,7.3,0.3,70,3.8,open-meteo
2025-03-28,충북,131,6.7,11.5,3.1,0.4,48,4.7,open-meteo
2025-03-29,충북,131,3.0,8.1,-1.5,0.5,48,4.0,open-meteo
2025-03-30,충북,131,2.3,8.3,-3.8,0.0,49,3.1,open-meteo
2025-03-31,충북,131,5.8,14.1,-0.7,0.0,57,1.7,open-meteo
2025-04-01,충북,131,7.8,15.7,-0.4,0.0,53,0.9,open-meteo
2025-04-02,충북,131,7.5,16.7,1.5,0.1,58,1.8,open-meteo
2025-04-03,충북,131,7.7,15.8,-0.2,0.0,65,1.6,open-meteo
2025-04-04,충북,131,9.4,16.9,3.3,0.0,62,1.6,open-meteo
2025-04-05,충북,131,8.1,10.9,5.9,10.6,85,3.3,open-meteo
2025-04-06,충북,131,9.4,16.6,3.2,0.3,60,3.3,open-meteo
2025-04-07,충북,131,11.3,20.2,2.3,0.0,57,3.2,open-meteo
2025-04-08,충북,131,12.7,17.8,8.8,11.9,54,3.7,open-meteo
2025-04-09,충북,131,11.4,19.8,3.4,5.4,60,1.7,open-meteo
2025-04-10,충북,131,12.3,19.1,6.4,0.0,64,2.0,open-meteo
2025-04-11,충북,131,13.8,23.5,4.5,0.0,60,0.8,open-meteo
2025-04-12,충북,131,14.2,23.6,2.7,10.2,62,3.9,open-meteo
2025-04-13,충북,131,5.2,9.8,1.2,7.9,71,5.1,open-meteo
2025-04-14,충북,131,5.0,9.3,2.3,9.3,75,3.2,open-meteo
2025-04-15,충북,131,7.5,14.9,0.7,0.0,70,3.7,open-meteo
2025-04-16,충북,131,13.0,22.6,3.3,0.0,65,3.0,open-meteo
2025-04-17,충북,131,19.3,26.9,11.5,0.4,64,4.4,open-meteo
2025-04-18,충북,131,20.0,26.7,15.3,0.0,69,3.1,open-meteo
2025-04-19,충북,131,18.7,26.0,13.8,4.7,79,5.2,open-meteo
2025-04-20,충북,131,17.3,24.7,12.2,0.8,73,1.9,open-meteo
2025-04-21,충북,131,19.3,27.7,12.0,0.0,62,2.1,open-meteo
2025-04-22,충북,131,17.3,18.6,15.6,25.3,93,1.9,open-meteo
2025-04-23,충북,131,16.7,23.5,10.7,0.0,65,2.5,open-meteo
2025-04-24,충북,131,13.6,21.8,8.2,0.0,66,3.1,open-meteo
2025-04-25,충북,131,11.3,16.8,5.9,0.0,42,3.6,open-meteo
2025-04-26,충북,131,12.8,22.2,4.5,0.0,44,3.1,open-meteo
2025-04-27,충북,131,15.5,24.1,8.9,0.0,35,3.3,open-meteo
2025-04-28,충북,131,14.3,21.1,7.8,0.0,42,3.3,open-meteo
2025-04-29,충북,131,13.9,22.4,5.1,0.0,44,2.1,open-meteo
2025-04-30,충북,131,17.7,27.0,8.6,0.0,36,3.0,open-meteo
2025-05-01,충북,131,14.9,21.2,10.9,16.3,68,3.6,open-meteo
2025-05-02,충북,131,12.8,18.3,6.8,0.0,57,3.4,open-meteo
2025-05-03,충북,131,11.3,15.3,7.7,4.7,73,2.2,open-meteo
2025-05-04,충북,131,12.8,20.9,5.6,0.0,55,3.2,open-meteo
2025-05-05,충북,131,12.3,17.4,5.8,0.7,58,1.3,open-meteo
2025-05-06,충북,131,13.1,19.1,6.4,0.0,59,2.2,open-meteo
2025-05-07,충북,131,14.0,22.6,7.0,0.0,60,1.9,open-meteo
2025-05-08,충북,131,17.1,25.5,7.2,0.0,54,1.1,open-meteo
2025-05-09,충북,131,15.3,17.1,13.0,16.5,78,4.0,open-meteo
2025-05-10,충북,131,13.3,15.5,11.9,2.6,86,6.3,open-meteo
2025-05-11,충북,131,14.6,21.0,10.1,2.3,75,2.6,open-meteo
2025-05-12,충북,131,15.9,23.8,8.8,0.0,66,2.6,open-meteo
2025-05-13,충북,131,18.7,26.4,11.1,0.0,54,3.0,open-meteo
2025-05-14,충북,131,20.2,27.9,12.1,0.0,52,2.4,open-meteo
2025-05-15,충북,131,19.9,22.0,17.6,3.2,82,3.9,open-meteo
2025-05-16,충북,131,19.9,24.8,17.3,17.6,89,2.2,open-meteo
2025-05-17,충북,131,19.3,25.5,14.4,3.6,80,3.7,open-meteo
2025-05-18,충북,131,15.5,21.8,10.9,0.0,60,2.4,open-meteo
2025-05-19,충북,131,17.1,23.2,8.9,0.2,65,3.9,open-meteo
2025-05-20,충북,131,23.1,29.5,18.8,0.0,81,4.3,open-meteo
2025-05-21,충북,131,23.6,29.2,18.3,0.1,78,1.5,open-meteo
2025-05-22,충북,131,20.7,24.8,17.6,2.8,83,2.4,open-meteo
2025-05-23,충북,131,18.4,23.3,14.2,0.1,51,2.8,open-meteo
2025-05-24,충북,131,15.7,18.2,13.0,2.3,61,3.1,open-meteo
2025-05-25,충북,131,16.2,22.9,9.2,0.0,70,1.7,open-meteo
2025-05-26,충북,131,18.0,25.8,11.1,0.0,66,0.8,open-meteo
2025-05-27,충북,131,19.0,26.6,11.9,0.0,65,1.7,open-meteo
2025-05-28,충북,131,19.2,26.0,12.7,0.0,68,1.4,open-meteo
2025-05-29,충북,131,19.1,26.6,12.6,2.1,72,1.7,open-meteo
2025-05-30,충북,131,19.7,26.8,13.2,0.0,60,1.4,open-meteo
2025-05-31,충북,131,19.8,26.5,12.4,0.0,58,1.8,open-meteo
2025-06-01,충북,131,21.0,29.2,13.1,0.0,57,1.0,open-meteo
2025-06-02,충북,131,19.4,21.9,16.9,0.6,67,0.6,open-meteo
2025-06-03,충북,131,20.5,26.4,15.6,0.0,59,3.5,open-meteo
2025-06-04,충북,131,19.6,26.9,12.5,0.0,49,4.5,open-meteo
2025-06-05,충북,131,20.8,28.6,12.4,0.0,48,2.1,open-meteo
2025-06-06,충북,131,22.5,29.4,17.5,0.0,41,3.2,open-meteo
2025-06-07,충북,131,23.4,30.5,16.4,0.0,53,2.6,open-meteo
2025-06-08,충북,131,25.1,30.8,21.0,0.3,67,2.0,open-meteo
2025-06-09,충북,131,25.2,32.2,21.4,0.2,66,1.9,open-meteo
2025-06-10,충북,131,23.2,29.1,18.6,0.0,67,3.0,open-meteo
2025-06-11,충북,131,22.1,29.1,15.4,0.0,52,2.7,open-meteo
2025-06-12,충북,131,24.1,31.0,17.1,0.0,45,1.3,open-meteo
2025-06-13,충북,131,21.6,26.1,19.1,16.0,66,1.8,open-meteo
2025-06-14,충북,131,22.4,27.1,18.5,22.9,85,2.0,open-meteo
2025-06-15,충북,131,24.3,30.5,19.7,5.9,80,2.5,open-meteo
2025-06-16,충북,131,23.2,26.6,21.5,7.0,90,4.4,open-meteo
2025-06-17,충북,131,23.3,27.5,19.7,5.1,84,3.7,open-meteo
2025-06-18,충북,131,23.8,29.2,19.3,0.0,78,2.3,open-meteo
2025-06-19,충북,131,25.2,31.9,19.3,0.0,71,1.6,open-meteo
2025-06-20,충북,131,23.8,24.8,22.9,45.5,92,5.3,open-meteo
2025-06-21,충북,131,21.8,23.1,19.6,59.3,96,2.8,open-meteo
2025-06-22,충북,131,21.9,27.0,18.3,0.0,82,1.9,open-meteo
2025-06-23,충북,131,22.6,28.5,16.3,0.0,80,0.9,open-meteo
2025-06-24,충북,131,22.0,26.6,18.9,16.2,79,2.5,open-meteo
2025-06-25,충북,131,21.2,23.6,19.8,3.3,88,3.2,open-meteo
2025-06-26,충북,131,22.2,25.9,19.4,0.9,85,2.1,open-meteo
2025-06-27,충북,131,23.6,28.0,19.0,0.0,83,0.8,open-meteo
2025-06-28,충북,131,25.1,30.1,22.2,10.1,88,1.4,open-meteo
2025-06-29,충북,131,26.6,30.8,23.8,0.3,84,2.3,open-meteo
2025-06-30,충북,131,27.0,31.3,23.2,0.3,82,2.2,open-meteo
2025-07-01,충북,131,26.9,30.5,23.6,4.4,87,2.6,open-meteo
2025-07-02,충북,131,28.0,32.2,24.7,0.5,81,2.7,open-meteo
2025-07-03,충북,131,27.4,32.5,23.9,0.3,76,2.8,open-meteo
2025-07-04,충북,131,26.8,30.3,23.8,0.3,78,3.8,open-meteo
2025-07-05,충북,131,27.8,32.8,24.4,0.4,75,3.4,open-meteo
2025-07-06,충북,131,29.1,35.3,24.5,0.2,72,2.8,open-meteo
2025-07-07,충북,131,29.4,35.6,24.7,0.0,75,1.6,open-meteo
2025-07-08,충북,131,30.1,35.7,25.9,3.1,72,1.5,open-meteo
2025-07-09,충북,131,30.4,36.0,24.7,0.0,51,2.5,open-meteo
2025-07-10,충북,131,29.7,36.6,23.3,0.0,42,3.0,open-meteo
2025-07-11,충북,131,29.1,35.6,23.3,0.0,40,3.7,open-meteo
2025-07-12,충북,131,28.5,35.3,20.8,0.0,52,2.2,open-meteo
2025-07-13,충북,131,26.3,33.0,22.6,8.8,67,1.4,open-meteo
2025-07-14,충북,131,23.7,29.0,20.4,6.9,80,2.4,open-meteo
2025-07-15,충북,131,22.3,24.7,20.4,6.3,87,2.5,open-meteo
2025-07-16,충북,131,22.8,25.2,21.0,18.0,90,3.4,open-meteo
2025-07-17,충북,131,23.5,26.2,22.0,65.2,93,3.6,open-meteo
2025-07-18,충북,131,24.7,28.7,21.9,6.0,89,1.8,open-meteo
2025-07-19,충북,131,24.2,27.4,22.5,36.7,94,3.3,open-meteo
2025-07-20,충북,131,27.0,31.5,23.2,0.4,82,2.6,open-meteo
2025-07-21,충북,131,26.6,31.0,23.5,4.1,85,1.9,open-meteo
2025-07-22,충북,131,26.2,30.8,23.1,1.2,89,1.2,open-meteo
2025-07-23,충북,131,27.0,31.2,22.9,0.0,84,1.3,open-meteo
2025-07-24,충북,131,27.9,33.3,23.1,0.0,80,1.0,open-meteo
2025-07-25,충북,131,28.7,34.6,22.6,0.0,75,1.6,open-meteo
2025-07-26,충북,131,29.4,34.4,24.1,0.0,69,2.0,open-meteo
2025-07-27,충북,131,30.2,35.2,25.2,0.0,66,2.1,open-meteo
2025-07-28,충북,131,29.7,34.7,25.1,0.0,75,1.3,open-meteo
2025-07-29,충북,131,30.3,36.7,24.9,0.0,69,1.1,open-meteo
2025-07-30,충북,131,30.4,35.3,25.6,0.0,63,1.9,open-meteo
2025-07-31,충북,131,29.9,34.9,25.0,0.0,60,1.7,open-meteo
2025-08-01,충북,131,29.8,35.0,24.9,0.0,65,1.5,open-meteo
2025-08-02,충북,131,29.8,34.8,25.1,0.1,69,1.3,open-meteo
2025-08-03,충북,131,27.6,31.5,22.7,23.4,80,1.8,open-meteo
2025-08-04,충북,131,26.7,30.4,22.8,17.5,87,1.6,open-meteo
2025-08-05,충북,131,27.7,31.8,24.4,0.1,81,2.0,open-meteo
2025-08-06,충북,131,26.3,28.5,24.2,6.1,90,3.5,open-meteo
2025-08-07,충북,131,25.7,29.1,22.6,0.5,85,2.5,open-meteo
2025-08-08,충북,131,24.7,29.0,21.0,0.0,84,1.0,open-meteo
2025-08-09,충북,131,23.5,26.8,21.5,2.4,89,1.4,open-meteo
2025-08-10,충북,131,24.4,29.6,19.4,0.0,80,2.0,open-meteo
2025-08-11,충북,131,23.7,26.5,21.1,7.0,92,1.0,open-meteo
2025-08-12,충북,131,24.0,28.8,19.6,0.0,85,1.8,open-meteo
2025-08-13,충북,131,25.9,29.5,23.1,7.5,88,3.7,open-meteo
2025-08-14,충북,131,26.1,29.2,24.3,13.7,91,2.7,open-meteo
2025-08-15,충북,131,26.3,30.7,22.8,2.4,89,1.1,open-meteo
2025-08-16,충북,131,26.9,31.7,23.8,0.2,86,1.4,open-meteo
2025-08-17,충북,131,26.7,31.2,22.9,0.5,84,1.7,open-meteo
2025-08-18,충북,131,27.4,31.7,24.1,0.8,83,2.3,open-meteo
2025-08-19,충북,131,27.4,31.2,24.9,3.6,84,2.9,open-meteo
2025-08-20,충북,131,27.7,32.5,23.7,0.7,80,2.1,open-meteo
2025-08-21,충북,131,27.9,32.7,23.7,1.3,79,1.2,open-meteo
2025-08-22,충북,131,27.9,33.0,23.5,0.0,80,1.5,open-meteo
2025-08-23,충북,131,28.0,33.6,23.2,0.1,81,1.3,open-meteo
2025-08-24,충북,131,28.9,33.7,24.6,0.3,77,1.4,open-meteo
2025-08-25,충북,131,28.9,34.2,24.9,0.1,76,3.0,open-meteo
2025-08-26,충북,131,25.1,28.3,23.5,18.2,90,3.4,open-meteo
2025-08-27,충북,131,25.7,30.5,22.3,0.4,79,0.9,open-meteo
2025-08-28,충북,131,26.7,31.0,23.4,0.9,80,2.7,open-meteo
2025-08-29,충북,131,27.6,32.1,24.3,0.5,82,3.2,open-meteo
2025-08-30,충북,131,28.1,31.9,25.2,0.3,82,1.8,open-meteo
2025-08-31,충북,131,27.3,32.1,23.9,0.7,81,2.2,open-meteo
2025-09-01,충북,131,26.1,30.9,24.0,22.6,86,4.0,open-meteo
2025-09-02,충북,131,24.5,28.5,21.6,0.6,82,1.9,open-meteo
2025-09-03,충북,131,24.5,31.1,17.6,0.0,81,1.6,open-meteo
2025-09-04,충북,131,25.4,29.7,22.7,4.5,83,2.0,open-meteo
2025-09-05,충북,131,26.4,32.1,21.2,0.2,79,1.5,open-meteo
2025-09-06,충북,131,26.9,30.9,23.5,3.0,82,3.9,open-meteo
2025-09-07,충북,131,24.5,27.5,20.0,4.4,87,2.6,open-meteo
2025-09-08,충북,131,21.4,25.4,17.4,0.1,88,0.7,open-meteo
2025-09-09,충북,131,21.1,22.8,18.3,9.0,89,1.1,open-meteo
2025-09-10,충북,131,22.7,28.0,17.9,0.0,80,2.1,open-meteo
2025-09-11,충북,131,23.0,29.9,16.0,0.0,73,2.1,open-meteo
2025-09-12,충북,131,22.0,25.0,20.4,18.4,83,2.3,open-meteo
2025-09-13,충북,131,24.3,27.7,21.6,24.7,86,3.1,open-meteo
2025-09-14,충북,131,23.8,27.2,20.7,0.3,86,1.6,open-meteo
2025-09-15,충북,131,23.4,28.3,19.0,0.0,86,0.8,open-meteo
2025-09-16,충북,131,24.2,28.1,21.3,12.7,90,2.1,open-meteo
2025-09-17,충북,131,22.9,25.8,21.0,35.5,94,2.6,open-meteo
2025-09-18,충북,131,21.1,24.6,18.7,1.2,84,2.1,open-meteo
2025-09-19,충북,131,19.9,23.7,17.7,5.1,77,2.4,open-meteo
2025-09-20,충북,131,19.2,23.2,16.8,59.7,86,3.2,open-meteo
2025-09-21,충북,131,20.0,25.0,15.6,0.3,79,2.4,open-meteo
2025-09-22,충북,131,19.7,23.6,16.8,0.0,73,2.6,open-meteo
2025-09-23,충북,131,20.6,25.4,17.1,0.0,68,2.6,open-meteo
2025-09-24,충북,131,22.0,26.5,19.0,7.5,84,3.2,open-meteo
2025-09-25,충북,131,21.7,25.0,18.3,12.9,91,1.5,open-meteo
2025-09-26,충북,131,20.0,25.8,15.7,0.0,86,1.4,open-meteo
2025-09-27,충북,131,21.2,27.0,15.1,0.0,82,1.2,open-meteo
2025-09-28,충북,131,20.3,22.1,18.0,24.5,91,2.4,open-meteo
2025-09-29,충북,131,19.2,23.4,15.7,0.0,81,1.8,open-meteo
2025-09-30,충북,131,17.8,22.6,13.9,0.0,84,0.6,open-meteo
2025-10-01,충북,131,18.4,24.9,12.8,0.0,84,0.8,open-meteo
2025-10-02,충북,131,19.6,24.8,15.8,0.0,82,0.9,open-meteo
2025-10-03,충북,131,19.3,21.5,17.7,12.4,85,2.9,open-meteo
2025-10-04,충북,131,21.2,24.6,18.6,3.3,88,1.4,open-meteo
2025-10-05,충북,131,20.5,23.6,18.1,4.1,94,1.0,open-meteo
2025-10-06,충북,131,19.8,22.2,18.1,23.1,92,2.7,open-meteo
2025-10-07,충북,131,20.4,22.8,18.3,15.9,89,2.3,open-meteo
2025-10-08,충북,131,21.2,25.1,19.3,0.8,86,1.9,open-meteo
2025-10-09,충북,131,21.0,24.0,18.3,0.0,75,3.0,open-meteo
2025-10-10,충북,131,20.5,25.0,17.9,8.7,77,2.6,open-meteo
2025-10-11,충북,131,21.8,26.8,18.2,1.9,80,2.8,open-meteo
2025-10-12,충북,131,20.7,22.6,19.0,0.6,86,1.9,open-meteo
2025-10-13,충북,131,18.4,19.4,16.8,29.8,91,2.2,open-meteo
2025-10-14,충북,131,17.8,21.3,15.8,10.0,86,2.8,open-meteo
2025-10-15,충북,131,19.5,24.8,15.7,13.8,81,2.6,open-meteo
2025-10-16,충북,131,19.6,23.6,17.1,35.8,82,2.7,open-meteo
2025-10-17,충북,131,19.2,24.4,14.5,8.6,79,2.3,open-meteo
2025-10-18,충북,131,16.7,19.0,13.4,20.7,89,2.6,open-meteo
2025-10-19,충북,131,15.8,21.2,10.4,0.0,77,2.7,open-meteo
2025-10-20,충북,131,10.6,15.9,4.5,0.0,71,2.5,open-meteo
2025-10-21,충북,131,11.1,14.8,8.6,0.0,72,2.5,open-meteo
2025-10-22,충북,131,12.4,18.7,7.2,0.3,80,2.4,open-meteo
2025-10-23,충북,131,14.5,20.1,9.2,0.2,79,1.4,open-meteo
2025-10-24,충북,131,14.4,20.0,10.1,0.5,78,2.4,open-meteo
2025-10-25,충북,131,13.9,18.7,9.8,0.4,78,1.8,open-meteo
2025-10-26,충북,131,12.4,15.9,10.1,0.4,73,2.1,open-meteo
2025-10-27,충북,131,8.0,11.1,3.4,0.1,54,3.8,open-meteo
2025-10-28,충북,131,7.0,13.2,1.6,0.0,64,1.2,open-meteo
2025-10-29,충북,131,8.1,15.8,1.3,0.0,73,1.0,open-meteo
2025-10-30,충북,131,9.8,16.4,3.1,0.0,71,0.8,open-meteo
2025-10-31,충북,131,11.7,19.7,5.4,0.3,75,1.6,open-meteo
2025-11-01,충북,131,12.5,16.3,9.8,1.6,75,3.3,open-meteo
2025-11-02,충북,131,9.3,12.6,4.4,0.5,63,4.3,open-meteo
2025-11-03,충북,131,5.3,12.1,-0.5,0.0,66,1.3,open-meteo
2025-11-04,충북,131,8.0,15.7,2.3,0.0,80,1.0,open-meteo
2025-11-05,충북,131,8.8,17.1,2.6,0.0,78,1.8,open-meteo
2025-11-06,충북,131,9.7,18.2,3.1,0.0,80,1.5,open-meteo
2025-11-07,충북,131,11.5,19.5,4.1,0.0,77,1.4,open-meteo
2025-11-08,충북,131,12.4,17.2,8.2,0.6,82,1.5,open-meteo
2025-11-09,충북,131,12.1,17.2,8.3,0.7,75,2.7,open-meteo
2025-11-10,충북,131,8.0,11.9,4.2,0.0,45,3.2,open-meteo
2025-11-11,충북,131,6.6,14.1,0.7,0.0,63,1.7,open-meteo
2025-11-12,충북,131,6.8,15.2,0.0,0.0,73,1.1,open-meteo
2025-11-13,충북,131,8.2,16.7,2.2,0.0,76,1.5,open-meteo
2025-11-14,충북,131,6.7,13.9,1.1,0.0,70,1.7,open-meteo
2025-11-15,충북,131,6.8,14.9,1.3,0.0,69,0.9,open-meteo
2025-11-16,충북,131,8.4,16.9,1.8,0.1,69,1.8,open-meteo
2025-11-17,충북,131,5.0,11.2,1.3,0.1,50,4.7,open-meteo
2025-11-18,충북,131,1.1,5.2,-2.8,0.0,56,2.9,open-meteo
2025-11-19,충북,131,2.2,7.2,-3.2,0.0,65,1.5,open-meteo
2025-11-20,충북,131,6.4,14.2,-0.1,0.0,67,2.8,open-meteo
2025-11-21,충북,131,5.0,11.2,0.3,0.0,59,1.9,open-meteo
2025-11-22,충북,131,6.4,14.4,0.7,0.0,70,1.9,open-meteo
2025-11-23,충북,131,7.8,13.8,3.1,0.0,78,2.2,open-meteo
2025-11-24,충북,131,10.3,16.9,5.9,0.0,78,2.4,open-meteo
2025-11-25,충북,131,6.8,10.4,2.8,5.5,83,3.2,open-meteo
2025-11-26,충북,131,5.3,10.4,1.7,0.0,72,0.8,open-meteo
2025-11-27,충북,131,4.6,9.2,-0.3,5.4,82,3.9,open-meteo
2025-11-28,충북,131,2.2,7.0,-1.6,0.1,58,2.5,open-meteo
2025-11-29,충북,131,2.9,12.0,-4.4,0.0,71,1.9,open-meteo
2025-11-30,충북,131,10.4,16.8,5.6,0.0,84,2.9,open-meteo
2025-12-01,충북,131,6.1,10.5,1.0,0.1,69,2.9,open-meteo
2025-12-02,충북,131,1.1,4.6,-2.7,0.0,50,3.1,open-meteo
2025-12-03,충북,131,-4.5,-2.5,-7.5,0.1,46,3.8,open-meteo
2025-12-04,충북,131,-3.1,2.1,-7.1,0.5,54,2.4,open-meteo
2025-12-05,충북,131,-3.6,1.7,-8.6,0.0,58,2.4,open-meteo
2025-12-06,충북,131,0.9,8.6,-6.2,0.3,71,2.4,open-meteo
2025-12-07,충북,131,4.7,12.6,-0.2,0.5,90,2.3,open-meteo
2025-12-08,충북,131,2.1,6.7,-2.3,0.0,55,2.9,open-meteo
2025-12-09,충북,131,0.4,7.1,-3.2,0.0,62,1.1,open-meteo
2025-12-10,충북,131,2.8,9.9,-1.6,0.0,74,1.3,open-meteo
2025-12-11,충북,131,4.5,10.4,-2.3,6.9,69,3.4,open-meteo
2025-12-12,충북,131,1.0,8.0,-4.3,0.0,65,2.2,open-meteo
2025-12-13,충북,131,3.2,5.5,0.8,9.6,84,2.2,open-meteo
2025-12-14,충북,131,0.6,3.3,-3.2,0.0,74,3.1,open-meteo
2025-12-15,충북,131,1.0,5.3,-1.7,0.0,75,0.8,open-meteo
2025-12-16,충북,131,4.5,9.2,0.0,0.7,82,1.8,open-meteo
2025-12-17,충북,131,4.1,7.3,-0.3,0.0,79,2.4,open-meteo
2025-12-18,충북,131,0.1,6.8,-3.4,0.0,73,0.8,open-meteo
2025-12-19,충북,131,2.8,11.9,-2.9,0.0,72,1.0,open-meteo
2025-12-20,충북,131,5.6,10.6,1.7,1.0,92,2.7,open-meteo
2025-12-21,충북,131,-1.1,2.6,-4.6,0.0,46,3.6,open-meteo
2025-12-22,충북,131,-2.3,5.3,-6.7,0.0,55,1.4,open-meteo
2025-12-23,충북,131,1.0,8.4,-3.7,10.3,74,1.9,open-meteo
2025-12-24,충북,131,2.1,5.3,-1.6,2.6,86,2.6,open-meteo
2025-12-25,충북,131,-2.5,2.0,-7.0,0.0,63,4.5,open-meteo
2025-12-26,충북,131,-7.7,-4.1,-10.8,0.0,39,3.8,open-meteo
2025-12-27,충북,131,-3.5,0.7,-8.0,0.0,60,1.1,open-meteo
2025-12-28,충북,131,1.4,7.4,-2.3,0.0,84,1.8,open-meteo
2025-12-29,충북,131,3.5,9.4,0.3,1.6,85,2.8,open-meteo
2025-12-30,충북,131,-0.8,3.7,-4.5,0.0,53,2.7,open-meteo
2025-12-31,충북,131,-3.9,-0.7,-6.9,0.0,42,3.7,open-meteo
2025-01-01,충남,177,1.0,8.3,-3.5,0.0,71,1.7,open-meteo
2025-01-02,충남,177,-0.8,5.1,-4.0,0.0,63,1.9,open-meteo
2025-01-03,충남,177,-1.1,2.3,-5.2,0.1,65,1.8,open-meteo
2025-01-04,충남,177,-0.6,4.7,-5.2,0.0,66,1.3,open-meteo
2025-01-05,충남,177,1.4,4.5,-2.7,3.6,87,3.3,open-meteo
2025-01-06,충남,177,0.8,4.6,-2.2,0.1,79,3.9,open-meteo
2025-01-07,충남,177,-2.2,1.7,-5.8,0.2,69,2.2,open-meteo
2025-01-08,충남,177,-2.5,1.6,-5.9,0.9,77,2.1,open-meteo
2025-01-09,충남,177,-7.3,-4.9,-9.7,1.2,55,4.9,open-meteo
2025-01-10,충남,177,-5.0,-1.7,-8.7,0.1,62,2.2,open-meteo
2025-01-11,충남,177,-3.4,-0.2,-5.6,0.0,60,1.9,open-meteo
2025-01-12,충남,177,-2.0,3.0,-5.0,0.0,65,1.0,open-meteo
2025-01-13,충남,177,0.0,4.0,-3.9,0.0,73,2.3,open-meteo
2025-01-14,충남,177,2.6,7.8,-0.2,0.9,73,2.6,open-meteo
2025-01-15,충남,177,-2.6,-0.8,-4.7,0.0,55,3.7,open-meteo
2025-01-16,충남,177,0.4,4.9,-2.9,0.0,63,2.5,open-meteo
2025-01-17,충남,177,-1.8,5.0,-5.7,0.0,62,1.3,open-meteo
2025-01-18,충남,177,-1.3,6.6,-6.0,0.0,63,0.5,open-meteo
2025-01-19,충남,177,0.3,8.3,-4.5,0.0,73,1.7,open-meteo
2025-01-20,충남,177,0.8,6.1,-2.4,0.0,84,1.2,open-meteo
2025-01-21,충남,177,0.0,7.4,-4.6,0.0,84,0.9,open-meteo
2025-01-22,충남,177,1.0,6.9,-2.6,0.0,83,1.4,open-meteo
2025-01-23,충남,177,-0.5,6.3,-4.0,0.0,64,1.5,open-meteo
2025-01-24,충남,177,-0.0,7.7,-4.5,0.0,62,2.0,open-meteo
2025-01-25,충남,177,2.0,9.7,-2.9,0.0,64,2.4,open-meteo
2025-01-26,충남,177,2.4,7.0,-2.1,0.1,67,1.9,open-meteo
2025-01-27,충남,177,-0.5,1.9,-3.2,8.4,78,3.8,open-meteo
2025-01-28,충남,177,-2.4,-1.0,-3.8,1.5,82,4.7,open-meteo
2025-01-29,충남,177,-4.1,-2.1,-7.5,0.2,79,3.4,open-meteo
2025-01-30,충남,177,-4.7,-2.5,-8.4,0.0,70,1.6,open-meteo
2025-01-31,충남,177,-1.2,1.9,-5.9,1.4,84,2.0,open-meteo
2025-02-01,충남,177,-0.2,3.2,-4.0,0.0,91,2.4,open-meteo
2025-02-02,충남,177,-0.6,5.6,-4.8,0.0,82,1.5,open-meteo
2025-02-03,충남,177,-2.9,1.0,-6.1,0.0,61,5.0,open-meteo
2025-02-04,충남,177,-6.6,-5.5,-8.2,0.0,64,5.3,open-meteo
2025-02-05,충남,177,-6.8,-4.0,-11.8,0.3,59,3.1,open-meteo
2025-02-06,충남,177,-4.9,-0.2,-9.9,1.0,59,2.2,open-meteo
2025-02-07,충남,177,-7.2,-5.0,-8.7,1.5,71,4.9,open-meteo
2025-02-08,충남,177,-6.1,-3.7,-8.2,0.0,69,4.4,open-meteo
2025-02-09,충남,177,-2.9,-0.8,-5.1,0.0,64,2.8,open-meteo
2025-02-10,충남,177,-2.5,1.5,-5.2,0.1,63,1.9,open-meteo
2025-02-11,충남,177,-0.8,7.7,-7.1,0.0,57,1.0,open-meteo
2025-02-12,충남,177,0.8,4.0,-2.0,6.8,78,2.9,open-meteo
2025-02-13,충남,177,-0.6,5.1,-5.4,0.0,56,2.7,open-meteo
2025-02-14,충남,177,1.3,8.8,-3.1,0.0,79,1.9,open-meteo
2025-02-15,충남,177,0.8,7.4,-4.0,0.0,83,1.4,open-meteo
2025-02-16,충남,177,3.2,9.6,-0.5,0.0,83,3.2,open-meteo
2025-02-17,충남,177,-0.5,3.0,-3.1,0.0,47,4.7,open-meteo
2025-02-18,충남,177,-1.8,2.3,-5.2,0.0,47,4.6,open-meteo
2025-02-19,충남,177,-2.8,0.4,-5.2,0.0,53,3.8,open-meteo
2025-02-20,충남,177,-2.7,1.4,-5.6,0.0,52,3.1,open-meteo
2025-02-21,충남,177,-2.5,1.8,-5.6,0.0,51,3.0,open-meteo
2025-02-22,충남,177,-2.3,1.7,-5.4,0.2,54,3.0,open-meteo
2025-02-23,충남,177,-2.9,0.2,-5.7,0.2,49,4.2,open-meteo
2025-02-24,충남,177,-1.7,3.5,-5.5,0.0,53,2.9,open-meteo
2025-02-25,충남,177,0.9,5.9,-4.5,0.0,73,3.3,open-meteo
2025-02-26,충남,177,1.7,8.1,-3.8,0.0,69,2.1,open-meteo
2025-02-27,충남,177,2.7,13.5,-3.9,0.0,44,1.7,open-meteo
2025-02-28,충남,177,5.6,12.9,0.1,0.0,70,1.1,open-meteo
2025-03-01,충남,177,3.0,9.0,-1.9,3.9,93,1.1,open-meteo
2025-03-02,충남,177,8.2,17.0,3.3,9.7,90,3.4,open-meteo
2025-03-03,충남,177,3.1,7.9,0.6,27.7,73,6.6,open-meteo
2025-03-04,충남,177,1.9,4.1,0.8,5.5,74,4.8,open-meteo
2025-03-05,충남,177,2.8,5.9,0.1,0.4,78,2.8,open-meteo
2025-03-06,충남,177,2.7,8.5,-1.9,0.0,67,2.5,open-meteo
2025-03-07,충남,177,2.4,9.8,-3.9,0.0,63,1.2,open-meteo
2025-03-08,충남,177,3.9,9.2,0.4,0.0,69,1.8,open-meteo
2025-03-09,충남,177,3.5,11.2,-2.2,0.0,76,1.0,open-meteo
2025-03-10,충남,177,4.8,12.9,-1.1,0.0,70,1.4,open-meteo
2025-03-11,충남,177,6.3,14.4,-0.4,0.0,71,0.7,open-meteo
2025-03-12,충남,177,7.0,13.0,1.8,0.0,79,2.1,open-meteo
2025-03-13,충남,177,6.7,13.6,0.4,0.0,60,2.1,open-meteo
2025-03-14,충남,177,9.4,17.6,2.0,0.0,45,3.0,open-meteo
2025-03-15,충남,177,9.4,14.0,6.2,0.0,55,3.5,open-meteo
2025-03-16,충남,177,3.6,6.2,0.4,0.4,61,4.8,open-meteo
2025-03-17,충남,177,1.9,6.0,-3.4,0.0,49,3.7,open-meteo
2025-03-18,충남,177,0.3,2.3,-2.2,7.6,78,4.9,open-meteo
2025-03-19,충남,177,0.8,6.4,-3.7,0.0,59,2.3,open-meteo
2025-03-20,충남,177,5.6,12.4,-1.5,0.0,78,4.1,open-meteo
2025-03-21,충남,177,8.8,15.4,4.7,0.0,74,4.2,open-meteo
2025-03-22,충남,177,10.4,17.2,5.8,0.0,66,4.0,open-meteo
2025-03-23,충남,177,11.3,20.7,4.1,0.0,64,3.1,open-meteo
2025-03-24,충남,177,12.3,18.1,8.2,0.0,70,4.5,open-meteo
2025-03-25,충남,177,10.8,20.5,5.5,0.0,74,4.0,open-meteo
2025-03-26,충남,177,13.0,23.5,2.5,0.0,61,2.5,open-meteo
2025-03-27,충남,177,12.6,16.7,5.8,0.4,74,4.4,open-meteo
2025-03-28,충남,177,5.5,9.3,2.0,0.1,51,4.8,open-meteo
2025-03-29,충남,177,2.1,6.7,-2.2,0.3,59,3.6,open-meteo
2025-03-30,충남,177,2.1,7.9,-3.8,0.2,60,2.8,open-meteo
2025-03-31,충남,177,5.4,12.0,-0.1,0.1,71,2.0,open-meteo
2025-04-01,충남,177,6.7,14.7,-0.5,0.0,70,1.3,open-meteo
2025-04-02,충남,177,5.5,13.7,0.7,6.4,71,1.5,open-meteo
2025-04-03,충남,177,5.6,15.0,-1.2,0.0,78,1.5,open-meteo
2025-04-04,충남,177,7.4,14.6,1.6,0.0,75,1.8,open-meteo
2025-04-05,충남,177,7.4,10.0,5.7,15.7,91,4.0,open-meteo
2025-04-06,충남,177,7.5,14.5,0.7,0.0,72,3.1,open-meteo
2025-04-07,충남,177,10.2,17.7,1.9,0.0,63,4.1,open-meteo
2025-04-08,충남,177,11.4,17.1,5.6,2.7,64,3.3,open-meteo
2025-04-09,충남,177,9.4,16.4,3.2,3.8,69,1.5,open-meteo
2025-04-10,충남,177,11.0,16.9,6.4,0.0,71,1.4,open-meteo
2025-04-11,충남,177,11.7,21.8,3.4,0.0,73,0.9,open-meteo
2025-04-12,충남,177,12.6,22.7,1.7,16.8,65,4.1,open-meteo
2025-04-13,충남,177,4.8,8.0,0.7,7.0,72,5.1,open-meteo
2025-04-14,충남,177,4.7,7.3,1.3,12.8,85,3.3,open-meteo
2025-04-15,충남,177,6.9,12.7,1.1,0.0,79,3.1,open-meteo
2025-04-16,충남,177,11.9,20.2,3.4,0.0,72,3.6,open-meteo
2025-04-17,충남,177,17.5,22.7,13.2,0.7,75,5.5,open-meteo
2025-04-18,충남,177,16.6,22.4,12.0,0.0,82,3.9,open-meteo
2025-04-19,충남,177,15.5,21.4,11.7,5.5,91,5.0,open-meteo
2025-04-20,충남,177,14.5,21.7,10.1,0.0,81,2.4,open-meteo
2025-04-21,충남,177,17.6,25.7,11.0,0.0,78,1.9,open-meteo
2025-04-22,충남,177,17.0,19.0,14.2,17.5,92,2.3,open-meteo
2025-04-23,충남,177,15.4,22.5,10.2,0.0,76,2.3,open-meteo
2025-04-24,충남,177,11.7,17.5,6.6,0.0,70,3.0,open-meteo
2025-04-25,충남,177,10.6,16.4,5.4,0.0,51,3.2,open-meteo
2025-04-26,충남,177,11.0,17.7,3.8,0.0,65,3.6,open-meteo
2025-04-27,충남,177,13.8,19.8,9.7,0.0,52,3.9,open-meteo
2025-04-28,충남,177,13.2,20.1,6.7,0.0,53,3.0,open-meteo
2025-04-29,충남,177,12.6,19.4,5.9,0.0,49,2.5,open-meteo
2025-04-30,충남,177,16.2,23.3,10.2,0.0,43,4.2,open-meteo
2025-05-01,충남,177,14.1,18.4,9.1,14.1,78,4.5,open-meteo
2025-05-02,충남,177,12.0,18.1,6.2,0.0,63,2.9,open-meteo
2025-05-03,충남,177,10.9,15.2,7.9,6.7,79,2.5,open-meteo
2025-05-04,충남,177,11.7,18.7,4.9,0.0,66,2.9,open-meteo
2025-05-05,충남,177,11.6,16.6,5.2,0.9,62,1.2,open-meteo
2025-05-06,충남,177,12.3,19.0,5.8,0.0,64,2.7,open-meteo
2025-05-07,충남,177,12.3,19.3,5.1,0.0,70,1.7,open-meteo
2025-05-08,충남,177,15.3,23.4,6.7,0.0,65,1.3,open-meteo
2025-05-09,충남,177,14.6,17.3,12.2,20.0,85,4.1,open-meteo
2025-05-10,충남,177,12.4,14.5,10.9,2.5,90,6.2,open-meteo
2025-05-11,충남,177,13.4,17.9,9.7,0.0,80,2.7,open-meteo
2025-05-12,충남,177,15.0,20.8,8.8,0.0,72,3.4,open-meteo
2025-05-13,충남,177,18.0,22.6,13.5,0.0,62,4.2,open-meteo
2025-05-14,충남,177,19.2,25.5,12.7,0.1,60,3.6,open-meteo
2025-05-15,충남,177,17.9,20.0,16.0,3.5,88,3.7,open-meteo
2025-05-16,충남,177,19.0,23.4,17.3,26.8,92,2.3,open-meteo
2025-05-17,충남,177,17.4,21.9,12.9,0.6,88,3.4,open-meteo
2025-05-18,충남,177,14.7,20.9,9.5,0.0,65,1.7,open-meteo
2025-05-19,충남,177,15.5,19.9,8.8,0.0,75,4.7,open-meteo
2025-05-20,충남,177,20.7,25.2,16.7,0.0,89,6.0,open-meteo
2025-05-21,충남,177,22.9,29.1,18.8,0.0,81,2.2,open-meteo
2025-05-22,충남,177,21.9,27.1,18.2,1.1,80,1.8,open-meteo
2025-05-23,충남,177,19.4,24.8,15.5,2.5,57,2.8,open-meteo
2025-05-24,충남,177,15.6,18.9,12.4,3.8,69,3.6,open-meteo
2025-05-25,충남,177,15.7,22.1,9.5,0.0,74,1.9,open-meteo
2025-05-26,충남,177,16.8,25.0,10.0,0.0,72,1.8,open-meteo
2025-05-27,충남,177,17.7,24.2,11.5,0.0,74,2.3,open-meteo
2025-05-28,충남,177,19.0,26.3,11.8,0.0,67,1.4,open-meteo
2025-05-29,충남,177,19.4,26.7,12.5,0.0,62,1.7,open-meteo
2025-05-30,충남,177,20.3,27.7,13.7,0.0,56,1.8,open-meteo
2025-05-31,충남,177,19.1,25.4,12.8,0.0,66,1.6,open-meteo
2025-06-01,충남,177,20.4,27.7,12.8,0.0,61,1.3,open-meteo
2025-06-02,충남,177,18.9,21.2,16.9,1.3,65,0.9,open-meteo
2025-06-03,충남,177,19.0,24.3,13.4,0.0,62,2.9,open-meteo
2025-06-04,충남,177,19.0,25.7,12.6,0.0,56,3.8,open-meteo
2025-06-05,충남,177,19.2,26.2,11.1,0.0,56,2.5,open-meteo
2025-06-06,충남,177,21.5,26.1,17.9,0.0,50,4.5,open-meteo
2025-06-07,충남,177,22.1,26.4,18.0,0.0,66,4.0,open-meteo
2025-06-08,충남,177,22.6,27.5,19.4,1.1,81,2.5,open-meteo
2025-06-09,충남,177,22.6,28.2,19.0,0.1,78,2.3,open-meteo
2025-06-10,충남,177,20.7,24.5,16.6,0.3,77,2.5,open-meteo
2025-06-11,충남,177,21.0,28.9,14.1,0.0,60,2.1,open-meteo
2025-06-12,충남,177,22.3,30.4,14.6,0.0,61,1.2,open-meteo
2025-06-13,충남,177,20.7,24.9,17.5,15.8,76,1.7,open-meteo
2025-06-14,충남,177,22.2,27.4,18.7,12.2,86,1.8,open-meteo
2025-06-15,충남,177,22.5,28.6,16.9,6.0,86,3.1,open-meteo
2025-06-16,충남,177,21.8,24.6,19.8,6.5,92,4.6,open-meteo
2025-06-17,충남,177,22.3,26.3,19.4,5.0,88,3.7,open-meteo
2025-06-18,충남,177,22.7,27.2,19.1,0.0,79,2.1,open-meteo
2025-06-19,충남,177,24.8,30.3,17.9,0.8,74,2.5,open-meteo
2025-06-20,충남,177,23.1,24.3,21.3,66.5,95,6.5,open-meteo
2025-06-21,충남,177,20.4,21.8,18.8,27.2,97,2.0,open-meteo
2025-06-22,충남,177,20.7,25.0,16.6,0.0,86,1.9,open-meteo
2025-06-23,충남,177,22.3,28.7,16.7,0.0,80,1.3,open-meteo
2025-06-24,충남,177,22.0,26.7,18.5,4.9,80,2.6,open-meteo
2025-06-25,충남,177,20.3,21.8,18.9,7.3,92,3.5,open-meteo
2025-06-26,충남,177,20.9,24.9,17.1,0.3,87,1.6,open-meteo
2025-06-27,충남,177,22.9,28.7,18.0,0.4,85,1.1,open-meteo
2025-06-28,충남,177,24.8,28.4,22.3,5.1,92,2.5,open-meteo
2025-06-29,충남,177,25.4,28.9,23.1,0.3,89,3.9,open-meteo
2025-06-30,충남,177,26.2,29.6,24.0,0.4,87,3.7,open-meteo
2025-07-01,충남,177,26.5,29.5,24.2,3.1,89,4.1,open-meteo
2025-07-02,충남,177,26.1,29.4,23.9,0.0,91,3.8,open-meteo
2025-07-03,충남,177,26.2,29.8,23.8,0.2,86,3.7,open-meteo
2025-07-04,충남,177,25.9,28.8,23.7,0.0,84,5.3,open-meteo
2025-07-05,충남,177,26.5,29.9,24.0,0.2,83,4.7,open-meteo
2025-07-06,충남,177,27.0,30.5,24.7,0.1,85,3.8,open-meteo
2025-07-07,충남,177,27.6,33.5,24.2,0.0,85,2.0,open-meteo
2025-07-08,충남,177,28.9,35.6,23.8,0.7,79,1.5,open-meteo
2025-07-09,충남,177,29.8,35.3,25.1,0.0,60,2.2,open-meteo
2025-07-10,충남,177,29.8,35.8,23.2,0.0,45,3.0,open-meteo
2025-07-11,충남,177,29.4,35.4,23.7,0.0,41,3.9,open-meteo
2025-07-12,충남,177,27.7,35.1,21.7,0.0,54,2.4,open-meteo
2025-07-13,충남,177,24.6,28.4,21.9,1.7,76,0.8,open-meteo
2025-07-14,충남,177,23.0,28.7,19.6,13.9,86,2.1,open-meteo
2025-07-15,충남,177,22.9,26.0,20.4,3.2,84,2.4,open-meteo
2025-07-16,충남,177,23.0,24.6,21.8,44.8,91,4.0,open-meteo
2025-07-17,충남,177,23.6,26.3,22.5,119.1,95,3.9,open-meteo
2025-07-18,충남,177,24.2,27.7,22.3,30.9,92,2.6,open-meteo
2025-07-19,충남,177,24.4,27.1,22.2,5.7,93,4.4,open-meteo
2025-07-20,충남,177,26.6,30.0,23.8,0.5,87,3.2,open-meteo
2025-07-21,충남,177,26.5,30.2,23.2,0.9,86,3.0,open-meteo
2025-07-22,충남,177,26.7,29.9,23.4,5.7,87,1.5,open-meteo
2025-07-23,충남,177,26.6,31.5,22.4,0.3,84,1.3,open-meteo
2025-07-24,충남,177,26.9,32.5,22.5,0.0,81,1.5,open-meteo
2025-07-25,충남,177,28.3,33.4,23.1,0.0,78,1.5,open-meteo
2025-07-26,충남,177,29.1,34.0,24.7,0.0,75,1.3,open-meteo
2025-07-27,충남,177,29.3,34.5,24.9,0.0,76,1.1,open-meteo
2025-07-28,충남,177,28.9,34.1,24.6,1.8,78,1.1,open-meteo
2025-07-29,충남,177,28.9,34.2,24.2,0.0,76,0.9,open-meteo
2025-07-30,충남,177,28.8,34.8,23.9,0.1,74,1.5,open-meteo
2025-07-31,충남,177,28.5,33.0,23.4,0.0,70,1.8,open-meteo
2025-08-01,충남,177,28.3,33.0,23.6,0.0,74,1.6,open-meteo
2025-08-02,충남,177,28.8,33.6,24.1,0.3,77,0.9,open-meteo
2025-08-03,충남,177,26.7,30.3,23.8,29.4,86,1.8,open-meteo
2025-08-04,충남,177,26.4,30.0,23.8,3.3,88,1.6,open-meteo
2025-08-05,충남,177,26.6,30.5,22.8,0.0,85,1.8,open-meteo
2025-08-06,충남,177,26.2,28.6,23.4,11.2,92,4.0,open-meteo
2025-08-07,충남,177,25.3,28.7,21.4,0.4,87,2.1,open-meteo
2025-08-08,충남,177,24.1,29.2,19.9,0.2,87,0.8,open-meteo
2025-08-09,충남,177,23.4,25.7,21.8,3.8,92,1.4,open-meteo
2025-08-10,충남,177,24.0,28.9,20.0,0.0,84,2.1,open-meteo
2025-08-11,충남,177,23.0,25.8,20.6,7.1,96,0.9,open-meteo
2025-08-12,충남,177,24.1,29.1,19.6,0.0,85,1.7,open-meteo
2025-08-13,충남,177,25.4,28.7,23.2,13.1,92,4.7,open-meteo
2025-08-14,충남,177,25.6,27.8,24.2,7.6,94,3.3,open-meteo
2025-08-15,충남,177,26.2,30.3,22.7,2.0,90,1.5,open-meteo
2025-08-16,충남,177,26.3,30.0,23.5,0.0,89,2.2,open-meteo
2025-08-17,충남,177,26.2,29.6,22.7,0.9,88,2.4,open-meteo
2025-08-18,충남,177,27.1,30.2,24.3,0.9,88,3.1,open-meteo
2025-08-19,충남,177,27.1,29.9,24.8,1.5,87,3.2,open-meteo
2025-08-20,충남,177,27.0,30.2,24.5,1.9,87,2.8,open-meteo
2025-08-21,충남,177,27.1,31.2,23.5,1.2,86,1.5,open-meteo
2025-08-22,충남,177,26.6,30.5,23.2,0.0,87,1.6,open-meteo
2025-08-23,충남,177,27.2,31.3,23.4,0.4,86,1.8,open-meteo
2025-08-24,충남,177,27.6,32.0,23.7,0.0,86,1.7,open-meteo
2025-08-25,충남,177,27.5,31.7,24.0,10.1,87,3.6,open-meteo
2025-08-26,충남,177,25.1,28.8,22.5,60.8,90,2.9,open-meteo
2025-08-27,충남,177,24.7,30.0,21.0,0.0,84,0.8,open-meteo
2025-08-28,충남,177,25.8,29.6,21.6,1.7,86,2.6,open-meteo
2025-08-29,충남,177,27.6,30.2,25.3,3.5,87,4.1,open-meteo
2025-08-30,충남,177,27.2,30.4,24.4,1.9,88,2.1,open-meteo
2025-08-31,충남,177,26.6,30.4,24.0,0.8,87,2.7,open-meteo
2025-09-01,충남,177,24.9,27.7,22.9,11.4,92,4.0,open-meteo
2025-09-02,충남,177,24.0,29.0,20.9,0.0,85,0.9,open-meteo
2025-09-03,충남,177,24.8,30.8,19.1,0.0,84,1.2,open-meteo
2025-09-04,충남,177,25.4,29.1,22.9,5.1,88,1.3,open-meteo
2025-09-05,충남,177,26.2,30.5,22.0,0.1,84,1.6,open-meteo
2025-09-06,충남,177,26.2,29.8,23.6,5.9,88,4.3,open-meteo
2025-09-07,충남,177,24.3,26.7,19.4,1.6,86,2.0,open-meteo
2025-09-08,충남,177,21.8,25.6,17.1,0.1,84,0.7,open-meteo
2025-09-09,충남,177,21.3,23.7,18.7,3.3,85,1.2,open-meteo
2025-09-10,충남,177,22.1,27.3,17.5,0.0,80,2.3,open-meteo
2025-09-11,충남,177,23.3,29.2,16.8,0.0,75,1.9,open-meteo
2025-09-12,충남,177,22.1,25.1,20.7,22.1,83,2.7,open-meteo
2025-09-13,충남,177,24.0,27.7,21.0,33.5,87,2.9,open-meteo
2025-09-14,충남,177,23.1,27.3,20.3,0.1,87,0.9,open-meteo
2025-09-15,충남,177,23.1,28.7,18.6,0.0,87,0.8,open-meteo
2025-09-16,충남,177,24.0,27.1,20.9,9.3,93,2.8,open-meteo
2025-09-17,충남,177,22.4,25.0,19.8,26.0,94,2.6,open-meteo
2025-09-18,충남,177,21.1,25.5,18.2,0.7,84,1.8,open-meteo
2025-09-19,충남,177,20.0,22.5,18.1,22.5,83,2.2,open-meteo
2025-09-20,충남,177,19.3,23.5,16.6,58.9,87,3.1,open-meteo
2025-09-21,충남,177,19.7,24.4,15.5,0.0,83,2.6,open-meteo
2025-09-22,충남,177,20.0,23.2,17.4,0.0,74,2.8,open-meteo
2025-09-23,충남,177,20.8,24.9,17.5,0.0,70,2.5,open-meteo
2025-09-24,충남,177,21.5,25.8,17.7,16.7,87,2.6,open-meteo
2025-09-25,충남,177,21.1,24.9,17.9,8.6,91,1.1,open-meteo
2025-09-26,충남,177,19.7,25.7,15.5,0.0,87,1.5,open-meteo
2025-09-27,충남,177,20.5,26.4,15.7,0.9,88,1.4,open-meteo
2025-09-28,충남,177,20.2,22.4,17.6,37.9,92,2.1,open-meteo
2025-09-29,충남,177,19.2,23.8,15.2,0.0,82,1.4,open-meteo
2025-09-30,충남,177,17.7,22.8,13.7,0.0,85,0.5,open-meteo
2025-10-01,충남,177,17.9,24.4,12.1,0.0,86,0.9,open-meteo
2025-10-02,충남,177,19.3,24.3,15.3,0.2,86,0.9,open-meteo
2025-10-03,충남,177,19.0,21.7,17.5,8.2,88,3.6,open-meteo
2025-10-04,충남,177,21.1,25.2,18.5,4.3,89,1.4,open-meteo
2025-10-05,충남,177,20.5,24.2,18.4,2.3,94,1.0,open-meteo
2025-10-06,충남,177,19.9,22.4,18.3,27.3,95,2.5,open-meteo
2025-10-07,충남,177,20.6,24.0,18.2,6.5,90,3.0,open-meteo
2025-10-08,충남,177,20.7,25.0,18.6,0.0,85,2.7,open-meteo
2025-10-09,충남,177,21.0,25.4,17.5,0.5,78,2.5,open-meteo
2025-10-10,충남,177,20.3,24.8,17.5,4.7,78,2.4,open-meteo
2025-10-11,충남,177,21.8,25.0,19.2,0.7,88,3.3,open-meteo
2025-10-12,충남,177,20.0,22.6,17.0,0.0,87,1.5,open-meteo
2025-10-13,충남,177,18.4,21.4,17.0,17.1,95,1.8,open-meteo
2025-10-14,충남,177,17.9,21.4,15.6,2.9,86,3.3,open-meteo
2025-10-15,충남,177,19.8,25.2,16.2,20.7,83,2.2,open-meteo
2025-10-16,충남,177,19.2,23.0,16.9,21.9,86,2.6,open-meteo
2025-10-17,충남,177,19.6,24.5,15.9,23.5,81,2.3,open-meteo
2025-10-18,충남,177,15.9,18.2,12.8,15.1,87,3.4,open-meteo
2025-10-19,충남,177,14.6,19.8,11.1,0.0,78,2.6,open-meteo
2025-10-20,충남,177,10.4,14.7,5.8,0.0,70,3.5,open-meteo
2025-10-21,충남,177,9.4,12.8,7.3,0.0,68,2.9,open-meteo
2025-10-22,충남,177,11.0,17.9,4.6,0.0,81,2.5,open-meteo
2025-10-23,충남,177,13.8,19.4,9.2,0.4,84,1.7,open-meteo
2025-10-24,충남,177,14.1,20.0,9.6,0.0,81,1.8,open-meteo
2025-10-25,충남,177,12.8,17.2,10.1,0.0,79,1.8,open-meteo
2025-10-26,충남,177,12.5,15.9,10.1,1.3,79,1.6,open-meteo
2025-10-27,충남,177,8.9,11.4,5.3,0.0,57,3.5,open-meteo
2025-10-28,충남,177,7.7,13.6,2.5,0.0,65,1.2,open-meteo
2025-10-29,충남,177,8.5,15.9,2.6,0.0,77,1.1,open-meteo
2025-10-30,충남,177,10.3,17.1,3.8,0.0,74,0.8,open-meteo
2025-10-31,충남,177,12.5,19.1,6.9,0.4,79,1.5,open-meteo
2025-11-01,충남,177,12.5,16.2,8.5,1.5,73,2.8,open-meteo
2025-11-02,충남,177,9.3,12.1,5.5,0.0,61,4.2,open-meteo
2025-11-03,충남,177,5.1,11.7,-1.2,0.0,65,1.4,open-meteo
2025-11-04,충남,177,8.0,15.2,3.3,0.0,79,0.8,open-meteo
2025-11-05,충남,177,8.9,16.2,3.1,0.0,79,2.0,open-meteo
2025-11-06,충남,177,10.1,17.5,4.1,0.0,81,1.9,open-meteo
2025-11-07,충남,177,11.3,19.0,6.0,0.0,84,1.2,open-meteo
2025-11-08,충남,177,12.6,16.6,9.6,0.4,80,1.3,open-meteo
2025-11-09,충남,177,12.7,17.1,10.0,0.0,75,2.6,open-meteo
2025-11-10,충남,177,8.2,10.9,4.7,0.0,51,3.0,open-meteo
2025-11-11,충남,177,7.0,13.4,1.5,0.0,68,1.7,open-meteo
2025-11-12,충남,177,7.9,15.3,2.2,0.0,78,0.6,open-meteo
2025-11-13,충남,177,8.0,16.9,0.9,0.1,81,1.9,open-meteo
2025-11-14,충남,177,7.3,14.0,2.5,0.0,74,1.6,open-meteo
2025-11-15,충남,177,7.4,15.1,2.0,0.0,66,1.0,open-meteo
2025-11-16,충남,177,9.3,16.5,3.2,0.6,76,2.2,open-meteo
2025-11-17,충남,177,5.6,10.4,3.4,0.0,55,4.6,open-meteo
2025-11-18,충남,177,2.7,6.0,0.3,0.3,61,2.2,open-meteo
2025-11-19,충남,177,3.3,7.6,-0.5,0.0,64,1.4,open-meteo
2025-11-20,충남,177,7.0,13.7,-0.2,0.0,72,3.0,open-meteo
2025-11-21,충남,177,5.1,11.0,0.1,0.0,70,1.6,open-meteo
2025-11-22,충남,177,7.2,13.7,2.9,0.0,74,2.0,open-meteo
2025-11-23,충남,177,8.8,13.6,4.5,0.0,83,2.8,open-meteo
2025-11-24,충남,177,10.4,15.7,5.9,0.0,87,2.9,open-meteo
2025-11-25,충남,177,7.0,9.7,4.9,4.0,80,3.8,open-meteo
2025-11-26,충남,177,6.3,10.3,1.4,0.0,72,1.0,open-meteo
2025-11-27,충남,177,5.4,9.3,1.2,5.1,78,4.8,open-meteo
2025-11-28,충남,177,3.6,7.1,-0.9,0.0,60,1.8,open-meteo
2025-11-29,충남,177,5.1,12.8,-3.1,0.0,75,2.9,open-meteo
2025-11-30,충남,177,11.1,15.6,7.3,0.3,90,3.2,open-meteo
2025-12-01,충남,177,5.9,10.8,1.4,0.0,69,2.8,open-meteo
2025-12-02,충남,177,1.4,3.7,-1.4,0.0,57,3.7,open-meteo
2025-12-03,충남,177,-3.7,-1.6,-7.2,0.2,55,3.8,open-meteo
2025-12-04,충남,177,-2.3,2.5,-6.9,0.4,64,2.6,open-meteo
2025-12-05,충남,177,-1.4,2.9,-4.2,0.0,70,1.7,open-meteo
2025-12-06,충남,177,2.2,7.6,-3.2,0.3,75,3.2,open-meteo
2025-12-07,충남,177,6.9,13.0,2.0,0.0,86,2.7,open-meteo
2025-12-08,충남,177,3.5,6.9,-0.4,0.0,51,2.6,open-meteo
2025-12-09,충남,177,1.6,7.5,-1.5,0.0,70,1.1,open-meteo
2025-12-10,충남,177,2.9,10.1,-2.4,0.0,84,2.0,open-meteo
2025-12-11,충남,177,5.4,9.8,-1.0,3.9,74,3.7,open-meteo
2025-12-12,충남,177,0.1,7.1,-4.0,0.0,68,2.2,open-meteo
2025-12-13,충남,177,2.4,5.1,0.8,9.1,89,1.6,open-meteo
2025-12-14,충남,177,1.5,3.9,-1.3,0.2,76,2.6,open-meteo
2025-12-15,충남,177,1.6,6.6,-1.5,0.0,77,1.4,open-meteo
2025-12-16,충남,177,5.5,10.0,1.9,0.3,86,2.4,open-meteo
2025-12-17,충남,177,3.5,7.2,-1.1,0.0,80,2.1,open-meteo
2025-12-18,충남,177,0.1,6.9,-3.6,0.0,74,1.0,open-meteo
2025-12-19,충남,177,3.6,13.0,-3.8,0.0,79,1.5,open-meteo
2025-12-20,충남,177,7.6,11.8,3.2,1.4,86,3.1,open-meteo
2025-12-21,충남,177,-0.6,2.7,-4.3,0.0,57,3.7,open-meteo
2025-12-22,충남,177,-2.5,4.3,-6.6,0.0,54,1.8,open-meteo
2025-12-23,충남,177,0.7,6.4,-3.6,16.2,74,1.6,open-meteo
2025-12-24,충남,177,2.0,5.1,-2.2,1.1,87,2.9,open-meteo
2025-12-25,충남,177,-1.9,2.3,-5.6,0.0,64,4.7,open-meteo
2025-12-26,충남,177,-6.1,-3.7,-7.8,0.0,52,3.9,open-meteo
2025-12-27,충남,177,-2.8,1.9,-6.4,0.0,74,1.3,open-meteo
2025-12-28,충남,177,1.5,7.7,-2.8,0.0,91,2.2,open-meteo
2025-12-29,충남,177,4.5,10.4,-0.7,0.1,84,2.8,open-meteo
2025-12-30,충남,177,-0.7,3.0,-3.7,0.0,55,2.4,open-meteo
2025-12-31,충남,177,-3.5,-0.5,-5.6,0.0,52,3.8,open-meteo
2025-01-01,전북,146,1.5,8.3,-3.7,0.0,65,1.6,open-meteo
2025-01-02,전북,146,0.9,6.8,-2.8,0.0,58,1.3,open-meteo
2025-01-03,전북,146,0.5,3.2,-1.6,0.2,56,2.2,open-meteo
2025-01-04,전북,146,0.8,5.2,-2.7,0.0,68,1.4,open-meteo
2025-01-05,전북,146,2.2,6.8,-1.7,2.2,76,3.2,open-meteo
2025-01-06,전북,146,2.2,5.9,-1.1,3.3,78,3.6,open-meteo
2025-01-07,전북,146,-1.6,2.6,-4.9,0.7,70,1.9,open-meteo
2025-01-08,전북,146,-2.0,1.1,-6.4,1.3,84,1.4,open-meteo
2025-01-09,전북,146,-6.9,-3.8,-11.8,0.4,63,3.3,open-meteo
2025-01-10,전북,146,-8.0,-2.4,-13.7,0.0,71,1.7,open-meteo
2025-01-11,전북,146,-2.5,-0.9,-3.7,0.0,69,1.1,open-meteo
2025-01-12,전북,146,-1.5,1.8,-5.4,0.0,66,1.4,open-meteo
2025-01-13,전북,146,1.0,5.2,-2.6,0.0,67,1.8,open-meteo
2025-01-14,전북,146,3.5,8.4,-0.6,0.1,70,2.9,open-meteo
2025-01-15,전북,146,-1.6,1.4,-4.5,0.1,57,3.2,open-meteo
2025-01-16,전북,146,0.1,4.9,-2.8,0.0,61,2.3,open-meteo
2025-01-17,전북,146,-0.9,4.2,-4.9,0.0,70,1.1,open-meteo
2025-01-18,전북,146,-0.4,7.7,-6.3,0.0,57,0.8,open-meteo
2025-01-19,전북,146,1.5,8.3,-3.6,0.0,64,1.1,open-meteo
2025-01-20,전북,146,2.2,7.5,-0.6,0.0,79,1.5,open-meteo
2025-01-21,전북,146,1.0,7.5,-3.3,0.0,77,1.0,open-meteo
2025-01-22,전북,146,2.0,8.7,-3.2,0.0,83,1.6,open-meteo
2025-01-23,전북,146,1.3,8.5,-3.1,0.0,70,1.2,open-meteo
2025-01-24,전북,146,0.9,10.4,-5.0,0.0,54,1.5,open-meteo
2025-01-25,전북,146,2.9,10.6,-3.4,0.0,56,2.1,open-meteo
2025-01-26,전북,146,4.2,8.5,0.8,0.1,61,2.0,open-meteo
2025-01-27,전북,146,1.4,3.2,-1.6,6.1,72,4.0,open-meteo
2025-01-28,전북,146,-1.4,-0.0,-2.4,7.2,82,4.4,open-meteo
2025-01-29,전북,146,-4.1,-1.2,-7.9,0.7,81,2.4,open-meteo
2025-01-30,전북,146,-2.8,1.2,-6.7,0.3,77,1.1,open-meteo
2025-01-31,전북,146,1.3,5.7,-4.5,1.3,78,2.1,open-meteo
2025-02-01,전북,146,2.9,6.8,-0.8,4.0,91,1.7,open-meteo
2025-02-02,전북,146,1.2,7.0,-2.0,0.0,86,1.1,open-meteo
2025-02-03,전북,146,-1.1,1.7,-5.0,0.0,60,4.4,open-meteo
2025-02-04,전북,146,-5.1,-3.2,-6.7,0.1,60,4.1,open-meteo
2025-02-05,전북,146,-5.8,-3.6,-9.7,0.2,66,2.1,open-meteo
2025-02-06,전북,146,-5.5,-1.5,-11.2,2.0,68,1.6,open-meteo
2025-02-07,전북,146,-6.0,-1.8,-11.0,7.1,73,4.0,open-meteo
2025-02-08,전북,146,-7.4,-4.1,-11.6,0.0,76,2.8,open-meteo
2025-02-09,전북,146,-4.5,-0.8,-10.3,0.0,77,1.7,open-meteo
2025-02-10,전북,146,-2.5,0.6,-4.9,0.0,77,1.2,open-meteo
2025-02-11,전북,146,-0.2,9.1,-7.7,0.0,52,1.5,open-meteo
2025-02-12,전북,146,2.1,4.6,-0.2,6.4,81,2.9,open-meteo
2025-02-13,전북,146,-0.1,5.5,-5.0,0.0,58,2.4,open-meteo
2025-02-14,전북,146,1.7,8.9,-3.2,0.0,70,1.5,open-meteo
2025-02-15,전북,146,0.9,6.8,-4.4,0.0,68,0.9,open-meteo
2025-02-16,전북,146,4.2,11.2,-0.3,0.0,80,2.2,open-meteo
2025-02-17,전북,146,0.3,5.2,-3.0,0.0,50,4.4,open-meteo
2025-02-18,전북,146,-1.1,3.0,-4.6,0.0,50,4.0,open-meteo
2025-02-19,전북,146,-1.5,2.4,-3.8,0.0,53,3.7,open-meteo
2025-02-20,전북,146,-1.7,3.3,-4.8,0.0,50,2.9,open-meteo
2025-02-21,전북,146,-1.6,3.1,-4.7,0.0,51,2.8,open-meteo
2025-02-22,전북,146,-1.5,2.8,-4.5,0.1,57,2.9,open-meteo
2025-02-23,전북,146,-2.1,1.8,-5.1,0.4,50,3.9,open-meteo
2025-02-24,전북,146,-0.7,4.4,-3.7,0.0,52,2.8,open-meteo
2025-02-25,전북,146,0.6,6.8,-5.0,0.1,70,2.1,open-meteo
2025-02-26,전북,146,3.0,9.6,-3.0,0.0,68,2.2,open-meteo
2025-02-27,전북,146,4.2,14.3,-4.3,0.0,43,1.3,open-meteo
2025-02-28,전북,146,7.5,13.7,3.8,0.6,79,1.0,open-meteo
2025-03-01,전북,146,7.2,13.3,-0.3,1.1,88,1.4,open-meteo
2025-03-02,전북,146,13.1,21.2,8.4,8.0,86,2.0,open-meteo
2025-03-03,전북,146,5.3,8.9,3.2,21.1,67,6.2,open-meteo
2025-03-04,전북,146,3.7,5.9,2.8,5.1,73,3.2,open-meteo
2025-03-05,전북,146,4.4,7.1,1.8,2.2,83,1.3,open-meteo
2025-03-06,전북,146,4.8,9.9,1.0,0.0,67,2.3,open-meteo
2025-03-07,전북,146,3.4,10.4,-3.8,0.0,65,1.4,open-meteo
2025-03-08,전북,146,5.2,8.6,1.6,0.4,69,1.5,open-meteo
2025-03-09,전북,146,4.6,12.6,-2.2,0.0,69,1.6,open-meteo
2025-03-10,전북,146,7.0,14.8,0.0,0.0,62,1.6,open-meteo
2025-03-11,전북,146,7.4,15.7,-0.8,0.0,65,1.2,open-meteo
2025-03-12,전북,146,8.3,14.7,3.0,0.0,71,1.6,open-meteo
2025-03-13,전북,146,9.0,15.5,4.1,0.0,56,2.5,open-meteo
2025-03-14,전북,146,11.9,21.0,3.4,0.0,38,2.2,open-meteo
2025-03-15,전북,146,9.6,14.2,5.5,1.2,56,2.5,open-meteo
2025-03-16,전북,146,3.9,6.6,0.0,1.0,66,4.1,open-meteo
2025-03-17,전북,146,2.2,6.5,-2.9,0.0,47,3.3,open-meteo
2025-03-18,전북,146,1.1,3.2,-0.5,14.7,73,4.5,open-meteo
2025-03-19,전북,146,0.7,7.0,-5.7,0.0,61,1.7,open-meteo
2025-03-20,전북,146,6.3,13.7,-1.4,0.0,69,3.2,open-meteo
2025-03-21,전북,146,10.2,18.9,4.0,0.0,67,3.3,open-meteo
2025-03-22,전북,146,11.9,20.7,5.3,0.0,60,2.8,open-meteo
2025-03-23,전북,146,13.8,23.7,6.3,0.0,54,2.4,open-meteo
2025-03-24,전북,146,15.1,21.5,11.0,0.2,57,3.6,open-meteo
2025-03-25,전북,146,13.7,24.9,7.1,0.0,68,3.6,open-meteo
2025-03-26,전북,146,15.2,26.8,3.1,0.0,55,3.1,open-meteo
2025-03-27,전북,146,15.7,20.3,8.9,1.5,74,3.6,open-meteo
2025-03-28,전북,146,6.9,11.5,3.8,0.4,54,3.7,open-meteo
2025-03-29,전북,146,3.8,8.3,-0.1,0.7,55,3.2,open-meteo
2025-03-30,전북,146,2.6,7.8,-3.0,0.0,54,2.5,open-meteo
2025-03-31,전북,146,6.2,12.4,0.2,0.0,63,2.0,open-meteo
2025-04-01,전북,146,7.4,15.6,-1.0,0.0,63,1.7,open-meteo
2025-04-02,전북,146,6.8,16.0,0.3,3.6,67,1.8,open-meteo
2025-04-03,전북,146,7.9,15.1,1.7,0.5,74,1.7,open-meteo
2025-04-04,전북,146,9.0,17.8,2.0,0.0,70,1.6,open-meteo
2025-04-05,전북,146,9.2,13.6,6.0,9.1,82,3.6,open-meteo
2025-04-06,전북,146,8.8,15.4,2.6,0.0,65,2.4,open-meteo
2025-04-07,전북,146,12.3,21.3,2.9,0.0,48,3.0,open-meteo
2025-04-08,전북,146,13.1,19.2,7.1,0.3,54,3.4,open-meteo
2025-04-09,전북,146,11.5,22.3,3.4,5.7,63,1.9,open-meteo
2025-04-10,전북,146,12.4,18.3,7.3,0.0,70,1.7,open-meteo
2025-04-11,전북,146,12.8,23.7,3.2,0.0,67,1.1,open-meteo
2025-04-12,전북,146,15.1,22.4,4.1,14.1,51,4.8,open-meteo
2025-04-13,전북,146,6.3,10.4,1.8,4.9,64,5.0,open-meteo
2025-04-14,전북,146,5.4,10.0,1.4,14.2,76,3.2,open-meteo
2025-04-15,전북,146,7.5,13.1,2.4,0.0,76,2.7,open-meteo
2025-04-16,전북,146,14.3,23.2,4.2,0.0,63,3.6,open-meteo
2025-04-17,전북,146,19.7,26.4,14.0,0.0,65,4.9,open-meteo
2025-04-18,전북,146,19.2,24.2,15.5,0.0,76,2.8,open-meteo
2025-04-19,전북,146,20.1,24.9,16.3,11.9,78,4.6,open-meteo
2025-04-20,전북,146,17.4,23.9,14.0,0.8,83,1.7,open-meteo
2025-04-21,전북,146,20.5,27.4,14.7,0.0,69,2.0,open-meteo
2025-04-22,전북,146,18.4,19.6,16.9,33.5,87,2.5,open-meteo
2025-04-23,전북,146,16.7,22.0,12.0,0.0,83,2.2,open-meteo
2025-04-24,전북,146,13.2,19.6,9.2,0.0,73,2.3,open-meteo
2025-04-25,전북,146,11.1,16.9,6.3,0.0,53,2.6,open-meteo
2025-04-26,전북,146,12.2,20.7,4.0,0.0,53,2.2,open-meteo
2025-04-27,전북,146,14.3,22.6,8.1,0.0,48,1.9,open-meteo
2025-04-28,전북,146,13.3,19.6,7.6,0.0,59,2.4,open-meteo
2025-04-29,전북,146,12.0,19.4,4.7,0.0,62,1.6,open-meteo
2025-04-30,전북,146,17.3,26.4,8.7,0.0,48,2.8,open-meteo
2025-05-01,전북,146,16.2,22.1,11.2,9.9,74,5.3,open-meteo
2025-05-02,전북,146,12.3,17.6,7.0,0.0,69,2.4,open-meteo
2025-05-03,전북,146,11.8,16.3,7.6,10.9,80,2.1,open-meteo
2025-05-04,전북,146,12.1,18.7,6.2,0.0,68,1.9,open-meteo
2025-05-05,전북,146,11.8,16.6,5.9,2.4,73,1.4,open-meteo
2025-05-06,전북,146,12.9,16.4,9.9,0.3,79,1.0,open-meteo
2025-05-07,전북,146,12.4,19.4,6.1,0.0,71,1.7,open-meteo
2025-05-08,전북,146,15.5,23.9,6.5,0.0,70,1.4,open-meteo
2025-05-09,전북,146,16.3,20.1,13.0,19.0,80,4.4,open-meteo
2025-05-10,전북,146,13.5,15.6,12.3,4.0,85,6.3,open-meteo
2025-05-11,전북,146,14.4,19.8,10.9,0.6,77,2.5,open-meteo
2025-05-12,전북,146,16.1,23.3,8.5,0.0,66,2.3,open-meteo
2025-05-13,전북,146,19.2,25.1,13.5,0.0,57,2.8,open-meteo
2025-05-14,전북,146,19.9,26.7,13.3,0.0,58,3.3,open-meteo
2025-05-15,전북,146,20.6,23.7,17.9,13.4,82,3.6,open-meteo
2025-05-16,전북,146,20.2,24.5,17.1,41.7,86,3.6,open-meteo
2025-05-17,전북,146,19.2,24.9,14.7,6.2,81,2.9,open-meteo
2025-05-18,전북,146,15.5,21.4,10.4,0.0,72,1.8,open-meteo
2025-05-19,전북,146,18.6,23.7,11.7,0.0,70,3.8,open-meteo
2025-05-20,전북,146,24.2,30.2,19.2,0.0,76,3.8,open-meteo
2025-05-21,전북,146,24.2,29.8,19.8,0.2,76,2.1,open-meteo
2025-05-22,전북,146,21.7,25.6,18.8,0.4,83,2.1,open-meteo
2025-05-23,전북,146,20.7,25.5,18.1,1.8,65,1.8,open-meteo
2025-05-24,전북,146,18.5,24.1,15.1,0.1,53,2.1,open-meteo
2025-05-25,전북,146,17.3,23.8,11.2,0.1,66,2.0,open-meteo
2025-05-26,전북,146,18.9,27.4,11.8,0.0,59,1.6,open-meteo
2025-05-27,전북,146,19.7,26.6,12.8,0.0,57,2.2,open-meteo
2025-05-28,전북,146,20.9,28.9,12.8,0.0,53,1.5,open-meteo
2025-05-29,전북,146,20.9,28.2,13.0,0.6,55,1.4,open-meteo
2025-05-30,전북,146,20.9,28.8,13.5,0.0,59,2.0,open-meteo
2025-05-31,전북,146,19.9,26.5,13.7,0.0,65,1.9,open-meteo
2025-06-01,전북,146,21.4,30.8,12.8,0.0,59,1.4,open-meteo
2025-06-02,전북,146,19.0,20.7,17.7,3.5,77,0.8,open-meteo
2025-06-03,전북,146,20.2,25.4,16.1,0.1,69,2.7,open-meteo
2025-06-04,전북,146,20.1,26.4,13.6,0.0,55,3.4,open-meteo
2025-06-05,전북,146,20.8,27.9,12.1,0.0,48,1.7,open-meteo
2025-06-06,전북,146,23.3,29.5,17.9,0.0,38,2.7,open-meteo
2025-06-07,전북,146,24.0,31.8,18.2,0.0,53,2.6,open-meteo
2025-06-08,전북,146,24.7,32.2,20.2,0.2,71,1.9,open-meteo
2025-06-09,전북,146,25.3,32.0,20.7,0.0,67,1.7,open-meteo
2025-06-10,전북,146,22.3,28.7,18.3,0.0,74,2.4,open-meteo
2025-06-11,전북,146,22.4,30.6,15.8,0.0,57,1.9,open-meteo
2025-06-12,전북,146,24.4,32.7,16.4,0.0,49,1.1,open-meteo
2025-06-13,전북,146,21.3,23.8,18.8,23.3,79,1.7,open-meteo
2025-06-14,전북,146,23.0,27.4,20.2,28.6,88,1.9,open-meteo
2025-06-15,전북,146,24.4,30.5,18.4,5.3,81,2.3,open-meteo
2025-06-16,전북,146,24.0,27.9,21.9,7.7,87,3.9,open-meteo
2025-06-17,전북,146,24.1,29.0,20.5,0.5,80,3.0,open-meteo
2025-06-18,전북,146,23.8,29.0,19.1,0.0,80,1.4,open-meteo
2025-06-19,전북,146,25.4,30.4,19.0,0.3,75,2.3,open-meteo
2025-06-20,전북,146,25.0,27.3,23.9,23.4,87,5.8,open-meteo
2025-06-21,전북,146,21.6,24.0,18.0,135.5,94,2.9,open-meteo
2025-06-22,전북,146,21.4,26.2,17.5,1.4,81,1.3,open-meteo
2025-06-23,전북,146,22.6,28.8,15.2,0.0,79,1.2,open-meteo
2025-06-24,전북,146,21.7,24.8,18.6,15.5,88,1.4,open-meteo
2025-06-25,전북,146,22.0,24.4,20.1,3.6,84,4.0,open-meteo
2025-06-26,전북,146,22.6,26.4,19.5,0.3,83,2.5,open-meteo
2025-06-27,전북,146,24.4,29.5,18.9,0.1,83,1.0,open-meteo
2025-06-28,전북,146,26.0,30.5,22.7,6.3,88,1.2,open-meteo
2025-06-29,전북,146,27.4,31.9,23.9,0.0,83,1.8,open-meteo
2025-06-30,전북,146,27.5,32.4,22.9,0.0,81,1.9,open-meteo
2025-07-01,전북,146,27.6,31.0,24.4,1.9,85,2.0,open-meteo
2025-07-02,전북,146,27.9,32.3,24.2,0.1,82,2.0,open-meteo
2025-07-03,전북,146,27.5,32.1,23.4,0.0,80,1.8,open-meteo
2025-07-04,전북,146,26.9,31.2,22.7,0.1,78,2.9,open-meteo
2025-07-05,전북,146,27.6,32.6,23.5,0.1,77,2.8,open-meteo
2025-07-06,전북,146,28.3,32.9,25.0,0.4,78,2.6,open-meteo
2025-07-07,전북,146,28.9,35.2,24.4,0.0,78,1.8,open-meteo
2025-07-08,전북,146,29.1,35.3,24.6,1.1,80,0.9,open-meteo
2025-07-09,전북,146,30.2,35.9,25.1,0.0,66,1.5,open-meteo
2025-07-10,전북,146,29.6,35.6,23.4,0.0,57,1.8,open-meteo
2025-07-11,전북,146,29.5,35.6,23.8,0.0,51,2.2,open-meteo
2025-07-12,전북,146,28.4,34.4,22.3,0.0,54,1.4,open-meteo
2025-07-13,전북,146,25.5,28.9,21.8,20.5,80,1.4,open-meteo
2025-07-14,전북,146,23.0,27.9,19.5,5.9,86,1.6,open-meteo
2025-07-15,전북,146,23.1,26.6,20.1,3.3,84,1.9,open-meteo
2025-07-16,전북,146,23.9,26.3,22.2,10.2,86,4.6,open-meteo
2025-07-17,전북,146,24.7,25.8,23.0,49.6,90,4.8,open-meteo
2025-07-18,전북,146,25.8,30.8,22.9,29.0,85,2.6,open-meteo
2025-07-19,전북,146,25.2,28.6,23.2,68.3,90,4.0,open-meteo
2025-07-20,전북,146,27.7,31.8,24.3,0.3,78,3.2,open-meteo
2025-07-21,전북,146,27.2,31.8,25.0,2.9,81,2.3,open-meteo
2025-07-22,전북,146,27.4,31.4,24.3,1.5,82,1.5,open-meteo
2025-07-23,전북,146,27.7,32.3,22.9,0.0,82,1.4,open-meteo
2025-07-24,전북,146,28.4,33.2,23.3,0.0,83,1.2,open-meteo
2025-07-25,전북,146,29.1,34.1,23.4,0.0,74,1.5,open-meteo
2025-07-26,전북,146,29.7,34.6,24.3,0.0,70,1.8,open-meteo
2025-07-27,전북,146,30.3,35.3,24.6,0.0,66,1.9,open-meteo
2025-07-28,전북,146,29.8,34.4,25.2,1.3,73,1.5,open-meteo
2025-07-29,전북,146,30.1,36.1,24.7,0.0,74,1.1,open-meteo
2025-07-30,전북,146,30.1,35.5,23.7,0.1,63,2.1,open-meteo
2025-07-31,전북,146,29.7,35.4,23.4,0.0,59,1.4,open-meteo
2025-08-01,전북,146,29.7,34.6,24.1,0.0,65,1.5,open-meteo
2025-08-02,전북,146,29.7,35.1,24.3,0.3,72,1.2,open-meteo
2025-08-03,전북,146,27.9,31.5,25.6,15.5,81,2.3,open-meteo
2025-08-04,전북,146,27.3,30.1,25.2,7.5,89,3.4,open-meteo
2025-08-05,전북,146,27.6,31.4,24.0,1.7,84,2.1,open-meteo
2025-08-06,전북,146,27.3,29.5,25.8,9.1,88,3.6,open-meteo
2025-08-07,전북,146,26.3,29.2,23.0,2.7,86,2.4,open-meteo
2025-08-08,전북,146,24.6,29.0,20.4,0.0,85,1.1,open-meteo
2025-08-09,전북,146,24.6,28.4,22.0,6.4,87,1.1,open-meteo
2025-08-10,전북,146,25.7,30.1,21.9,5.4,81,2.1,open-meteo
2025-08-11,전북,146,24.3,27.9,21.6,10.1,93,1.2,open-meteo
2025-08-12,전북,146,23.2,26.2,20.4,4.0,91,1.4,open-meteo
2025-08-13,전북,146,26.7,29.9,23.8,9.5,86,3.5,open-meteo
2025-08-14,전북,146,27.0,30.0,24.6,3.4,88,2.4,open-meteo
2025-08-15,전북,146,27.2,30.8,24.6,2.3,88,1.4,open-meteo
2025-08-16,전북,146,27.2,31.3,24.1,0.0,86,1.2,open-meteo
2025-08-17,전북,146,26.9,30.9,23.4,0.1,85,1.6,open-meteo
2025-08-18,전북,146,27.7,31.5,24.4,0.2,83,2.0,open-meteo
2025-08-19,전북,146,27.8,31.7,24.8,2.4,83,2.3,open-meteo
2025-08-20,전북,146,27.9,32.4,24.2,0.8,80,2.1,open-meteo
2025-08-21,전북,146,28.1,32.7,23.6,0.1,80,1.3,open-meteo
2025-08-22,전북,146,28.2,32.9,24.4,0.3,79,1.4,open-meteo
2025-08-23,전북,146,28.4,33.5,23.4,0.0,78,1.3,open-meteo
2025-08-24,전북,146,29.3,34.8,24.7,0.0,77,1.6,open-meteo
2025-08-25,전북,146,29.1,34.7,25.3,2.3,75,2.6,open-meteo
2025-08-26,전북,146,25.8,28.2,24.0,19.2,90,2.8,open-meteo
2025-08-27,전북,146,26.0,30.1,22.4,0.1,84,0.9,open-meteo
2025-08-28,전북,146,27.1,31.4,23.1,1.2,82,2.1,open-meteo
2025-08-29,전북,146,27.7,31.5,24.3,1.4,83,2.6,open-meteo
2025-08-30,전북,146,27.8,31.7,24.4,0.0,84,1.5,open-meteo
2025-08-31,전북,146,27.5,31.8,24.7,3.3,81,2.3,open-meteo
2025-09-01,전북,146,26.5,30.9,24.2,15.6,86,3.2,open-meteo
2025-09-02,전북,146,24.5,27.4,20.1,32.6,83,1.4,open-meteo
2025-09-03,전북,146,25.5,31.7,19.5,0.6,80,1.2,open-meteo
2025-09-04,전북,146,25.9,29.6,23.3,1.2,88,1.4,open-meteo
2025-09-05,전북,146,26.8,31.2,22.8,0.8,83,1.4,open-meteo
2025-09-06,전북,146,27.3,30.9,24.1,10.5,82,3.3,open-meteo
2025-09-07,전북,146,25.0,28.5,21.8,20.0,91,2.3,open-meteo
2025-09-08,전북,146,21.9,25.4,18.4,0.0,85,0.9,open-meteo
2025-09-09,전북,146,21.1,22.6,19.8,19.3,90,1.1,open-meteo
2025-09-10,전북,146,23.6,29.6,19.4,0.0,80,1.8,open-meteo
2025-09-11,전북,146,24.1,30.4,17.6,0.1,76,1.6,open-meteo
2025-09-12,전북,146,23.5,26.2,21.5,9.6,85,1.6,open-meteo
2025-09-13,전북,146,24.6,27.9,22.6,16.9,89,3.3,open-meteo
2025-09-14,전북,146,24.5,28.1,21.1,0.4,85,1.4,open-meteo
2025-09-15,전북,146,24.6,28.3,21.5,4.1,88,1.0,open-meteo
2025-09-16,전북,146,25.8,29.5,22.2,4.1,88,2.4,open-meteo
2025-09-17,전북,146,24.5,28.2,21.5,23.9,92,3.1,open-meteo
2025-09-18,전북,146,22.2,25.6,19.1,0.1,87,1.4,open-meteo
2025-09-19,전북,146,22.2,25.9,18.9,0.8,74,1.6,open-meteo
2025-09-20,전북,146,21.8,23.8,18.5,28.7,84,3.0,open-meteo
2025-09-21,전북,146,21.2,26.7,15.9,0.2,77,1.8,open-meteo
2025-09-22,전북,146,21.2,25.3,17.7,0.0,71,1.5,open-meteo
2025-09-23,전북,146,22.0,28.1,17.2,0.0,69,1.4,open-meteo
2025-09-24,전북,146,24.1,28.4,20.1,7.2,79,2.8,open-meteo
2025-09-25,전북,146,22.8,24.7,21.5,21.4,95,1.0,open-meteo
2025-09-26,전북,146,22.4,25.7,19.3,0.2,84,1.5,open-meteo
2025-09-27,전북,146,22.7,27.7,19.4,3.2,85,1.1,open-meteo
2025-09-28,전북,146,21.5,23.2,18.0,16.7,91,2.4,open-meteo
2025-09-29,전북,146,19.9,24.2,16.9,0.0,81,1.2,open-meteo
2025-09-30,전북,146,18.6,23.5,14.1,0.0,82,1.1,open-meteo
2025-10-01,전북,146,18.6,25.2,12.8,0.0,84,1.1,open-meteo
2025-10-02,전북,146,19.7,24.4,15.8,1.2,84,1.1,open-meteo
2025-10-03,전북,146,19.5,21.7,17.7,23.0,89,1.9,open-meteo
2025-10-04,전북,146,22.3,26.5,19.4,1.6,86,1.2,open-meteo
2025-10-05,전북,146,22.0,24.8,19.9,1.3,91,1.4,open-meteo
2025-10-06,전북,146,22.1,26.4,19.5,12.1,91,1.3,open-meteo
2025-10-07,전북,146,22.6,26.0,20.1,8.1,86,2.6,open-meteo
2025-10-08,전북,146,22.2,26.2,19.3,0.0,86,2.0,open-meteo
2025-10-09,전북,146,22.1,27.2,18.0,0.0,78,1.8,open-meteo
2025-10-10,전북,146,21.8,26.7,17.9,0.0,72,1.5,open-meteo
2025-10-11,전북,146,21.8,26.2,18.1,0.0,82,1.5,open-meteo
2025-10-12,전북,146,22.4,25.9,18.6,0.5,87,1.6,open-meteo
2025-10-13,전북,146,21.0,24.5,18.2,23.8,93,2.0,open-meteo
2025-10-14,전북,146,20.8,23.6,18.1,16.5,88,1.6,open-meteo
2025-10-15,전북,146,20.9,26.1,16.9,8.9,84,1.2,open-meteo
2025-10-16,전북,146,20.3,23.3,18.1,22.0,86,2.2,open-meteo
2025-10-17,전북,146,20.1,26.3,14.6,19.2,80,1.6,open-meteo
2025-10-18,전북,146,17.7,19.1,14.5,10.6,89,2.9,open-meteo
2025-10-19,전북,146,16.6,21.8,13.0,0.0,82,1.9,open-meteo
2025-10-20,전북,146,11.9,17.1,7.0,0.0,69,3.1,open-meteo
2025-10-21,전북,146,12.2,15.5,9.5,0.0,72,3.1,open-meteo
2025-10-22,전북,146,13.2,21.0,6.9,0.0,79,1.7,open-meteo
2025-10-23,전북,146,14.7,20.8,9.3,0.0,80,1.4,open-meteo
2025-10-24,전북,146,14.8,21.7,9.5,0.0,81,1.3,open-meteo
2025-10-25,전북,146,14.4,19.0,10.7,0.0,81,1.7,open-meteo
2025-10-26,전북,146,13.5,18.4,11.1,0.6,73,2.2,open-meteo
2025-10-27,전북,146,9.7,12.4,6.9,0.3,65,3.0,open-meteo
2025-10-28,전북,146,8.9,13.6,3.6,0.0,60,1.9,open-meteo
2025-10-29,전북,146,9.5,17.6,2.8,0.0,67,1.9,open-meteo
2025-10-30,전북,146,10.5,17.1,4.4,0.0,70,1.6,open-meteo
2025-10-31,전북,146,12.0,20.3,5.5,0.0,77,1.4,open-meteo
2025-11-01,전북,146,13.2,17.0,10.6,4.6,76,2.8,open-meteo
2025-11-02,전북,146,10.8,14.7,6.2,1.9,64,4.0,open-meteo
2025-11-03,전북,146,6.2,12.8,0.0,0.0,68,1.5,open-meteo
2025-11-04,전북,146,9.4,16.5,3.2,0.0,81,0.9,open-meteo
2025-11-05,전북,146,10.1,18.8,3.4,0.0,79,1.4,open-meteo
2025-11-06,전북,146,10.7,19.0,3.3,0.0,78,1.5,open-meteo
2025-11-07,전북,146,12.0,19.5,6.0,0.0,78,1.1,open-meteo
2025-11-08,전북,146,13.6,18.3,7.7,2.4,77,1.4,open-meteo
2025-11-09,전북,146,13.5,18.2,10.3,5.6,81,2.1,open-meteo
2025-11-10,전북,146,9.3,13.5,4.2,0.0,52,2.9,open-meteo
2025-11-11,전북,146,8.1,14.7,2.6,0.0,56,2.2,open-meteo
2025-11-12,전북,146,8.2,15.3,1.4,0.0,69,1.0,open-meteo
2025-11-13,전북,146,9.4,17.2,2.6,0.0,73,1.3,open-meteo
2025-11-14,전북,146,8.4,14.8,2.8,0.0,71,1.5,open-meteo
2025-11-15,전북,146,8.4,16.0,3.7,0.0,71,1.1,open-meteo
2025-11-16,전북,146,10.6,18.1,4.0,0.0,70,1.7,open-meteo
2025-11-17,전북,146,7.0,11.5,3.2,0.3,59,4.1,open-meteo
2025-11-18,전북,146,3.8,7.0,0.7,0.0,60,2.7,open-meteo
2025-11-19,전북,146,5.6,8.5,3.5,0.2,63,1.3,open-meteo
2025-11-20,전북,146,8.4,14.5,2.5,0.0,71,2.8,open-meteo
2025-11-21,전북,146,6.4,11.8,1.6,0.0,70,1.7,open-meteo
2025-11-22,전북,146,6.7,14.1,0.4,0.0,74,1.7,open-meteo
2025-11-23,전북,146,9.0,15.4,4.0,0.0,72,2.2,open-meteo
2025-11-24,전북,146,12.2,18.2,8.3,0.1,75,2.8,open-meteo
2025-11-25,전북,146,8.1,10.8,6.3,12.4,78,3.9,open-meteo
2025-11-26,전북,146,6.9,10.9,2.5,0.0,72,1.3,open-meteo
2025-11-27,전북,146,6.7,10.4,2.3,4.8,72,4.6,open-meteo
2025-11-28,전북,146,5.0,8.1,-0.6,0.2,61,2.1,open-meteo
2025-11-29,전북,146,6.4,14.6,-1.9,0.0,69,2.8,open-meteo
2025-11-30,전북,146,11.8,18.3,7.4,0.0,78,3.0,open-meteo
2025-12-01,전북,146,7.7,11.4,2.4,0.2,69,2.4,open-meteo
2025-12-02,전북,146,3.1,6.7,0.3,0.0,52,3.5,open-meteo
2025-12-03,전북,146,-1.5,0.8,-5.6,0.0,52,3.3,open-meteo
2025-12-04,전북,146,0.1,3.9,-4.3,0.5,66,2.1,open-meteo
2025-12-05,전북,146,-0.7,3.8,-4.4,0.0,67,2.1,open-meteo
2025-12-06,전북,146,2.8,10.0,-4.4,0.2,67,2.9,open-meteo
2025-12-07,전북,146,9.2,15.1,5.0,0.5,80,3.1,open-meteo
2025-12-08,전북,146,5.4,9.0,-0.6,0.0,49,2.9,open-meteo
2025-12-09,전북,146,3.0,8.4,-1.1,0.0,64,1.6,open-meteo
2025-12-10,전북,146,4.8,11.4,-1.3,0.0,70,1.9,open-meteo
2025-12-11,전북,146,7.7,12.1,0.9,11.9,69,3.4,open-meteo
2025-12-12,전북,146,1.7,8.8,-4.0,0.0,65,1.5,open-meteo
2025-12-13,전북,146,3.5,5.8,0.2,11.8,85,1.6,open-meteo
2025-12-14,전북,146,2.7,5.1,0.4,0.8,79,2.8,open-meteo
2025-12-15,전북,146,3.5,8.1,-1.1,0.0,73,1.4,open-meteo
2025-12-16,전북,146,6.6,11.5,1.5,1.0,75,2.4,open-meteo
2025-12-17,전북,146,5.9,9.3,0.5,1.2,76,2.6,open-meteo
2025-12-18,전북,146,1.3,7.7,-3.5,0.0,74,1.1,open-meteo
2025-12-19,전북,146,7.8,15.6,0.3,0.0,70,2.4,open-meteo
2025-12-20,전북,146,10.4,15.6,6.2,3.2,85,3.4,open-meteo
2025-12-21,전북,146,1.2,4.7,-3.8,0.0,54,3.7,open-meteo
2025-12-22,전북,146,-1.2,5.7,-5.7,0.0,59,1.2,open-meteo
2025-12-23,전북,146,4.4,12.5,-2.5,10.8,68,2.6,open-meteo
2025-12-24,전북,146,4.1,6.4,0.2,5.0,84,3.0,open-meteo
2025-12-25,전북,146,-0.9,3.8,-4.7,0.0,67,4.1,open-meteo
2025-12-26,전북,146,-5.3,-1.8,-7.6,0.0,49,3.6,open-meteo
2025-12-27,전북,146,-1.1,4.8,-6.1,0.9,65,1.5,open-meteo
2025-12-28,전북,146,3.3,8.6,0.3,0.7,73,2.1,open-meteo
2025-12-29,전북,146,4.5,9.8,1.0,4.2,86,2.6,open-meteo
2025-12-30,전북,146,0.2,5.4,-3.6,0.0,61,2.1,open-meteo
2025-12-31,전북,146,-2.1,-0.1,-5.0,0.0,50,3.3,open-meteo
2025-01-01,전남,165,3.3,9.1,-1.4,0.0,66,1.7,open-meteo
2025-01-02,전남,165,3.5,8.0,0.3,0.0,68,2.8,open-meteo
2025-01-03,전남,165,3.7,5.0,0.3,0.0,49,4.6,open-meteo
2025-01-04,전남,165,4.0,7.2,-0.9,0.0,56,2.4,open-meteo
2025-01-05,전남,165,3.9,9.2,-1.6,4.1,85,2.6,open-meteo
2025-01-06,전남,165,5.4,7.2,2.4,0.1,67,6.3,open-meteo
2025-01-07,전남,165,2.5,4.5,0.1,0.5,62,5.8,open-meteo
2025-01-08,전남,165,3.3,7.3,0.9,0.3,67,5.1,open-meteo
2025-01-09,전남,165,-2.0,0.5,-4.2,2.1,65,6.3,open-meteo
2025-01-10,전남,165,-4.6,-1.8,-7.1,0.1,76,2.6,open-meteo
2025-01-11,전남,165,0.0,1.4,-2.2,0.4,79,2.3,open-meteo
2025-01-12,전남,165,-0.2,3.8,-3.4,0.0,72,2.1,open-meteo
2025-01-13,전남,165,2.5,6.3,-0.7,0.0,66,2.0,open-meteo
2025-01-14,전남,165,5.4,10.1,-0.2,0.0,72,2.9,open-meteo
2025-01-15,전남,165,1.4,3.5,-1.3,0.0,62,6.2,open-meteo
2025-01-16,전남,165,3.5,6.6,1.2,0.0,57,4.8,open-meteo
2025-01-17,전남,165,2.2,5.3,-1.6,0.0,63,3.4,open-meteo
2025-01-18,전남,165,1.2,8.0,-3.3,0.0,66,1.6,open-meteo
2025-01-19,전남,165,2.3,9.0,-4.0,0.0,78,1.3,open-meteo
2025-01-20,전남,165,4.4,7.7,1.6,0.0,76,2.8,open-meteo
2025-01-21,전남,165,2.8,7.6,-1.3,0.0,77,2.1,open-meteo
2025-01-22,전남,165,2.6,8.2,-2.3,0.0,81,1.3,open-meteo
2025-01-23,전남,165,3.5,9.9,-0.5,0.0,66,2.9,open-meteo
2025-01-24,전남,165,3.8,11.5,-1.0,0.0,49,3.1,open-meteo
2025-01-25,전남,165,4.8,11.0,-1.3,0.0,50,2.6,open-meteo
2025-01-26,전남,165,4.6,8.5,0.7,0.1,62,2.2,open-meteo
2025-01-27,전남,165,2.7,4.5,0.7,6.6,67,6.1,open-meteo
2025-01-28,전남,165,1.3,3.0,0.5,0.7,56,8.2,open-meteo
2025-01-29,전남,165,1.1,2.0,0.2,0.1,60,6.8,open-meteo
2025-01-30,전남,165,2.7,6.7,-1.1,0.0,55,2.2,open-meteo
2025-01-31,전남,165,4.0,8.9,-0.2,4.0,71,3.3,open-meteo
2025-02-01,전남,165,4.7,6.1,2.7,21.6,95,3.9,open-meteo
2025-02-02,전남,165,3.8,8.2,0.9,0.0,77,3.9,open-meteo
2025-02-03,전남,165,1.4,4.6,-2.4,1.4,65,7.1,open-meteo
2025-02-04,전남,165,-2.5,-1.5,-3.7,0.4,72,6.8,open-meteo
2025-02-05,전남,165,-3.2,0.4,-7.4,1.8,77,4.2,open-meteo
2025-02-06,전남,165,-2.6,-0.3,-5.9,0.4,78,2.4,open-meteo
2025-02-07,전남,165,-1.4,2.1,-4.7,5.8,72,7.6,open-meteo
2025-02-08,전남,165,-3.6,-1.4,-7.1,0.6,81,4.7,open-meteo
2025-02-09,전남,165,-1.8,0.0,-4.5,0.4,85,2.6,open-meteo
2025-02-10,전남,165,-0.8,1.9,-4.7,0.0,77,2.4,open-meteo
2025-02-11,전남,165,0.3,9.3,-6.3,0.0,66,2.5,open-meteo
2025-02-12,전남,165,5.0,9.4,2.4,9.5,84,5.8,open-meteo
2025-02-13,전남,165,2.5,5.7,0.0,0.0,55,4.7,open-meteo
2025-02-14,전남,165,3.1,8.2,0.0,0.0,72,1.6,open-meteo
2025-02-15,전남,165,1.7,7.0,-3.2,0.0,78,1.1,open-meteo
2025-02-16,전남,165,4.2,10.3,-1.5,0.0,87,2.8,open-meteo
2025-02-17,전남,165,2.8,5.4,0.5,0.0,53,7.3,open-meteo
2025-02-18,전남,165,1.8,3.4,0.5,0.0,48,7.1,open-meteo
2025-02-19,전남,165,1.5,2.7,-0.1,0.0,53,6.7,open-meteo
2025-02-20,전남,165,1.2,3.4,-0.2,0.0,51,5.5,open-meteo
2025-02-21,전남,165,0.9,3.1,-1.1,0.0,52,5.2,open-meteo
2025-02-22,전남,165,1.1,3.0,-0.9,0.1,57,5.3,open-meteo
2025-02-23,전남,165,0.8,2.9,-0.4,0.1,49,7.0,open-meteo
2025-02-24,전남,165,1.2,4.3,-1.6,0.0,56,5.7,open-meteo
2025-02-25,전남,165,2.1,5.6,-3.4,0.0,72,2.2,open-meteo
2025-02-26,전남,165,5.1,9.3,0.3,0.0,68,3.1,open-meteo
2025-02-27,전남,165,4.6,14.2,-3.5,0.2,53,2.6,open-meteo
2025-02-28,전남,165,8.6,13.4,5.2,0.2,85,1.8,open-meteo
2025-03-01,전남,165,10.5,15.7,4.9,6.4,93,3.2,open-meteo
2025-03-02,전남,165,14.1,18.5,10.7,5.2,93,4.4,open-meteo
2025-03-03,전남,165,7.0,9.9,3.6,15.7,78,6.1,open-meteo
2025-03-04,전남,165,4.3,7.0,2.9,9.3,85,4.2,open-meteo
2025-03-05,전남,165,5.5,7.6,3.4,0.3,82,2.8,open-meteo
2025-03-06,전남,165,5.3,8.6,3.1,0.0,70,5.1,open-meteo
2025-03-07,전남,165,4.9,11.6,-0.6,0.0,70,2.4,open-meteo
2025-03-08,전남,165,5.9,8.6,3.2,0.6,74,2.5,open-meteo
2025-03-09,전남,165,5.7,13.1,-0.4,0.0,72,2.3,open-meteo
2025-03-10,전남,165,6.3,12.9,0.0,0.0,72,2.2,open-meteo
2025-03-11,전남,165,7.8,15.9,1.7,0.2,69,2.1,open-meteo
2025-03-12,전남,165,8.6,13.4,4.1,0.0,72,1.8,open-meteo
2025-03-13,전남,165,9.8,16.2,5.8,0.0,56,4.1,open-meteo
2025-03-14,전남,165,12.3,19.4,6.7,0.0,44,2.3,open-meteo
2025-03-15,전남,165,10.0,14.6,6.1,4.1,65,3.8,open-meteo
2025-03-16,전남,165,5.0,7.1,2.2,0.1,65,7.3,open-meteo
2025-03-17,전남,165,3.9,6.3,2.2,0.0,49,5.7,open-meteo
2025-03-18,전남,165,3.6,5.3,2.0,5.4,59,8.3,open-meteo
2025-03-19,전남,165,3.7,6.8,1.6,0.0,54,4.1,open-meteo
2025-03-20,전남,165,7.3,12.4,0.3,0.0,74,4.2,open-meteo
2025-03-21,전남,165,10.7,15.5,7.7,0.0,71,4.7,open-meteo
2025-03-22,전남,165,11.2,16.5,6.9,0.0,68,3.3,open-meteo
2025-03-23,전남,165,12.5,19.2,6.3,0.0,64,3.0,open-meteo
2025-03-24,전남,165,13.7,17.4,10.4,0.0,68,5.0,open-meteo
2025-03-25,전남,165,12.7,21.2,5.7,0.0,72,3.9,open-meteo
2025-03-26,전남,165,14.3,23.2,4.4,0.0,64,4.0,open-meteo
2025-03-27,전남,165,13.2,16.7,7.3,0.5,83,5.9,open-meteo
2025-03-28,전남,165,6.7,8.4,5.4,0.8,58,7.7,open-meteo
2025-03-29,전남,165,5.1,8.5,2.3,0.1,54,4.5,open-meteo
2025-03-30,전남,165,4.2,8.4,-1.5,0.0,51,2.8,open-meteo
2025-03-31,전남,165,6.6,11.8,0.7,0.0,68,2.3,open-meteo
2025-04-01,전남,165,7.7,15.5,0.7,0.0,65,2.2,open-meteo
2025-04-02,전남,165,7.8,15.3,0.9,0.2,64,2.3,open-meteo
2025-04-03,전남,165,8.4,12.5,5.5,0.0,75,2.8,open-meteo
2025-04-04,전남,165,7.9,13.8,1.6,0.0,76,2.2,open-meteo
2025-04-05,전남,165,9.9,13.4,7.1,3.2,84,4.2,open-meteo
2025-04-06,전남,165,9.2,14.2,4.5,0.0,71,2.5,open-meteo
2025-04-07,전남,165,11.2,18.3,3.0,0.0,65,3.6,open-meteo
2025-04-08,전남,165,13.6,18.8,7.9,0.0,58,4.8,open-meteo
2025-04-09,전남,165,12.5,21.6,3.3,3.6,62,2.9,open-meteo
2025-04-10,전남,165,11.6,15.1,7.8,0.0,75,3.2,open-meteo
2025-04-11,전남,165,12.8,19.9,4.4,0.0,69,2.4,open-meteo
2025-04-12,전남,165,13.4,16.8,5.0,19.4,79,6.5,open-meteo
2025-04-13,전남,165,8.4,11.3,4.4,1.2,53,6.7,open-meteo
2025-04-14,전남,165,8.9,12.5,6.3,1.8,68,7.3,open-meteo
2025-04-15,전남,165,9.1,12.5,6.5,0.0,73,4.6,open-meteo
2025-04-16,전남,165,13.8,19.1,7.4,0.0,73,4.6,open-meteo
2025-04-17,전남,165,17.1,21.2,14.3,0.0,80,6.6,open-meteo
2025-04-18,전남,165,16.8,20.4,14.2,0.1,85,4.6,open-meteo
2025-04-19,전남,165,18.4,23.6,15.0,24.4,83,5.2,open-meteo
2025-04-20,전남,165,16.4,22.0,13.8,1.6,87,2.2,open-meteo
2025-04-21,전남,165,18.4,23.9,13.6,0.6,73,4.6,open-meteo
2025-04-22,전남,165,16.3,18.6,13.4,20.4,92,4.9,open-meteo
2025-04-23,전남,165,14.4,19.2,11.5,0.0,83,3.1,open-meteo
2025-04-24,전남,165,12.5,17.3,7.5,0.0,75,3.1,open-meteo
2025-04-25,전남,165,12.8,17.6,9.9,0.0,47,4.4,open-meteo
2025-04-26,전남,165,13.3,20.3,7.4,0.0,52,2.2,open-meteo
2025-04-27,전남,165,15.7,22.4,9.2,0.0,45,2.1,open-meteo
2025-04-28,전남,165,14.5,18.8,10.6,0.0,65,4.1,open-meteo
2025-04-29,전남,165,13.5,19.3,7.2,0.0,55,2.9,open-meteo
2025-04-30,전남,165,17.0,24.2,10.6,0.0,54,4.2,open-meteo
2025-05-01,전남,165,15.6,19.5,11.8,13.4,83,5.6,open-meteo
2025-05-02,전남,165,13.3,17.0,10.5,0.0,63,4.0,open-meteo
2025-05-03,전남,165,12.5,16.6,10.0,13.6,78,4.3,open-meteo
2025-05-04,전남,165,13.2,18.0,9.5,0.0,71,2.4,open-meteo
2025-05-05,전남,165,11.5,17.9,6.6,6.4,77,2.5,open-meteo
2025-05-06,전남,165,12.2,15.1,10.3,2.7,82,3.0,open-meteo
2025-05-07,전남,165,13.0,19.0,8.2,0.0,73,2.1,open-meteo
2025-05-08,전남,165,15.1,22.3,6.8,0.0,62,3.3,open-meteo
2025-05-09,전남,165,15.7,17.9,13.4,23.5,91,7.4,open-meteo
2025-05-10,전남,165,13.9,15.6,12.8,2.5,82,7.5,open-meteo
2025-05-11,전남,165,14.6,18.4,11.5,0.0,82,3.1,open-meteo
2025-05-12,전남,165,15.8,21.2,10.8,0.0,80,3.3,open-meteo
2025-05-13,전남,165,17.6,22.5,13.3,0.0,74,3.8,open-meteo
2025-05-14,전남,165,18.8,24.0,12.3,0.3,72,3.9,open-meteo
2025-05-15,전남,165,18.8,20.6,17.6,10.7,91,4.2,open-meteo
2025-05-16,전남,165,18.9,22.2,17.4,37.1,95,5.1,open-meteo
2025-05-17,전남,165,17.4,21.0,15.1,0.7,90,3.1,open-meteo
2025-05-18,전남,165,15.2,19.5,12.3,0.0,77,3.7,open-meteo
2025-05-19,전남,165,16.9,20.4,12.3,0.4,82,4.6,open-meteo
2025-05-20,전남,165,21.0,25.2,17.4,0.1,91,4.4,open-meteo
2025-05-21,전남,165,21.5,25.1,18.5,0.4,89,3.5,open-meteo
2025-05-22,전남,165,19.3,21.5,17.5,0.0,91,3.3,open-meteo
2025-05-23,전남,165,18.3,21.1,16.4,0.2,68,3.9,open-meteo
2025-05-24,전남,165,17.4,20.1,15.4,0.0,67,3.1,open-meteo
2025-05-25,전남,165,16.4,20.8,12.6,0.0,73,3.2,open-meteo
2025-05-26,전남,165,17.0,22.1,12.0,0.0,75,1.8,open-meteo
2025-05-27,전남,165,17.8,23.5,12.1,0.0,68,2.0,open-meteo
2025-05-28,전남,165,19.5,26.4,12.1,0.0,66,1.9,open-meteo
2025-05-29,전남,165,19.7,24.6,13.3,0.0,63,2.6,open-meteo
2025-05-30,전남,165,19.5,24.4,14.9,0.0,57,3.2,open-meteo
2025-05-31,전남,165,18.2,23.0,13.5,0.0,75,2.0,open-meteo
2025-06-01,전남,165,19.3,25.4,13.6,0.0,70,1.7,open-meteo
2025-06-02,전남,165,17.7,19.5,16.0,6.1,81,2.3,open-meteo
2025-06-03,전남,165,18.7,21.6,16.3,0.7,79,4.6,open-meteo
2025-06-04,전남,165,19.5,23.4,15.9,0.0,69,3.8,open-meteo
2025-06-05,전남,165,20.4,26.0,13.6,0.0,57,2.1,open-meteo
2025-06-06,전남,165,21.6,25.8,17.6,0.0,52,3.3,open-meteo
2025-06-07,전남,165,22.9,28.3,17.1,0.0,62,3.2,open-meteo
2025-06-08,전남,165,23.5,27.7,20.0,0.0,71,2.2,open-meteo
2025-06-09,전남,165,22.8,28.5,18.5,0.0,75,1.9,open-meteo
2025-06-10,전남,165,21.6,26.5,18.3,0.0,82,2.9,open-meteo
2025-06-11,전남,165,22.3,27.7,17.2,0.0,58,4.1,open-meteo
2025-06-12,전남,165,23.1,29.2,19.0,0.0,54,2.8,open-meteo
2025-06-13,전남,165,20.4,22.9,18.0,34.4,90,3.2,open-meteo
2025-06-14,전남,165,22.3,26.4,20.0,60.0,91,3.4,open-meteo
2025-06-15,전남,165,22.0,25.3,18.4,7.7,92,3.2,open-meteo
2025-06-16,전남,165,22.2,25.1,20.5,5.9,90,5.0,open-meteo
2025-06-17,전남,165,22.7,26.0,20.1,1.0,87,4.3,open-meteo
2025-06-18,전남,165,22.3,26.7,17.4,0.0,85,2.2,open-meteo
2025-06-19,전남,165,24.2,28.7,19.0,0.0,82,3.7,open-meteo
2025-06-20,전남,165,23.9,25.3,22.9,13.0,91,6.8,open-meteo
2025-06-21,전남,165,21.8,23.4,18.1,69.3,97,5.2,open-meteo
2025-06-22,전남,165,20.7,24.4,18.2,1.0,87,2.2,open-meteo
2025-06-23,전남,165,22.3,28.9,16.5,0.0,82,1.4,open-meteo
2025-06-24,전남,165,21.6,23.6,19.9,22.7,90,3.4,open-meteo
2025-06-25,전남,165,21.4,24.5,19.5,0.3,89,4.3,open-meteo
2025-06-26,전남,165,21.8,25.3,19.3,0.0,87,2.4,open-meteo
2025-06-27,전남,165,23.7,28.4,18.4,0.0,86,2.0,open-meteo
2025-06-28,전남,165,25.3,27.9,23.4,0.5,92,2.9,open-meteo
2025-06-29,전남,165,26.0,29.1,23.7,0.1,88,3.3,open-meteo
2025-06-30,전남,165,26.8,30.7,23.2,0.1,84,3.1,open-meteo
2025-07-01,전남,165,27.5,30.6,24.7,0.4,86,3.7,open-meteo
2025-07-02,전남,165,27.1,30.1,24.7,0.0,86,3.1,open-meteo
2025-07-03,전남,165,26.8,30.0,24.4,0.0,84,3.2,open-meteo
2025-07-04,전남,165,26.7,29.8,24.4,0.0,83,4.2,open-meteo
2025-07-05,전남,165,27.1,29.9,24.4,0.0,82,4.1,open-meteo
2025-07-06,전남,165,26.9,30.0,24.7,0.1,88,3.5,open-meteo
2025-07-07,전남,165,26.9,30.3,24.7,0.2,86,2.2,open-meteo
2025-07-08,전남,165,29.6,34.3,25.0,0.3,72,2.8,open-meteo
2025-07-09,전남,165,29.4,34.7,25.5,0.0,64,2.4,open-meteo
2025-07-10,전남,165,29.3,34.8,25.0,2.5,65,2.4,open-meteo
2025-07-11,전남,165,29.7,35.4,25.5,0.7,57,3.1,open-meteo
2025-07-12,전남,165,28.4,34.3,24.8,0.0,56,2.7,open-meteo
2025-07-13,전남,165,24.7,27.9,21.6,19.7,88,2.3,open-meteo
2025-07-14,전남,165,24.3,27.5,21.5,0.4,81,4.2,open-meteo
2025-07-15,전남,165,24.4,27.6,21.4,2.2,84,3.1,open-meteo
2025-07-16,전남,165,24.9,26.8,23.1,8.0,86,4.9,open-meteo
2025-07-17,전남,165,25.5,26.9,23.7,26.4,92,5.9,open-meteo
2025-07-18,전남,165,25.9,29.8,23.3,46.6,89,4.6,open-meteo
2025-07-19,전남,165,25.5,28.1,23.5,44.0,92,4.5,open-meteo
2025-07-20,전남,165,27.0,30.1,24.3,0.3,85,4.8,open-meteo
2025-07-21,전남,165,27.3,30.0,25.2,2.6,87,2.9,open-meteo
2025-07-22,전남,165,27.5,30.5,25.1,2.4,84,2.4,open-meteo
2025-07-23,전남,165,27.2,31.9,24.1,0.0,84,1.6,open-meteo
2025-07-24,전남,165,27.5,32.3,23.3,0.0,84,1.6,open-meteo
2025-07-25,전남,165,28.8,33.8,24.3,0.3,76,2.4,open-meteo
2025-07-26,전남,165,29.5,34.2,25.3,0.4,73,3.2,open-meteo
2025-07-27,전남,165,30.0,34.3,26.3,0.0,66,3.6,open-meteo
2025-07-28,전남,165,29.3,33.8,25.2,0.0,71,2.2,open-meteo
2025-07-29,전남,165,29.5,35.1,24.6,0.0,70,1.4,open-meteo
2025-07-30,전남,165,29.0,34.7,24.5,0.0,69,2.4,open-meteo
2025-07-31,전남,165,29.8,34.7,25.7,0.1,63,3.2,open-meteo
2025-08-01,전남,165,29.0,33.4,24.2,0.0,67,1.8,open-meteo
2025-08-02,전남,165,28.5,32.3,24.7,0.0,76,1.8,open-meteo
2025-08-03,전남,165,27.0,30.7,25.6,40.2,88,3.8,open-meteo
2025-08-04,전남,165,27.8,30.2,26.1,2.8,88,3.3,open-meteo
2025-08-05,전남,165,27.6,29.8,25.4,3.3,90,3.2,open-meteo
2025-08-06,전남,165,28.0,29.6,26.8,3.4,87,5.5,open-meteo
2025-08-07,전남,165,27.9,30.0,25.4,1.1,84,3.8,open-meteo
2025-08-08,전남,165,26.3,29.1,23.6,0.0,77,1.9,open-meteo
2025-08-09,전남,165,24.1,25.7,22.6,48.8,94,2.3,open-meteo
2025-08-10,전남,165,25.3,28.7,22.6,61.6,87,3.9,open-meteo
2025-08-11,전남,165,24.4,26.1,22.0,40.4,93,1.9,open-meteo
2025-08-12,전남,165,23.9,27.2,21.5,23.0,95,2.2,open-meteo
2025-08-13,전남,165,27.3,30.0,24.8,1.9,88,4.5,open-meteo
2025-08-14,전남,165,27.4,29.7,25.7,1.3,88,3.2,open-meteo
2025-08-15,전남,165,27.0,30.0,25.2,0.0,90,1.3,open-meteo
2025-08-16,전남,165,26.7,30.0,24.4,0.0,89,1.2,open-meteo
2025-08-17,전남,165,26.7,30.2,24.1,0.1,88,1.7,open-meteo
2025-08-18,전남,165,27.3,30.3,24.4,0.4,89,2.2,open-meteo
2025-08-19,전남,165,27.7,30.5,24.9,0.2,84,2.7,open-meteo
2025-08-20,전남,165,28.1,31.5,25.0,0.7,81,2.2,open-meteo
2025-08-21,전남,165,27.7,32.1,23.9,0.0,81,1.4,open-meteo
2025-08-22,전남,165,27.9,31.1,24.8,0.0,80,1.6,open-meteo
2025-08-23,전남,165,27.8,31.4,24.4,0.0,85,1.9,open-meteo
2025-08-24,전남,165,28.5,32.1,24.9,0.2,81,2.7,open-meteo
2025-08-25,전남,165,28.7,31.8,26.0,4.3,80,3.7,open-meteo
2025-08-26,전남,165,27.2,29.7,25.4,19.3,86,3.8,open-meteo
2025-08-27,전남,165,27.3,30.7,24.7,0.4,81,1.5,open-meteo
2025-08-28,전남,165,28.3,32.5,24.3,0.0,76,2.7,open-meteo
2025-08-29,전남,165,28.4,31.4,25.8,0.1,83,3.1,open-meteo
2025-08-30,전남,165,28.1,31.9,25.3,0.9,83,1.8,open-meteo
2025-08-31,전남,165,27.7,31.4,25.4,5.6,82,3.0,open-meteo
2025-09-01,전남,165,27.4,31.3,25.6,5.0,83,3.9,open-meteo
2025-09-02,전남,165,26.2,29.0,24.1,5.9,82,2.1,open-meteo
2025-09-03,전남,165,26.4,31.9,21.8,0.2,78,1.8,open-meteo
2025-09-04,전남,165,27.6,32.6,24.2,1.1,80,1.9,open-meteo
2025-09-05,전남,165,27.7,31.6,24.2,0.2,81,1.8,open-meteo
2025-09-06,전남,165,28.3,31.3,25.3,0.4,80,4.2,open-meteo
2025-09-07,전남,165,26.8,28.6,24.7,11.6,88,2.6,open-meteo
2025-09-08,전남,165,23.0,24.8,20.9,32.4,93,2.2,open-meteo
2025-09-09,전남,165,21.7,23.4,20.4,6.4,85,3.0,open-meteo
2025-09-10,전남,165,24.2,28.7,21.1,0.5,80,2.3,open-meteo
2025-09-11,전남,165,25.3,29.8,21.2,0.0,77,2.1,open-meteo
2025-09-12,전남,165,25.0,28.3,22.9,2.7,81,4.2,open-meteo
2025-09-13,전남,165,25.5,27.5,23.5,34.9,89,4.1,open-meteo
2025-09-14,전남,165,25.1,28.1,23.3,0.7,86,1.4,open-meteo
2025-09-15,전남,165,24.8,28.0,23.3,8.9,94,1.4,open-meteo
2025-09-16,전남,165,26.5,29.7,23.8,1.5,90,2.8,open-meteo
2025-09-17,전남,165,25.9,29.0,24.0,10.8,89,3.9,open-meteo
2025-09-18,전남,165,24.1,27.4,22.4,0.8,77,2.6,open-meteo
2025-09-19,전남,165,23.4,26.3,20.9,0.7,73,3.8,open-meteo
2025-09-20,전남,165,23.4,24.8,21.6,20.2,81,5.1,open-meteo
2025-09-21,전남,165,22.7,26.7,19.0,0.9,78,2.5,open-meteo
2025-09-22,전남,165,22.4,26.6,18.3,0.0,71,3.3,open-meteo
2025-09-23,전남,165,22.8,27.2,18.8,0.0,62,3.0,open-meteo
2025-09-24,전남,165,24.8,29.0,22.0,4.7,82,4.1,open-meteo
2025-09-25,전남,165,23.3,25.8,22.1,10.1,95,1.5,open-meteo
2025-09-26,전남,165,23.4,27.0,19.2,25.6,86,2.2,open-meteo
2025-09-27,전남,165,22.1,26.5,18.3,6.6,81,1.8,open-meteo
2025-09-28,전남,165,22.8,25.3,20.9,6.7,88,3.9,open-meteo
2025-09-29,전남,165,21.3,24.2,18.5,0.0,79,3.1,open-meteo
2025-09-30,전남,165,19.6,23.9,16.1,0.0,83,1.4,open-meteo
2025-10-01,전남,165,19.8,24.8,15.4,0.0,84,1.9,open-meteo
2025-10-02,전남,165,20.1,23.3,17.9,4.3,83,2.1,open-meteo
2025-10-03,전남,165,19.1,21.9,17.6,63.5,91,5.2,open-meteo
2025-10-04,전남,165,22.4,25.2,20.1,1.2,91,3.1,open-meteo
2025-10-05,전남,165,22.7,25.0,21.1,0.3,88,2.4,open-meteo
2025-10-06,전남,165,23.1,27.8,19.7,2.7,87,2.4,open-meteo
2025-10-07,전남,165,22.7,24.3,21.8,1.8,88,4.0,open-meteo
2025-10-08,전남,165,22.7,25.7,21.0,0.4,85,3.4,open-meteo
2025-10-09,전남,165,23.2,27.5,20.6,0.3,76,2.0,open-meteo
2025-10-10,전남,165,21.8,26.4,18.5,0.0,73,2.9,open-meteo
2025-10-11,전남,165,21.7,25.9,18.5,0.0,84,1.6,open-meteo
2025-10-12,전남,165,22.7,25.8,19.7,0.0,89,2.2,open-meteo
2025-10-13,전남,165,22.3,27.0,18.6,2.5,89,2.7,open-meteo
2025-10-14,전남,165,21.3,23.1,18.7,6.2,87,2.9,open-meteo
2025-10-15,전남,165,21.0,22.6,19.5,3.3,83,3.6,open-meteo
2025-10-16,전남,165,21.5,24.1,19.2,25.4,85,3.7,open-meteo
2025-10-17,전남,165,21.0,24.0,18.8,15.6,80,4.5,open-meteo
2025-10-18,전남,165,19.3,21.7,16.7,4.4,86,5.5,open-meteo
2025-10-19,전남,165,17.2,21.2,15.1,0.1,79,3.8,open-meteo
2025-10-20,전남,165,13.8,16.1,11.1,0.0,66,5.8,open-meteo
2025-10-21,전남,165,13.0,14.8,11.5,0.0,70,5.0,open-meteo
2025-10-22,전남,165,13.9,19.2,8.9,0.0,74,3.8,open-meteo
2025-10-23,전남,165,15.9,21.0,12.9,0.0,81,2.9,open-meteo
2025-10-24,전남,165,15.9,21.3,12.3,0.0,82,2.6,open-meteo
2025-10-25,전남,165,15.6,18.6,13.6,0.0,77,3.8,open-meteo
2025-10-26,전남,165,15.3,18.2,13.6,0.0,63,4.8,open-meteo
2025-10-27,전남,165,13.2,15.1,12.0,0.0,55,6.2,open-meteo
2025-10-28,전남,165,11.6,14.8,9.0,0.0,53,3.3,open-meteo
2025-10-29,전남,165,11.1,17.4,5.8,0.0,59,2.1,open-meteo
2025-10-30,전남,165,12.8,18.2,7.7,0.0,63,2.0,open-meteo
2025-10-31,전남,165,13.8,19.0,8.6,0.1,69,2.9,open-meteo
2025-11-01,전남,165,15.4,17.4,13.4,0.5,65,5.9,open-meteo
2025-11-02,전남,165,14.0,16.5,10.3,0.0,53,6.6,open-meteo
2025-11-03,전남,165,9.4,13.3,4.9,0.0,51,3.3,open-meteo
2025-11-04,전남,165,12.0,17.8,7.3,0.0,70,2.2,open-meteo
2025-11-05,전남,165,13.1,20.1,8.2,0.0,72,2.4,open-meteo
2025-11-06,전남,165,13.2,20.4,7.1,0.0,70,2.5,open-meteo
2025-11-07,전남,165,14.2,21.6,8.4,0.0,74,1.8,open-meteo
2025-11-08,전남,165,15.2,19.5,12.4,9.1,74,3.4,open-meteo
2025-11-09,전남,165,14.8,18.3,12.9,2.4,79,4.2,open-meteo
2025-11-10,전남,165,11.8,14.8,7.7,0.0,52,5.5,open-meteo
2025-11-11,전남,165,10.3,15.6,6.3,0.0,52,4.2,open-meteo
2025-11-12,전남,165,10.6,16.2,5.4,0.0,58,2.5,open-meteo
2025-11-13,전남,165,11.9,17.3,7.1,0.0,76,3.2,open-meteo
2025-11-14,전남,165,11.6,15.1,8.0,0.0,64,3.9,open-meteo
2025-11-15,전남,165,11.0,17.8,5.8,0.0,64,2.0,open-meteo
2025-11-16,전남,165,12.2,19.0,5.5,0.0,78,2.1,open-meteo
2025-11-17,전남,165,9.8,13.2,6.9,0.0,59,7.6,open-meteo
2025-11-18,전남,165,7.2,9.0,5.8,1.7,61,4.8,open-meteo
2025-11-19,전남,165,7.2,10.2,4.7,0.5,72,2.7,open-meteo
2025-11-20,전남,165,10.0,14.4,4.0,0.0,67,3.1,open-meteo
2025-11-21,전남,165,10.5,13.6,7.0,0.0,57,3.8,open-meteo
2025-11-22,전남,165,8.3,14.3,1.9,0.0,72,1.3,open-meteo
2025-11-23,전남,165,10.0,15.6,4.0,0.0,79,2.1,open-meteo
2025-11-24,전남,165,13.9,18.0,10.4,0.0,80,2.6,open-meteo
2025-11-25,전남,165,10.7,12.5,8.8,2.6,67,6.7,open-meteo
2025-11-26,전남,165,9.0,11.9,5.7,0.0,58,2.8,open-meteo
2025-11-27,전남,165,9.5,13.0,5.1,1.4,69,6.3,open-meteo
2025-11-28,전남,165,7.4,10.1,2.1,0.0,55,4.1,open-meteo
2025-11-29,전남,165,8.7,16.3,0.4,0.0,77,3.6,open-meteo
2025-11-30,전남,165,14.0,18.4,10.1,0.0,84,3.3,open-meteo
2025-12-01,전남,165,10.0,12.8,6.3,0.0,64,4.9,open-meteo
2025-12-02,전남,165,5.6,8.1,3.8,0.0,54,5.8,open-meteo
2025-12-03,전남,165,2.1,3.7,-0.5,0.9,64,4.9,open-meteo
2025-12-04,전남,165,2.9,7.5,-0.6,0.2,69,2.4,open-meteo
2025-12-05,전남,165,3.4,6.3,-0.3,0.1,58,4.0,open-meteo
2025-12-06,전남,165,4.6,11.1,-2.8,0.0,69,2.9,open-meteo
2025-12-07,전남,165,12.0,15.4,8.9,0.0,75,3.7,open-meteo
2025-12-08,전남,165,8.3,10.9,4.0,0.0,46,5.2,open-meteo
2025-12-09,전남,165,5.2,10.1,1.8,0.0,56,2.6,open-meteo
2025-12-10,전남,165,7.1,13.8,1.5,0.0,54,2.0,open-meteo
2025-12-11,전남,165,9.6,13.8,4.4,3.7,76,5.9,open-meteo
2025-12-12,전남,165,4.1,9.6,-1.0,0.0,60,2.9,open-meteo
2025-12-13,전남,165,5.9,7.6,4.2,9.6,84,3.7,open-meteo
2025-12-14,전남,165,5.4,6.9,4.3,1.5,71,6.7,open-meteo
2025-12-15,전남,165,5.8,9.0,3.0,0.1,69,2.2,open-meteo
2025-12-16,전남,165,7.9,14.2,2.5,0.0,76,2.6,open-meteo
2025-12-17,전남,165,7.4,9.6,4.3,0.0,72,4.7,open-meteo
2025-12-18,전남,165,4.1,10.3,0.1,0.0,72,1.9,open-meteo
2025-12-19,전남,165,9.1,17.4,1.9,0.0,76,2.3,open-meteo
2025-12-20,전남,165,11.5,16.8,8.0,0.9,87,4.4,open-meteo
2025-12-21,전남,165,3.9,7.1,-0.2,0.0,57,7.2,open-meteo
2025-12-22,전남,165,1.7,8.4,-3.1,0.0,46,2.5,open-meteo
2025-12-23,전남,165,8.0,12.8,0.4,1.9,72,3.5,open-meteo
2025-12-24,전남,165,7.0,10.6,4.8,5.8,79,5.5,open-meteo
2025-12-25,전남,165,3.1,5.0,-0.7,0.0,59,8.4,open-meteo
2025-12-26,전남,165,-1.7,-0.4,-4.1,0.2,61,6.2,open-meteo
2025-12-27,전남,165,0.5,5.4,-4.2,0.0,62,1.9,open-meteo
2025-12-28,전남,165,5.3,10.7,0.7,0.0,70,2.8,open-meteo
2025-12-29,전남,165,8.0,12.9,3.7,0.1,82,3.2,open-meteo
2025-12-30,전남,165,3.3,6.7,0.3,0.0,51,4.4,open-meteo
2025-12-31,전남,165,0.1,1.8,-1.7,0.0,54,5.2,open-meteo
2025-01-01,경북,136,0.3,6.8,-3.9,0.0,58,3.3,open-meteo
2025-01-02,경북,136,0.6,6.6,-2.7,0.0,54,2.8,open-meteo
2025-01-03,경북,136,-2.1,1.6,-5.4,0.0,43,3.7,open-meteo
2025-01-04,경북,136,-1.1,3.3,-4.9,0.0,49,3.1,open-meteo
2025-01-05,경북,136,-0.5,3.7,-4.1,0.4,65,1.3,open-meteo
2025-01-06,경북,136,0.2,5.8,-2.6,1.7,75,3.3,open-meteo
2025-01-07,경북,136,-3.3,1.0,-6.8,0.0,51,5.2,open-meteo
2025-01-08,경북,136,-2.6,1.3,-4.9,0.0,62,4.4,open-meteo
2025-01-09,경북,136,-8.7,-5.0,-12.8,0.0,35,6.1,open-meteo
2025-01-10,경북,136,-8.9,-3.1,-13.3,0.0,35,3.9,open-meteo
2025-01-11,경북,136,-5.4,-0.3,-9.0,0.0,48,3.2,open-meteo
2025-01-12,경북,136,-3.2,1.7,-6.6,0.0,53,4.5,open-meteo
2025-01-13,경북,136,-1.2,4.6,-5.2,0.0,57,3.6,open-meteo
2025-01-14,경북,136,2.4,7.5,-1.1,0.0,59,3.6,open-meteo
2025-01-15,경북,136,-3.3,0.1,-5.7,0.0,41,4.7,open-meteo
2025-01-16,경북,136,-2.0,2.2,-6.2,0.0,57,3.8,open-meteo
2025-01-17,경북,136,0.3,5.2,-3.7,0.0,61,1.1,open-meteo
2025-01-18,경북,136,0.1,7.5,-4.5,0.0,47,1.5,open-meteo
2025-01-19,경북,136,0.5,7.5,-4.3,0.0,56,1.9,open-meteo
2025-01-20,경북,136,0.8,7.2,-3.0,0.0,67,1.0,open-meteo
2025-01-21,경북,136,0.6,7.6,-3.1,0.0,68,1.6,open-meteo
2025-01-22,경북,136,1.0,7.8,-4.1,0.0,68,2.2,open-meteo
2025-01-23,경북,136,0.9,7.8,-3.7,0.0,53,1.2,open-meteo
2025-01-24,경북,136,1.0,8.8,-4.1,0.0,66,1.0,open-meteo
2025-01-25,경북,136,1.8,7.5,-2.0,0.0,76,3.1,open-meteo
2025-01-26,경북,136,1.3,6.2,-3.3,0.9,72,2.2,open-meteo
2025-01-27,경북,136,-0.2,1.9,-3.8,4.6,80,3.5,open-meteo
2025-01-28,경북,136,-2.9,-0.9,-4.9,0.0,76,6.5,open-meteo
2025-01-29,경북,136,-5.6,-4.2,-8.0,0.0,73,6.4,open-meteo
2025-01-30,경북,136,-3.2,1.5,-6.8,0.0,49,4.1,open-meteo
2025-01-31,경북,136,1.2,5.9,-3.4,0.0,63,1.0,open-meteo
2025-02-01,경북,136,1.7,4.8,-2.3,1.3,88,1.4,open-meteo
2025-02-02,경북,136,1.3,7.7,-2.9,0.0,72,1.7,open-meteo
2025-02-03,경북,136,-2.9,-0.2,-7.0,0.0,49,6.3,open-meteo
2025-02-04,경북,136,-8.3,-5.0,-11.7,0.0,42,6.0,open-meteo
2025-02-05,경북,136,-7.6,-3.8,-11.3,0.0,41,5.5,open-meteo
2025-02-06,경북,136,-6.0,-0.9,-10.6,0.0,41,4.4,open-meteo
2025-02-07,경북,136,-6.8,-3.8,-11.7,1.5,59,5.2,open-meteo
2025-02-08,경북,136,-9.2,-4.2,-13.2,0.0,50,4.8,open-meteo
2025-02-09,경북,136,-5.7,-0.8,-9.3,0.0,55,4.0,open-meteo
2025-02-10,경북,136,-3.6,-0.1,-7.0,0.0,62,4.1,open-meteo
2025-02-11,경북,136,-1.3,5.8,-6.3,0.0,54,1.2,open-meteo
2025-02-12,경북,136,0.3,2.3,-2.1,4.2,78,2.7,open-meteo
2025-02-13,경북,136,-1.5,4.0,-5.9,0.0,44,4.9,open-meteo
2025-02-14,경북,136,1.3,8.9,-3.9,0.0,59,2.4,open-meteo
2025-02-15,경북,136,1.0,7.0,-3.9,0.0,54,1.7,open-meteo
2025-02-16,경북,136,3.3,10.7,-2.6,0.0,67,3.1,open-meteo
2025-02-17,경북,136,-0.4,3.5,-3.8,0.0,40,5.8,open-meteo
2025-02-18,경북,136,-2.7,1.9,-6.0,0.0,39,5.2,open-meteo
2025-02-19,경북,136,-3.2,2.1,-6.8,0.0,42,4.5,open-meteo
2025-02-20,경북,136,-3.1,2.1,-6.9,0.0,39,4.1,open-meteo
2025-02-21,경북,136,-2.9,2.3,-6.8,0.0,40,4.2,open-meteo
2025-02-22,경북,136,-2.4,2.8,-5.9,0.0,40,4.3,open-meteo
2025-02-23,경북,136,-3.6,0.4,-6.9,0.0,42,5.2,open-meteo
2025-02-24,경북,136,-2.5,3.8,-6.9,0.0,42,4.4,open-meteo
2025-02-25,경북,136,0.7,7.1,-4.3,0.0,57,4.6,open-meteo
2025-02-26,경북,136,3.5,9.1,-0.2,0.0,53,4.6,open-meteo
2025-02-27,경북,136,3.6,11.7,-3.3,0.0,32,1.8,open-meteo
2025-02-28,경북,136,8.1,14.2,3.9,0.1,48,2.9,open-meteo
2025-03-01,경북,136,5.2,11.2,-1.0,0.0,74,0.8,open-meteo
2025-03-02,경북,136,7.3,13.2,2.5,6.5,81,4.2,open-meteo
2025-03-03,경북,136,0.9,2.4,-0.1,20.7,81,7.2,open-meteo
2025-03-04,경북,136,1.4,2.2,0.5,7.9,80,5.6,open-meteo
2025-03-05,경북,136,3.3,6.8,1.0,0.7,76,2.6,open-meteo
2025-03-06,경북,136,3.4,8.4,-0.5,1.1,74,1.6,open-meteo
2025-03-07,경북,136,2.7,9.5,-3.0,0.0,69,1.2,open-meteo
2025-03-08,경북,136,5.2,9.6,1.8,0.7,65,2.5,open-meteo
2025-03-09,경북,136,3.9,11.6,-3.1,0.0,64,1.2,open-meteo
2025-03-10,경북,136,5.4,12.5,-2.3,0.0,64,1.4,open-meteo
2025-03-11,경북,136,7.1,15.3,-0.5,0.0,56,1.2,open-meteo
2025-03-12,경북,136,9.2,16.0,1.8,0.0,57,3.5,open-meteo
2025-03-13,경북,136,8.3,15.5,3.0,0.0,55,2.0,open-meteo
2025-03-14,경북,136,7.7,15.9,0.5,0.0,52,3.1,open-meteo
2025-03-15,경북,136,6.7,9.5,5.0,0.6,62,4.9,open-meteo
2025-03-16,경북,136,3.3,6.0,-0.6,4.2,72,3.8,open-meteo
2025-03-17,경북,136,1.7,6.6,-2.3,0.1,42,4.5,open-meteo
2025-03-18,경북,136,1.2,5.5,-2.0,1.8,58,3.1,open-meteo
2025-03-19,경북,136,1.1,7.5,-4.2,0.0,54,2.8,open-meteo
2025-03-20,경북,136,5.6,14.4,-3.1,0.0,57,3.8,open-meteo
2025-03-21,경북,136,11.3,21.0,3.2,0.0,51,5.0,open-meteo
2025-03-22,경북,136,14.1,23.1,6.4,0.0,40,4.7,open-meteo
2025-03-23,경북,136,14.9,24.8,6.0,0.0,40,2.0,open-meteo
2025-03-24,경북,136,15.8,22.8,8.9,0.0,46,4.0,open-meteo
2025-03-25,경북,136,15.4,26.9,7.2,0.0,57,4.5,open-meteo
2025-03-26,경북,136,15.2,25.9,5.1,0.0,36,2.9,open-meteo
2025-03-27,경북,136,17.7,23.5,12.7,0.0,72,4.1,open-meteo
2025-03-28,경북,136,7.6,13.0,4.0,0.2,58,3.9,open-meteo
2025-03-29,경북,136,4.1,9.2,-0.5,0.4,32,5.2,open-meteo
2025-03-30,경북,136,2.2,8.3,-4.0,0.0,32,4.0,open-meteo
2025-03-31,경북,136,5.8,13.4,-2.1,0.0,46,2.1,open-meteo
2025-04-01,경북,136,8.5,17.3,0.6,0.0,43,1.6,open-meteo
2025-04-02,경북,136,8.6,17.7,0.7,0.6,56,1.7,open-meteo
2025-04-03,경북,136,8.8,16.3,1.7,0.7,63,1.7,open-meteo
2025-04-04,경북,136,10.1,17.0,2.7,0.0,56,2.1,open-meteo
2025-04-05,경북,136,9.1,15.4,4.9,9.3,70,3.5,open-meteo
2025-04-06,경북,136,10.1,16.5,4.5,0.3,56,5.1,open-meteo
2025-04-07,경북,136,12.2,21.0,2.9,0.0,43,2.7,open-meteo
2025-04-08,경북,136,14.0,19.8,9.1,0.6,45,4.4,open-meteo
2025-04-09,경북,136,13.0,20.9,3.8,0.3,54,2.4,open-meteo
2025-04-10,경북,136,14.2,20.4,9.2,0.0,53,2.7,open-meteo
2025-04-11,경북,136,14.6,24.8,5.5,0.0,52,1.4,open-meteo
2025-04-12,경북,136,13.9,22.6,6.6,6.5,59,3.4,open-meteo
2025-04-13,경북,136,6.4,11.4,1.7,11.2,61,7.1,open-meteo
2025-04-14,경북,136,5.0,9.4,1.5,3.5,71,1.9,open-meteo
2025-04-15,경북,136,7.6,14.8,0.9,0.0,61,4.9,open-meteo
2025-04-16,경북,136,12.9,23.1,2.9,0.0,60,2.4,open-meteo
2025-04-17,경북,136,17.7,25.0,9.9,0.0,67,4.9,open-meteo
2025-04-18,경북,136,20.3,27.4,15.0,0.0,67,4.0,open-meteo
2025-04-19,경북,136,19.7,26.4,14.0,3.5,73,3.8,open-meteo
2025-04-20,경북,136,15.2,19.9,10.1,2.6,75,3.3,open-meteo
2025-04-21,경북,136,16.1,24.4,7.9,0.0,62,2.3,open-meteo
2025-04-22,경북,136,14.9,17.2,12.3,20.0,89,1.8,open-meteo
2025-04-23,경북,136,15.1,20.8,9.9,0.0,66,2.1,open-meteo
2025-04-24,경북,136,15.0,23.1,8.3,0.0,62,3.9,open-meteo
2025-04-25,경북,136,12.2,17.5,7.4,0.0,32,4.8,open-meteo
2025-04-26,경북,136,13.4,22.0,4.7,0.0,34,3.9,open-meteo
2025-04-27,경북,136,16.3,25.3,7.7,0.0,28,3.6,open-meteo
2025-04-28,경북,136,15.8,22.8,10.0,0.0,29,4.0,open-meteo
2025-04-29,경북,136,14.2,21.7,5.6,0.0,41,2.2,open-meteo
2025-04-30,경북,136,18.3,27.6,8.5,0.0,39,3.1,open-meteo
2025-05-01,경북,136,15.5,23.8,10.1,16.9,66,4.3,open-meteo
2025-05-02,경북,136,13.3,18.6,7.2,0.1,60,4.7,open-meteo
2025-05-03,경북,136,11.6,14.6,8.9,6.4,70,2.9,open-meteo
2025-05-04,경북,136,13.2,20.7,5.9,0.0,51,4.6,open-meteo
2025-05-05,경북,136,12.3,17.6,6.9,0.9,52,1.9,open-meteo
2025-05-06,경북,136,12.0,15.9,6.9,0.2,66,1.9,open-meteo
2025-05-07,경북,136,14.3,21.7,7.3,0.0,65,1.5,open-meteo
2025-05-08,경북,136,17.2,25.5,9.2,0.0,52,2.2,open-meteo
2025-05-09,경북,136,14.0,15.9,11.4,19.2,81,3.1,open-meteo
2025-05-10,경북,136,13.6,16.1,11.9,2.2,83,6.4,open-meteo
2025-05-11,경북,136,14.1,19.6,10.5,0.5,76,2.9,open-meteo
2025-05-12,경북,136,16.3,23.8,8.9,0.0,58,3.2,open-meteo
2025-05-13,경북,136,18.6,27.6,10.0,0.0,53,2.4,open-meteo
2025-05-14,경북,136,20.1,28.0,12.0,0.0,48,2.8,open-meteo
2025-05-15,경북,136,20.0,24.9,17.0,4.4,75,3.8,open-meteo
2025-05-16,경북,136,19.9,25.0,16.9,24.0,87,2.8,open-meteo
2025-05-17,경북,136,19.9,25.1,15.8,17.1,77,4.2,open-meteo
2025-05-18,경북,136,16.3,21.3,12.2,0.0,61,3.5,open-meteo
2025-05-19,경북,136,17.6,24.5,9.6,0.0,65,3.3,open-meteo
2025-05-20,경북,136,23.0,30.4,16.2,0.0,75,3.4,open-meteo
2025-05-21,경북,136,23.4,30.3,19.2,0.6,76,2.7,open-meteo
2025-05-22,경북,136,17.0,19.1,13.2,0.8,74,3.4,open-meteo
2025-05-23,경북,136,16.3,21.7,10.8,0.0,53,3.5,open-meteo
2025-05-24,경북,136,13.8,16.2,12.0,1.4,68,4.4,open-meteo
2025-05-25,경북,136,16.4,23.9,10.0,1.0,66,2.0,open-meteo
2025-05-26,경북,136,18.3,25.6,11.0,0.0,60,1.6,open-meteo
2025-05-27,경북,136,19.6,26.8,12.4,0.0,59,2.1,open-meteo
2025-05-28,경북,136,17.9,25.7,12.1,11.0,76,1.1,open-meteo
2025-05-29,경북,136,17.9,25.0,11.7,1.5,75,1.3,open-meteo
2025-05-30,경북,136,17.9,25.7,11.3,0.0,60,2.6,open-meteo
2025-05-31,경북,136,19.0,27.8,10.4,0.0,58,1.4,open-meteo
2025-06-01,경북,136,21.2,29.2,13.3,0.0,54,1.0,open-meteo
2025-06-02,경북,136,19.4,22.0,17.0,1.6,74,0.9,open-meteo
2025-06-03,경북,136,21.4,27.4,16.4,0.2,56,3.6,open-meteo
2025-06-04,경북,136,20.8,27.8,13.9,0.0,37,6.2,open-meteo
2025-06-05,경북,136,22.0,29.2,13.8,0.0,43,3.3,open-meteo
2025-06-06,경북,136,23.9,31.2,16.6,0.0,33,3.0,open-meteo
2025-06-07,경북,136,24.8,32.3,16.2,0.0,42,2.4,open-meteo
2025-06-08,경북,136,25.5,31.2,20.3,0.6,57,2.2,open-meteo
2025-06-09,경북,136,25.8,32.8,20.0,0.1,61,3.0,open-meteo
2025-06-10,경북,136,25.7,32.1,20.1,0.0,55,4.1,open-meteo
2025-06-11,경북,136,23.7,30.0,17.0,0.0,44,3.8,open-meteo
2025-06-12,경북,136,25.0,32.8,18.3,0.0,42,1.5,open-meteo
2025-06-13,경북,136,21.5,26.7,17.7,15.3,63,1.8,open-meteo
2025-06-14,경북,136,21.4,26.9,18.0,61.0,88,1.4,open-meteo
2025-06-15,경북,136,24.2,29.5,18.6,0.7,81,2.2,open-meteo
2025-06-16,경북,136,23.3,27.0,21.3,9.3,90,3.2,open-meteo
2025-06-17,경북,136,22.5,27.1,19.1,3.7,86,2.6,open-meteo
2025-06-18,경북,136,23.8,28.6,19.7,1.6,78,2.6,open-meteo
2025-06-19,경북,136,25.0,30.8,19.5,0.0,72,1.8,open-meteo
2025-06-20,경북,136,24.3,26.8,22.6,9.9,87,5.3,open-meteo
2025-06-21,경북,136,21.6,22.8,18.5,78.5,98,4.3,open-meteo
2025-06-22,경북,136,21.5,26.3,17.7,6.1,79,2.9,open-meteo
2025-06-23,경북,136,23.0,29.5,16.9,0.0,76,1.4,open-meteo
2025-06-24,경북,136,20.8,24.9,17.8,15.5,84,2.9,open-meteo
2025-06-25,경북,136,21.6,25.9,19.2,5.4,88,3.3,open-meteo
2025-06-26,경북,136,22.0,25.4,18.7,0.2,82,3.3,open-meteo
2025-06-27,경북,136,23.9,29.2,19.0,0.0,82,1.5,open-meteo
2025-06-28,경북,136,25.5,30.7,21.7,1.6,84,1.0,open-meteo
2025-06-29,경북,136,26.7,31.3,22.5,0.1,83,1.4,open-meteo
2025-06-30,경북,136,27.5,31.7,24.2,0.0,77,2.4,open-meteo
2025-07-01,경북,136,27.6,31.8,23.8,0.5,80,2.7,open-meteo
2025-07-02,경북,136,28.3,32.9,24.1,0.0,75,3.2,open-meteo
2025-07-03,경북,136,28.3,33.0,24.0,0.0,70,2.9,open-meteo
2025-07-04,경북,136,27.5,32.3,23.1,0.0,67,3.8,open-meteo
2025-07-05,경북,136,28.4,34.0,22.8,0.0,67,3.9,open-meteo
2025-07-06,경북,136,29.1,34.5,23.6,0.3,68,3.6,open-meteo
2025-07-07,경북,136,29.7,36.1,24.4,0.0,66,2.6,open-meteo
2025-07-08,경북,136,29.0,34.3,24.7,0.0,66,3.3,open-meteo
2025-07-09,경북,136,28.0,33.8,22.9,0.0,52,3.4,open-meteo
2025-07-10,경북,136,27.1,32.9,22.3,0.0,52,3.9,open-meteo
2025-07-11,경북,136,25.9,31.2,22.1,0.0,57,4.9,open-meteo
2025-07-12,경북,136,25.9,32.9,20.0,0.0,61,3.4,open-meteo
2025-07-13,경북,136,24.2,33.0,19.2,35.6,76,1.6,open-meteo
2025-07-14,경북,136,22.6,26.7,20.0,34.6,85,2.1,open-meteo
2025-07-15,경북,136,21.9,25.3,18.9,1.0,86,3.1,open-meteo
2025-07-16,경북,136,22.6,25.1,19.6,3.6,89,2.9,open-meteo
2025-07-17,경북,136,23.6,27.5,20.9,15.9,90,2.9,open-meteo
2025-07-18,경북,136,23.8,27.5,21.5,16.2,92,2.0,open-meteo
2025-07-19,경북,136,23.4,25.5,22.2,45.6,95,3.8,open-meteo
2025-07-20,경북,136,25.8,30.0,22.0,0.2,84,2.8,open-meteo
2025-07-21,경북,136,26.5,30.2,23.5,0.9,84,2.7,open-meteo
2025-07-22,경북,136,26.8,31.3,23.0,0.2,84,2.1,open-meteo
2025-07-23,경북,136,27.4,32.0,22.7,0.0,80,0.9,open-meteo
2025-07-24,경북,136,28.2,33.9,23.8,0.0,74,1.2,open-meteo
2025-07-25,경북,136,28.0,33.1,23.1,0.0,69,1.9,open-meteo
2025-07-26,경북,136,28.2,33.6,22.3,0.0,72,1.9,open-meteo
2025-07-27,경북,136,28.8,34.1,23.4,0.0,68,2.2,open-meteo
2025-07-28,경북,136,29.4,35.2,23.2,0.0,66,1.2,open-meteo
2025-07-29,경북,136,29.6,35.5,24.3,0.0,64,1.6,open-meteo
2025-07-30,경북,136,28.1,34.6,22.6,0.0,72,2.3,open-meteo
2025-07-31,경북,136,28.6,34.7,23.6,0.0,72,2.2,open-meteo
2025-08-01,경북,136,28.6,35.6,22.9,0.0,71,1.3,open-meteo
2025-08-02,경북,136,29.4,34.8,23.8,0.1,70,1.2,open-meteo
2025-08-03,경북,136,28.5,32.0,22.5,11.8,75,1.6,open-meteo
2025-08-04,경북,136,26.6,31.0,22.1,35.7,89,3.6,open-meteo
2025-08-05,경북,136,27.8,31.9,24.3,0.6,81,2.6,open-meteo
2025-08-06,경북,136,26.5,31.4,24.5,6.9,87,3.7,open-meteo
2025-08-07,경북,136,26.0,29.8,22.9,0.7,81,3.5,open-meteo
2025-08-08,경북,136,25.4,30.1,21.2,0.2,80,1.2,open-meteo
2025-08-09,경북,136,23.8,27.4,21.0,2.4,85,1.2,open-meteo
2025-08-10,경북,136,24.3,29.9,19.9,0.0,76,1.4,open-meteo
2025-08-11,경북,136,23.5,27.9,20.4,4.6,82,1.5,open-meteo
2025-08-12,경북,136,22.8,27.5,19.2,2.0,83,1.5,open-meteo
2025-08-13,경북,136,25.6,30.2,22.2,9.3,86,1.8,open-meteo
2025-08-14,경북,136,27.0,31.9,23.5,0.6,81,3.1,open-meteo
2025-08-15,경북,136,27.9,33.2,23.7,0.5,77,2.3,open-meteo
2025-08-16,경북,136,28.4,34.3,23.2,0.0,71,2.4,open-meteo
2025-08-17,경북,136,28.2,33.8,22.3,0.0,66,2.9,open-meteo
2025-08-18,경북,136,29.0,35.2,23.2,0.0,65,2.6,open-meteo
2025-08-19,경북,136,29.5,35.1,24.7,1.2,66,3.7,open-meteo
2025-08-20,경북,136,30.1,35.8,24.5,0.1,61,3.1,open-meteo
2025-08-21,경북,136,30.4,36.8,24.6,0.0,61,2.0,open-meteo
2025-08-22,경북,136,30.4,36.6,24.3,0.0,63,2.2,open-meteo
2025-08-23,경북,136,30.6,37.3,23.9,0.0,63,2.5,open-meteo
2025-08-24,경북,136,31.2,37.9,24.9,0.3,59,1.1,open-meteo
2025-08-25,경북,136,30.8,36.4,25.6,0.9,59,2.6,open-meteo
2025-08-26,경북,136,28.0,30.9,25.2,2.3,72,4.1,open-meteo
2025-08-27,경북,136,27.2,34.4,21.8,0.3,69,2.6,open-meteo
2025-08-28,경북,136,28.1,33.6,22.5,2.4,64,2.2,open-meteo
2025-08-29,경북,136,29.5,34.9,24.0,0.0,66,3.6,open-meteo
2025-08-30,경북,136,30.0,36.3,24.4,0.1,64,2.4,open-meteo
2025-08-31,경북,136,27.9,34.2,23.7,3.2,74,2.5,open-meteo
2025-09-01,경북,136,27.4,33.5,23.8,4.9,77,3.4,open-meteo
2025-09-02,경북,136,25.6,31.3,22.8,9.1,73,2.4,open-meteo
2025-09-03,경북,136,25.5,32.3,20.0,3.3,73,2.2,open-meteo
2025-09-04,경북,136,25.7,31.0,22.1,1.6,75,3.2,open-meteo
2025-09-05,경북,136,26.8,33.6,21.8,2.3,68,1.9,open-meteo
2025-09-06,경북,136,27.2,34.6,22.1,2.5,75,3.1,open-meteo
2025-09-07,경북,136,25.8,29.1,22.9,0.9,78,3.6,open-meteo
2025-09-08,경북,136,23.2,28.4,18.5,0.0,73,1.5,open-meteo
2025-09-09,경북,136,20.7,21.3,19.9,11.9,88,1.0,open-meteo
2025-09-10,경북,136,22.8,27.8,19.9,0.1,75,2.8,open-meteo
2025-09-11,경북,136,22.5,29.2,16.3,0.0,70,3.2,open-meteo
2025-09-12,경북,136,22.2,24.5,20.6,13.4,80,3.3,open-meteo
2025-09-13,경북,136,23.6,27.6,19.4,13.9,91,3.1,open-meteo
2025-09-14,경북,136,22.6,26.5,19.4,0.8,83,1.4,open-meteo
2025-09-15,경북,136,24.0,29.2,20.0,0.0,81,1.0,open-meteo
2025-09-16,경북,136,24.9,30.3,21.8,4.5,83,2.0,open-meteo
2025-09-17,경북,136,23.2,29.2,21.4,13.2,94,1.9,open-meteo
2025-09-18,경북,136,20.7,22.5,18.0,1.0,78,3.4,open-meteo
2025-09-19,경북,136,19.7,23.3,17.8,1.5,71,3.1,open-meteo
2025-09-20,경북,136,19.6,23.3,16.9,42.8,87,2.9,open-meteo
2025-09-21,경북,136,19.6,23.8,16.7,0.4,76,2.8,open-meteo
2025-09-22,경북,136,18.6,22.8,15.9,0.0,74,3.1,open-meteo
2025-09-23,경북,136,19.5,24.0,16.5,0.0,70,2.8,open-meteo
2025-09-24,경북,136,22.4,27.7,17.9,0.2,83,2.3,open-meteo
2025-09-25,경북,136,21.9,23.6,20.9,10.8,95,2.3,open-meteo
2025-09-26,경북,136,20.7,26.2,17.2,0.0,82,1.4,open-meteo
2025-09-27,경북,136,20.8,26.1,16.2,0.0,77,2.3,open-meteo
2025-09-28,경북,136,20.0,22.3,18.0,10.4,89,2.2,open-meteo
2025-09-29,경북,136,19.1,22.8,17.0,1.3,81,1.8,open-meteo
2025-09-30,경북,136,18.7,23.4,14.8,0.0,80,0.9,open-meteo
2025-10-01,경북,136,18.8,24.8,14.5,0.0,78,1.5,open-meteo
2025-10-02,경북,136,19.6,25.4,15.3,0.0,79,1.4,open-meteo
2025-10-03,경북,136,18.7,20.1,17.8,6.4,92,3.2,open-meteo
2025-10-04,경북,136,20.0,22.8,18.3,6.3,93,2.0,open-meteo
2025-10-05,경북,136,21.0,24.3,18.4,3.8,87,1.2,open-meteo
2025-10-06,경북,136,19.1,20.6,17.5,12.5,93,3.3,open-meteo
2025-10-07,경북,136,19.1,21.1,18.1,11.6,95,3.5,open-meteo
2025-10-08,경북,136,20.0,22.8,18.1,0.1,87,2.7,open-meteo
2025-10-09,경북,136,18.7,21.1,16.4,0.0,79,3.7,open-meteo
2025-10-10,경북,136,18.9,21.6,16.4,0.0,80,2.0,open-meteo
2025-10-11,경북,136,20.9,25.6,17.3,0.0,80,1.9,open-meteo
2025-10-12,경북,136,19.6,22.7,17.4,3.8,89,2.4,open-meteo
2025-10-13,경북,136,16.5,17.5,14.9,33.4,94,3.1,open-meteo
2025-10-14,경북,136,17.4,20.7,15.4,25.0,88,2.8,open-meteo
2025-10-15,경북,136,18.5,22.3,15.3,3.0,83,3.3,open-meteo
2025-10-16,경북,136,18.6,21.9,16.3,38.5,86,2.7,open-meteo
2025-10-17,경북,136,18.2,22.5,15.2,5.7,81,2.8,open-meteo
2025-10-18,경북,136,17.0,19.8,14.9,14.5,92,2.1,open-meteo
2025-10-19,경북,136,16.4,20.0,13.9,0.1,78,2.8,open-meteo
2025-10-20,경북,136,12.6,16.7,10.2,0.1,77,3.0,open-meteo
2025-10-21,경북,136,13.3,17.1,10.1,0.1,78,1.9,open-meteo
2025-10-22,경북,136,14.0,16.1,12.6,0.5,76,3.7,open-meteo
2025-10-23,경북,136,14.1,17.6,11.6,1.1,83,2.1,open-meteo
2025-10-24,경북,136,13.5,17.6,9.7,0.1,82,3.1,open-meteo
2025-10-25,경북,136,14.6,19.5,11.8,0.9,82,1.4,open-meteo
2025-10-26,경북,136,13.0,17.2,9.8,0.2,72,2.3,open-meteo
2025-10-27,경북,136,7.9,10.5,5.2,0.0,55,4.8,open-meteo
2025-10-28,경북,136,6.8,12.6,2.8,0.0,52,2.7,open-meteo
2025-10-29,경북,136,7.6,14.5,2.2,0.0,66,0.6,open-meteo
2025-10-30,경북,136,9.0,15.5,3.2,0.0,75,0.7,open-meteo
2025-10-31,경북,136,11.2,18.9,5.7,0.0,75,1.3,open-meteo
2025-11-01,경북,136,11.9,15.9,9.4,0.2,69,4.0,open-meteo
2025-11-02,경북,136,9.3,12.3,4.9,0.5,61,5.2,open-meteo
2025-11-03,경북,136,7.1,14.6,0.3,0.0,60,1.9,open-meteo
2025-11-04,경북,136,9.3,16.2,4.5,0.0,73,1.2,open-meteo
2025-11-05,경북,136,9.7,17.7,3.3,0.0,79,1.0,open-meteo
2025-11-06,경북,136,10.5,18.4,4.8,0.0,78,1.3,open-meteo
2025-11-07,경북,136,11.7,19.2,5.3,0.0,75,1.8,open-meteo
2025-11-08,경북,136,11.4,15.7,7.4,0.5,88,1.0,open-meteo
2025-11-09,경북,136,12.6,17.3,9.1,2.2,72,3.1,open-meteo
2025-11-10,경북,136,8.8,13.1,4.6,0.0,39,4.4,open-meteo
2025-11-11,경북,136,7.6,13.8,3.2,0.0,45,1.4,open-meteo
2025-11-12,경북,136,7.8,15.3,2.0,0.0,69,1.1,open-meteo
2025-11-13,경북,136,8.8,16.2,2.2,0.0,66,2.4,open-meteo
2025-11-14,경북,136,7.5,14.7,2.1,0.0,63,1.9,open-meteo
2025-11-15,경북,136,7.3,15.1,1.5,0.0,62,0.6,open-meteo
2025-11-16,경북,136,8.7,15.9,3.0,0.0,56,1.6,open-meteo
2025-11-17,경북,136,5.8,10.2,0.4,0.0,45,5.6,open-meteo
2025-11-18,경북,136,0.8,5.8,-3.4,0.0,47,4.3,open-meteo
2025-11-19,경북,136,1.7,7.4,-3.1,0.0,53,2.1,open-meteo
2025-11-20,경북,136,6.4,13.5,0.4,0.0,59,4.5,open-meteo
2025-11-21,경북,136,5.7,10.7,1.2,0.0,43,3.9,open-meteo
2025-11-22,경북,136,6.8,13.8,1.0,0.0,63,2.5,open-meteo
2025-11-23,경북,136,7.5,14.2,1.8,0.0,69,2.3,open-meteo
2025-11-24,경북,136,10.2,16.5,5.1,0.0,64,1.3,open-meteo
2025-11-25,경북,136,6.6,10.1,4.0,3.7,81,3.6,open-meteo
2025-11-26,경북,136,5.3,11.2,1.1,0.0,68,2.1,open-meteo
2025-11-27,경북,136,4.8,11.1,0.6,1.6,76,3.8,open-meteo
2025-11-28,경북,136,2.6,7.3,-1.7,0.0,49,4.0,open-meteo
2025-11-29,경북,136,2.7,9.8,-2.5,0.0,56,1.1,open-meteo
2025-11-30,경북,136,7.8,15.4,1.3,0.0,72,1.4,open-meteo
2025-12-01,경북,136,7.7,11.5,2.4,0.0,52,3.6,open-meteo
2025-12-02,경북,136,2.7,7.3,-2.0,0.0,39,4.2,open-meteo
2025-12-03,경북,136,-4.5,-1.2,-7.3,0.0,38,5.5,open-meteo
2025-12-04,경북,136,-3.5,1.4,-7.6,0.2,42,4.2,open-meteo
2025-12-05,경북,136,-2.4,2.7,-6.7,0.0,45,4.3,open-meteo
2025-12-06,경북,136,0.8,8.1,-5.0,0.0,57,2.3,open-meteo
2025-12-07,경북,136,7.5,13.5,2.3,0.0,71,3.2,open-meteo
2025-12-08,경북,136,4.9,8.4,0.1,0.1,37,4.1,open-meteo
2025-12-09,경북,136,1.0,6.6,-3.2,0.0,48,3.3,open-meteo
2025-12-10,경북,136,1.8,9.1,-3.3,0.0,69,1.1,open-meteo
2025-12-11,경북,136,4.7,11.6,0.4,0.5,64,3.2,open-meteo
2025-12-12,경북,136,1.8,6.1,-1.1,0.0,69,2.6,open-meteo
2025-12-13,경북,136,1.3,5.6,-1.6,7.8,90,1.6,open-meteo
2025-12-14,경북,136,0.2,3.6,-2.3,0.1,67,4.9,open-meteo
2025-12-15,경북,136,0.5,5.8,-3.2,0.0,65,2.9,open-meteo
2025-12-16,경북,136,1.8,6.3,-2.3,0.0,74,0.8,open-meteo
2025-12-17,경북,136,4.8,8.0,0.5,0.0,67,3.1,open-meteo
2025-12-18,경북,136,1.0,7.5,-3.4,0.0,63,1.1,open-meteo
2025-12-19,경북,136,2.6,10.0,-2.1,0.0,57,0.6,open-meteo
2025-12-20,경북,136,4.8,9.4,0.5,0.3,88,1.8,open-meteo
2025-12-21,경북,136,0.1,4.6,-4.6,0.0,39,4.2,open-meteo
2025-12-22,경북,136,-1.5,6.2,-6.2,0.0,56,1.0,open-meteo
2025-12-23,경북,136,0.8,7.2,-3.7,1.9,75,0.8,open-meteo
2025-12-24,경북,136,3.7,8.7,1.4,3.7,87,1.5,open-meteo
2025-12-25,경북,136,-1.1,2.2,-7.2,0.0,59,5.7,open-meteo
2025-12-26,경북,136,-7.5,-3.3,-11.3,0.0,35,5.0,open-meteo
2025-12-27,경북,136,-2.8,3.1,-7.6,0.0,49,3.4,open-meteo
2025-12-28,경북,136,0.9,5.9,-3.0,0.0,80,2.0,open-meteo
2025-12-29,경북,136,3.8,9.2,-0.9,0.6,77,3.2,open-meteo
2025-12-30,경북,136,0.3,4.8,-3.4,0.0,52,3.5,open-meteo
2025-12-31,경북,136,-3.4,-1.0,-6.7,0.0,36,4.7,open-meteo
2025-01-01,경남,155,1.3,7.5,-3.0,0.0,54,1.8,open-meteo
2025-01-02,경남,155,2.8,8.2,-0.4,0.0,53,2.2,open-meteo
2025-01-03,경남,155,0.3,2.8,-2.4,0.0,44,3.7,open-meteo
2025-01-04,경남,155,0.7,4.9,-2.2,0.0,59,1.8,open-meteo
2025-01-05,경남,155,1.3,4.5,-1.9,1.1,68,0.9,open-meteo
2025-01-06,경남,155,2.0,7.8,-0.9,0.1,74,2.9,open-meteo
2025-01-07,경남,155,-0.7,3.9,-4.1,0.0,56,3.8,open-meteo
2025-01-08,경남,155,0.4,5.7,-3.1,0.0,66,2.4,open-meteo
2025-01-09,경남,155,-4.7,-2.3,-9.1,0.0,48,5.1,open-meteo
2025-01-10,경남,155,-6.1,0.1,-11.0,0.0,35,3.7,open-meteo
2025-01-11,경남,155,-2.7,2.2,-6.3,0.0,52,2.6,open-meteo
2025-01-12,경남,155,-1.3,4.3,-5.0,0.0,52,3.4,open-meteo
2025-01-13,경남,155,0.0,5.6,-3.8,0.0,58,2.1,open-meteo
2025-01-14,경남,155,3.7,10.0,-0.6,0.0,59,2.1,open-meteo
2025-01-15,경남,155,-1.0,1.5,-3.8,0.0,49,3.8,open-meteo
2025-01-16,경남,155,-0.5,5.5,-5.1,0.0,53,3.0,open-meteo
2025-01-17,경남,155,1.2,6.1,-2.4,0.0,55,0.9,open-meteo
2025-01-18,경남,155,2.5,9.1,-2.0,0.0,58,1.1,open-meteo
2025-01-19,경남,155,3.1,8.9,-0.9,0.0,54,0.6,open-meteo
2025-01-20,경남,155,2.7,8.6,-1.0,0.0,61,1.4,open-meteo
2025-01-21,경남,155,2.7,8.6,-1.0,0.0,61,2.1,open-meteo
2025-01-22,경남,155,3.6,9.7,-1.0,0.0,57,1.0,open-meteo
2025-01-23,경남,155,4.1,10.6,-0.2,0.0,57,1.6,open-meteo
2025-01-24,경남,155,3.8,10.3,-0.6,0.0,55,1.7,open-meteo
2025-01-25,경남,155,3.6,8.2,0.5,0.0,75,3.7,open-meteo
2025-01-26,경남,155,3.1,7.1,-0.5,0.0,73,2.9,open-meteo
2025-01-27,경남,155,1.5,4.3,-2.2,4.9,76,3.1,open-meteo
2025-01-28,경남,155,-0.8,3.2,-3.5,0.0,62,3.8,open-meteo
2025-01-29,경남,155,-1.6,0.7,-3.4,0.0,62,4.8,open-meteo
2025-01-30,경남,155,-0.1,5.6,-4.2,0.0,56,2.1,open-meteo
2025-01-31,경남,155,2.7,7.2,-1.2,0.5,61,0.8,open-meteo
2025-02-01,경남,155,3.1,4.3,2.0,15.0,96,3.1,open-meteo
2025-02-02,경남,155,3.9,9.1,0.2,0.0,74,2.4,open-meteo
2025-02-03,경남,155,-0.3,3.1,-4.4,0.0,54,5.3,open-meteo
2025-02-04,경남,155,-4.9,-1.5,-7.1,0.0,51,5.4,open-meteo
2025-02-05,경남,155,-4.0,0.9,-6.7,0.0,49,4.2,open-meteo
2025-02-06,경남,155,-3.1,1.5,-6.9,0.0,49,3.4,open-meteo
2025-02-07,경남,155,-3.3,2.0,-8.6,0.7,52,5.1,open-meteo
2025-02-08,경남,155,-5.3,0.4,-9.0,0.0,45,5.3,open-meteo
2025-02-09,경남,155,-3.0,3.2,-7.2,0.0,52,3.6,open-meteo
2025-02-10,경남,155,-1.5,3.2,-4.7,0.0,55,3.4,open-meteo
2025-02-11,경남,155,0.6,7.6,-4.2,0.0,55,1.6,open-meteo
2025-02-12,경남,155,1.9,3.7,0.3,10.1,86,2.4,open-meteo
2025-02-13,경남,155,0.1,5.6,-4.5,0.0,46,4.1,open-meteo
2025-02-14,경남,155,2.7,9.8,-2.1,0.0,54,1.5,open-meteo
2025-02-15,경남,155,2.7,7.7,-1.8,0.0,60,0.9,open-meteo
2025-02-16,경남,155,4.5,12.0,-0.5,0.0,62,1.8,open-meteo
2025-02-17,경남,155,1.2,5.3,-2.3,0.0,46,4.8,open-meteo
2025-02-18,경남,155,-1.1,2.9,-4.5,0.0,43,4.6,open-meteo
2025-02-19,경남,155,-1.2,4.0,-5.2,0.0,46,3.7,open-meteo
2025-02-20,경남,155,-1.2,4.1,-5.0,0.0,43,3.6,open-meteo
2025-02-21,경남,155,-1.2,4.0,-4.3,0.0,46,3.5,open-meteo
2025-02-22,경남,155,-0.6,4.0,-3.9,0.0,49,3.2,open-meteo
2025-02-23,경남,155,-1.7,3.1,-5.1,0.0,47,4.9,open-meteo
2025-02-24,경남,155,-1.1,5.3,-5.7,0.0,47,3.8,open-meteo
2025-02-25,경남,155,1.6,7.9,-4.1,0.0,51,2.4,open-meteo
2025-02-26,경남,155,4.4,10.9,-0.8,0.0,58,2.2,open-meteo
2025-02-27,경남,155,4.6,12.0,-1.1,2.2,44,1.4,open-meteo
2025-02-28,경남,155,9.1,15.9,4.9,0.0,73,1.2,open-meteo
2025-03-01,경남,155,8.5,12.8,2.8,1.3,93,0.9,open-meteo
2025-03-02,경남,155,11.1,16.8,6.9,7.2,94,2.0,open-meteo
2025-03-03,경남,155,4.2,6.0,2.0,16.3,82,6.1,open-meteo
2025-03-04,경남,155,2.5,4.5,1.4,9.0,91,4.9,open-meteo
2025-03-05,경남,155,4.6,8.0,1.7,0.2,78,2.8,open-meteo
2025-03-06,경남,155,4.9,8.8,2.4,0.1,74,2.4,open-meteo
2025-03-07,경남,155,4.0,8.5,-1.9,0.0,72,1.9,open-meteo
2025-03-08,경남,155,5.8,9.9,2.9,1.4,69,1.2,open-meteo
2025-03-09,경남,155,5.4,12.6,-0.3,0.0,68,1.9,open-meteo
2025-03-10,경남,155,6.3,11.8,1.7,0.0,76,1.4,open-meteo
2025-03-11,경남,155,7.8,15.7,0.5,0.0,71,1.2,open-meteo
2025-03-12,경남,155,10.5,16.9,3.9,0.0,59,1.4,open-meteo
2025-03-13,경남,155,9.1,15.1,5.4,0.0,58,2.5,open-meteo
2025-03-14,경남,155,9.6,15.7,4.7,0.0,53,3.0,open-meteo
2025-03-15,경남,155,7.1,8.2,5.4,4.9,77,4.8,open-meteo
2025-03-16,경남,155,5.0,9.8,-0.8,2.5,69,4.7,open-meteo
2025-03-17,경남,155,2.6,8.1,-1.5,0.0,43,4.1,open-meteo
2025-03-18,경남,155,2.5,5.5,-0.5,3.4,59,4.6,open-meteo
2025-03-19,경남,155,2.6,7.8,-1.9,0.0,55,2.8,open-meteo
2025-03-20,경남,155,6.5,15.0,-1.1,0.0,58,2.4,open-meteo
2025-03-21,경남,155,11.4,18.6,5.5,0.0,61,3.6,open-meteo
2025-03-22,경남,155,13.9,22.3,6.7,0.0,50,2.4,open-meteo
2025-03-23,경남,155,14.3,22.4,7.9,0.0,52,1.8,open-meteo
2025-03-24,경남,155,14.0,19.2,10.2,0.9,69,3.4,open-meteo
2025-03-25,경남,155,14.8,22.0,7.0,0.0,63,3.3,open-meteo
2025-03-26,경남,155,14.6,19.2,8.8,0.3,45,2.9,open-meteo
2025-03-27,경남,155,16.6,19.9,14.0,2.3,89,3.7,open-meteo
2025-03-28,경남,155,10.1,13.8,6.9,0.8,48,3.8,open-meteo
2025-03-29,경남,155,6.1,10.5,1.8,0.0,37,3.8,open-meteo
2025-03-30,경남,155,3.5,10.2,-2.3,0.0,37,3.2,open-meteo
2025-03-31,경남,155,6.0,12.1,-0.2,0.0,53,1.4,open-meteo
2025-04-01,경남,155,8.6,15.6,1.5,0.0,52,2.0,open-meteo
2025-04-02,경남,155,9.1,17.0,3.1,0.4,55,2.2,open-meteo
2025-04-03,경남,155,8.0,14.0,1.8,0.1,70,2.1,open-meteo
2025-04-04,경남,155,9.4,15.0,3.8,0.0,66,1.8,open-meteo
2025-04-05,경남,155,9.7,13.2,6.7,1.5,77,3.1,open-meteo
2025-04-06,경남,155,11.2,18.4,4.6,0.0,49,3.2,open-meteo
2025-04-07,경남,155,12.5,21.3,4.3,0.0,39,2.4,open-meteo
2025-04-08,경남,155,16.4,23.7,11.5,0.0,38,4.1,open-meteo
2025-04-09,경남,155,12.6,17.8,6.3,1.4,60,2.3,open-meteo
2025-04-10,경남,155,15.1,22.4,10.3,0.0,69,2.4,open-meteo
2025-04-11,경남,155,14.2,22.2,7.8,0.0,63,2.0,open-meteo
2025-04-12,경남,155,12.2,16.2,8.6,16.3,84,3.0,open-meteo
2025-04-13,경남,155,8.4,12.6,3.8,26.6,57,5.8,open-meteo
2025-04-14,경남,155,7.5,13.5,4.5,6.1,70,3.9,open-meteo
2025-04-15,경남,155,8.7,14.6,3.1,0.0,61,4.0,open-meteo
2025-04-16,경남,155,12.3,19.2,4.8,0.0,69,2.4,open-meteo
2025-04-17,경남,155,15.6,19.1,12.0,0.1,87,5.3,open-meteo
2025-04-18,경남,155,17.4,22.2,14.2,0.0,88,4.0,open-meteo
2025-04-19,경남,155,17.3,20.1,15.3,0.4,90,4.4,open-meteo
2025-04-20,경남,155,16.1,18.1,13.7,2.0,88,2.1,open-meteo
2025-04-21,경남,155,15.4,19.9,12.2,0.0,72,1.7,open-meteo
2025-04-22,경남,155,14.7,16.5,12.1,32.3,93,2.6,open-meteo
2025-04-23,경남,155,14.6,20.2,10.9,0.1,82,2.4,open-meteo
2025-04-24,경남,155,15.9,21.9,11.1,0.0,73,2.1,open-meteo
2025-04-25,경남,155,13.1,18.2,9.0,0.0,36,4.0,open-meteo
2025-04-26,경남,155,13.1,20.0,6.0,0.0,42,1.9,open-meteo
2025-04-27,경남,155,15.8,23.8,9.0,0.0,45,2.0,open-meteo
2025-04-28,경남,155,17.1,24.0,11.7,0.0,49,2.8,open-meteo
2025-04-29,경남,155,13.6,20.6,7.6,0.0,52,2.4,open-meteo
2025-04-30,경남,155,15.5,23.0,9.0,0.0,56,2.3,open-meteo
2025-05-01,경남,155,15.6,21.4,12.4,22.2,80,4.2,open-meteo
2025-05-02,경남,155,14.1,19.6,7.9,0.0,60,3.4,open-meteo
2025-05-03,경남,155,13.0,15.0,10.0,11.9,77,2.1,open-meteo
2025-05-04,경남,155,13.9,20.7,7.4,0.0,53,2.6,open-meteo
2025-05-05,경남,155,13.1,19.3,8.7,4.6,57,1.9,open-meteo
2025-05-06,경남,155,11.7,15.4,9.6,5.7,90,2.3,open-meteo
2025-05-07,경남,155,13.2,20.1,7.2,0.1,79,1.5,open-meteo
2025-05-08,경남,155,14.9,19.5,9.3,0.0,68,1.7,open-meteo
2025-05-09,경남,155,14.5,16.1,12.1,32.5,93,3.7,open-meteo
2025-05-10,경남,155,14.7,18.1,11.7,0.2,77,5.8,open-meteo
2025-05-11,경남,155,13.8,18.2,10.1,2.0,81,2.0,open-meteo
2025-05-12,경남,155,15.3,22.6,8.2,0.0,64,2.2,open-meteo
2025-05-13,경남,155,16.4,22.7,11.1,0.0,80,2.1,open-meteo
2025-05-14,경남,155,16.7,22.1,11.8,0.0,80,2.4,open-meteo
2025-05-15,경남,155,17.9,20.8,15.9,2.4,92,3.4,open-meteo
2025-05-16,경남,155,17.2,18.3,16.3,76.1,99,2.5,open-meteo
2025-05-17,경남,155,19.2,25.4,15.3,4.9,85,3.1,open-meteo
2025-05-18,경남,155,16.7,22.0,13.3,0.0,74,2.3,open-meteo
2025-05-19,경남,155,17.0,21.0,12.5,0.0,81,3.7,open-meteo
2025-05-20,경남,155,20.5,24.5,17.5,0.0,90,3.8,open-meteo
2025-05-21,경남,155,21.5,25.1,19.1,0.3,91,1.6,open-meteo
2025-05-22,경남,155,18.6,21.9,15.8,0.9,86,2.1,open-meteo
2025-05-23,경남,155,16.5,19.9,13.7,0.0,63,2.6,open-meteo
2025-05-24,경남,155,13.9,15.2,12.1,4.4,80,4.1,open-meteo
2025-05-25,경남,155,15.9,22.6,11.5,0.2,74,2.6,open-meteo
2025-05-26,경남,155,16.8,21.1,12.2,0.0,80,1.6,open-meteo
2025-05-27,경남,155,17.8,23.7,12.1,0.0,75,1.5,open-meteo
2025-05-28,경남,155,18.2,24.1,13.3,2.4,76,1.4,open-meteo
2025-05-29,경남,155,17.7,24.7,12.4,0.0,76,1.2,open-meteo
2025-05-30,경남,155,18.0,23.4,12.6,0.0,68,1.4,open-meteo
2025-05-31,경남,155,19.1,26.6,12.1,0.0,62,1.7,open-meteo
2025-06-01,경남,155,20.0,26.9,13.6,0.0,62,1.6,open-meteo
2025-06-02,경남,155,17.7,20.1,16.3,2.3,82,1.1,open-meteo
2025-06-03,경남,155,19.9,26.1,15.7,3.0,69,3.6,open-meteo
2025-06-04,경남,155,20.5,27.2,13.2,0.0,44,3.3,open-meteo
2025-06-05,경남,155,20.2,27.4,14.1,0.0,50,2.1,open-meteo
2025-06-06,경남,155,19.5,25.3,16.2,0.0,64,1.6,open-meteo
2025-06-07,경남,155,20.7,26.8,15.5,0.0,62,2.6,open-meteo
2025-06-08,경남,155,21.8,28.2,18.2,0.0,78,1.8,open-meteo
2025-06-09,경남,155,21.6,27.6,17.8,0.0,76,1.6,open-meteo
2025-06-10,경남,155,22.7,30.2,16.5,0.0,75,1.8,open-meteo
2025-06-11,경남,155,23.7,30.8,18.6,0.0,52,2.6,open-meteo
2025-06-12,경남,155,21.7,26.0,17.8,0.0,61,1.7,open-meteo
2025-06-13,경남,155,19.4,24.4,17.2,10.0,89,1.0,open-meteo
2025-06-14,경남,155,21.5,23.7,19.1,54.2,98,2.1,open-meteo
2025-06-15,경남,155,22.5,25.9,20.1,5.1,92,2.3,open-meteo
2025-06-16,경남,155,22.3,26.5,20.0,10.9,93,4.0,open-meteo
2025-06-17,경남,155,21.6,25.1,19.0,0.0,89,3.5,open-meteo
2025-06-18,경남,155,22.6,27.7,19.3,0.0,83,2.0,open-meteo
2025-06-19,경남,155,23.0,27.9,18.0,0.0,83,1.9,open-meteo
2025-06-20,경남,155,22.7,24.7,21.6,5.7,97,4.2,open-meteo
2025-06-21,경남,155,22.4,23.8,20.8,18.0,97,5.4,open-meteo
2025-06-22,경남,155,21.0,27.1,17.0,17.4,81,1.8,open-meteo
2025-06-23,경남,155,22.3,27.5,16.8,0.0,79,1.5,open-meteo
2025-06-24,경남,155,20.2,22.0,17.5,9.3,94,1.7,open-meteo
2025-06-25,경남,155,21.6,24.8,19.3,3.1,90,3.4,open-meteo
2025-06-26,경남,155,22.9,28.7,18.2,0.0,80,1.7,open-meteo
2025-06-27,경남,155,24.4,31.2,19.6,0.0,78,1.4,open-meteo
2025-06-28,경남,155,25.1,30.5,21.0,0.0,88,1.6,open-meteo
2025-06-29,경남,155,25.9,31.0,22.5,0.0,86,2.0,open-meteo
2025-06-30,경남,155,26.1,30.6,22.0,0.2,84,2.2,open-meteo
2025-07-01,경남,155,26.7,31.6,22.8,0.0,85,2.6,open-meteo
2025-07-02,경남,155,28.3,33.8,23.9,0.2,78,2.2,open-meteo
2025-07-03,경남,155,28.2,35.1,23.5,0.0,74,2.6,open-meteo
2025-07-04,경남,155,27.8,34.2,23.8,0.0,67,3.1,open-meteo
2025-07-05,경남,155,27.9,35.0,23.5,0.0,71,2.8,open-meteo
2025-07-06,경남,155,29.1,36.8,23.5,0.0,69,1.9,open-meteo
2025-07-07,경남,155,30.0,37.0,25.2,0.0,68,2.1,open-meteo
2025-07-08,경남,155,30.0,34.8,25.7,0.0,61,2.5,open-meteo
2025-07-09,경남,155,28.7,34.2,23.5,0.0,60,2.9,open-meteo
2025-07-10,경남,155,28.1,33.9,23.6,0.5,62,3.8,open-meteo
2025-07-11,경남,155,27.4,32.9,23.4,0.0,56,4.3,open-meteo
2025-07-12,경남,155,27.0,32.7,21.7,0.0,61,2.8,open-meteo
2025-07-13,경남,155,25.7,31.5,21.6,25.2,75,1.7,open-meteo
2025-07-14,경남,155,23.0,28.9,19.3,27.3,84,3.2,open-meteo
2025-07-15,경남,155,23.3,27.6,19.3,2.6,85,2.2,open-meteo
2025-07-16,경남,155,23.6,25.6,21.8,4.2,89,3.4,open-meteo
2025-07-17,경남,155,24.1,27.1,21.6,7.9,92,3.8,open-meteo
2025-07-18,경남,155,23.7,26.8,21.6,9.1,95,3.2,open-meteo
2025-07-19,경남,155,23.7,25.1,22.5,32.5,97,3.7,open-meteo
2025-07-20,경남,155,25.8,29.4,22.3,0.0,85,1.7,open-meteo
2025-07-21,경남,155,26.1,29.0,23.9,1.7,87,2.3,open-meteo
2025-07-22,경남,155,26.9,31.1,23.2,0.7,84,1.2,open-meteo
2025-07-23,경남,155,27.1,32.1,22.7,0.0,81,1.0,open-meteo
2025-07-24,경남,155,27.1,32.3,21.5,0.0,76,1.3,open-meteo
2025-07-25,경남,155,27.6,31.1,23.6,0.0,75,2.6,open-meteo
2025-07-26,경남,155,28.4,31.9,24.6,0.0,73,3.0,open-meteo
2025-07-27,경남,155,28.9,32.4,25.9,0.0,67,3.6,open-meteo
2025-07-28,경남,155,29.0,34.6,24.2,0.0,67,1.5,open-meteo
2025-07-29,경남,155,28.5,33.5,23.8,0.0,66,1.9,open-meteo
2025-07-30,경남,155,28.2,33.7,23.4,0.0,64,2.4,open-meteo
2025-07-31,경남,155,28.2,34.1,23.4,0.0,68,2.1,open-meteo
2025-08-01,경남,155,28.0,34.5,22.8,0.1,78,1.6,open-meteo
2025-08-02,경남,155,29.1,35.4,23.9,0.4,77,1.2,open-meteo
2025-08-03,경남,155,27.8,31.7,24.9,8.1,83,2.5,open-meteo
2025-08-04,경남,155,27.4,30.4,25.1,7.3,89,5.1,open-meteo
2025-08-05,경남,155,27.5,30.3,24.9,3.9,87,3.5,open-meteo
2025-08-06,경남,155,27.6,30.1,25.8,2.8,85,4.6,open-meteo
2025-08-07,경남,155,28.3,32.4,25.3,0.4,75,2.5,open-meteo
2025-08-08,경남,155,26.1,30.0,22.3,0.0,77,1.7,open-meteo
2025-08-09,경남,155,24.1,28.5,21.6,31.9,89,1.6,open-meteo
2025-08-10,경남,155,23.7,28.4,21.3,64.7,90,1.4,open-meteo
2025-08-11,경남,155,23.6,28.2,20.5,42.3,90,1.8,open-meteo
2025-08-12,경남,155,21.7,23.7,19.9,31.7,98,1.5,open-meteo
2025-08-13,경남,155,26.0,29.8,22.8,3.0,89,2.9,open-meteo
2025-08-14,경남,155,27.3,30.8,24.3,1.5,86,2.5,open-meteo
2025-08-15,경남,155,28.0,32.4,24.1,0.6,82,1.0,open-meteo
2025-08-16,경남,155,28.0,32.8,24.2,0.3,81,1.4,open-meteo
2025-08-17,경남,155,27.7,33.0,22.9,0.0,78,1.0,open-meteo
2025-08-18,경남,155,27.6,33.0,23.6,0.0,82,1.6,open-meteo
2025-08-19,경남,155,27.7,32.0,24.1,0.1,81,2.4,open-meteo
2025-08-20,경남,155,27.4,31.3,24.3,3.6,81,2.1,open-meteo
2025-08-21,경남,155,28.1,33.0,23.3,0.1,77,1.1,open-meteo
2025-08-22,경남,155,28.4,33.2,24.7,2.2,79,1.1,open-meteo
2025-08-23,경남,155,28.8,34.9,24.9,0.0,76,1.8,open-meteo
2025-08-24,경남,155,28.4,34.4,24.1,0.2,79,1.5,open-meteo
2025-08-25,경남,155,28.3,32.7,24.8,0.8,79,2.6,open-meteo
2025-08-26,경남,155,27.8,31.9,25.1,2.1,81,3.4,open-meteo
2025-08-27,경남,155,27.0,31.3,24.2,0.8,80,1.5,open-meteo
2025-08-28,경남,155,26.9,31.1,23.3,0.3,78,1.6,open-meteo
2025-08-29,경남,155,28.1,33.7,23.9,0.0,79,2.2,open-meteo
2025-08-30,경남,155,28.7,34.5,24.4,0.0,74,1.7,open-meteo
2025-08-31,경남,155,25.5,28.5,23.7,22.4,91,2.1,open-meteo
2025-09-01,경남,155,25.6,27.9,23.6,3.1,91,3.4,open-meteo
2025-09-02,경남,155,26.3,29.9,23.1,3.4,86,2.1,open-meteo
2025-09-03,경남,155,25.8,30.3,21.6,0.8,83,1.6,open-meteo
2025-09-04,경남,155,26.7,32.0,22.5,1.2,78,2.4,open-meteo
2025-09-05,경남,155,26.0,31.1,22.8,1.5,81,2.4,open-meteo
2025-09-06,경남,155,26.8,30.7,23.3,1.1,81,2.9,open-meteo
2025-09-07,경남,155,27.6,31.6,25.3,4.1,82,2.9,open-meteo
2025-09-08,경남,155,25.6,30.1,21.9,0.0,75,1.5,open-meteo
2025-09-09,경남,155,22.0,24.8,20.4,22.0,90,2.0,open-meteo
2025-09-10,경남,155,22.6,26.5,19.5,0.8,85,2.9,open-meteo
2025-09-11,경남,155,23.3,27.7,19.5,0.3,79,3.5,open-meteo
2025-09-12,경남,155,23.6,27.1,20.9,2.0,86,2.5,open-meteo
2025-09-13,경남,155,25.2,28.4,23.2,11.0,92,3.9,open-meteo
2025-09-14,경남,155,24.4,27.4,22.4,2.1,88,1.3,open-meteo
2025-09-15,경남,155,25.1,28.8,22.3,2.2,87,0.8,open-meteo
2025-09-16,경남,155,25.8,30.0,22.2,4.5,87,2.3,open-meteo
2025-09-17,경남,155,26.4,30.6,24.0,4.4,86,3.1,open-meteo
2025-09-18,경남,155,22.8,25.3,19.8,0.6,78,2.7,open-meteo
2025-09-19,경남,155,21.4,25.0,18.8,0.0,71,2.5,open-meteo
2025-09-20,경남,155,23.3,27.1,20.3,5.3,81,3.3,open-meteo
2025-09-21,경남,155,20.9,25.1,17.9,0.1,75,3.2,open-meteo
2025-09-22,경남,155,20.2,24.5,17.1,0.0,72,3.2,open-meteo
2025-09-23,경남,155,20.9,26.0,17.0,0.1,70,3.0,open-meteo
2025-09-24,경남,155,23.3,28.0,19.4,0.7,84,2.4,open-meteo
2025-09-25,경남,155,23.0,23.9,22.2,14.2,98,0.8,open-meteo
2025-09-26,경남,155,23.4,27.9,21.1,0.1,79,1.6,open-meteo
2025-09-27,경남,155,22.7,26.6,20.1,0.5,74,1.9,open-meteo
2025-09-28,경남,155,22.4,25.0,20.3,2.4,82,2.4,open-meteo
2025-09-29,경남,155,21.0,25.4,18.4,0.0,79,1.9,open-meteo
2025-09-30,경남,155,19.1,21.8,16.4,1.5,87,0.8,open-meteo
2025-10-01,경남,155,20.2,26.4,15.4,0.0,73,1.7,open-meteo
2025-10-02,경남,155,20.3,25.1,17.2,2.0,73,1.2,open-meteo
2025-10-03,경남,155,18.5,19.6,18.0,50.4,96,2.7,open-meteo
2025-10-04,경남,155,20.8,24.6,18.0,2.7,92,1.1,open-meteo
2025-10-05,경남,155,22.1,25.7,19.3,1.7,90,1.1,open-meteo
2025-10-06,경남,155,20.9,21.7,20.3,7.3,95,1.6,open-meteo
2025-10-07,경남,155,21.2,24.3,19.2,3.2,92,2.1,open-meteo
2025-10-08,경남,155,21.1,24.2,19.4,2.2,89,2.5,open-meteo
2025-10-09,경남,155,19.9,23.4,17.3,0.3,80,3.1,open-meteo
2025-10-10,경남,155,19.6,24.5,15.6,0.0,78,2.0,open-meteo
2025-10-11,경남,155,21.4,27.1,17.0,0.0,79,1.2,open-meteo
2025-10-12,경남,155,21.2,27.2,18.3,6.2,90,1.6,open-meteo
2025-10-13,경남,155,20.2,22.4,18.3,8.0,93,1.7,open-meteo
2025-10-14,경남,155,18.8,20.0,17.3,16.5,92,2.1,open-meteo
2025-10-15,경남,155,19.8,23.2,16.9,0.0,81,2.3,open-meteo
2025-10-16,경남,155,20.5,24.9,17.7,47.0,86,2.2,open-meteo
2025-10-17,경남,155,19.3,23.5,16.0,0.0,81,2.5,open-meteo
2025-10-18,경남,155,19.3,22.5,16.9,8.1,92,2.6,open-meteo
2025-10-19,경남,155,17.5,20.0,16.2,0.2,84,1.9,open-meteo
2025-10-20,경남,155,15.4,19.9,11.6,0.1,75,3.4,open-meteo
2025-10-21,경남,155,14.1,16.5,11.7,0.0,84,3.4,open-meteo
2025-10-22,경남,155,15.3,19.9,12.2,0.2,79,3.8,open-meteo
2025-10-23,경남,155,15.4,19.4,12.1,0.7,80,2.7,open-meteo
2025-10-24,경남,155,15.2,19.5,12.1,1.4,83,2.9,open-meteo
2025-10-25,경남,155,16.2,21.5,13.1,0.0,78,1.9,open-meteo
2025-10-26,경남,155,14.1,17.7,11.9,0.4,68,3.1,open-meteo
2025-10-27,경남,155,10.3,13.5,7.4,0.0,57,3.7,open-meteo
2025-10-28,경남,155,8.5,13.1,5.1,0.0,49,2.7,open-meteo
2025-10-29,경남,155,9.6,15.8,4.5,0.0,59,2.0,open-meteo
2025-10-30,경남,155,11.3,16.9,6.6,0.0,69,1.8,open-meteo
2025-10-31,경남,155,12.9,18.6,8.9,0.0,69,1.8,open-meteo
2025-11-01,경남,155,13.1,17.7,10.1,0.0,63,3.5,open-meteo
2025-11-02,경남,155,11.3,15.9,7.1,0.0,60,3.6,open-meteo
2025-11-03,경남,155,8.8,14.7,2.9,0.0,59,3.1,open-meteo
2025-11-04,경남,155,12.2,17.7,6.7,0.0,68,1.2,open-meteo
2025-11-05,경남,155,12.6,18.6,7.5,0.0,71,1.4,open-meteo
2025-11-06,경남,155,13.2,19.3,8.5,0.0,74,2.0,open-meteo
2025-11-07,경남,155,14.0,19.9,9.3,0.0,73,2.1,open-meteo
2025-11-08,경남,155,13.5,17.8,10.7,9.7,76,2.0,open-meteo
2025-11-09,경남,155,14.1,18.7,11.6,16.6,74,3.5,open-meteo
2025-11-10,경남,155,10.5,14.1,7.1,0.0,53,3.1,open-meteo
2025-11-11,경남,155,8.9,14.9,4.9,0.0,49,2.6,open-meteo
2025-11-12,경남,155,9.9,15.6,5.2,0.0,64,1.7,open-meteo
2025-11-13,경남,155,11.4,17.0,7.7,0.0,60,1.7,open-meteo
2025-11-14,경남,155,10.4,16.4,6.2,0.0,56,2.6,open-meteo
2025-11-15,경남,155,10.1,15.9,5.2,0.0,61,1.8,open-meteo
2025-11-16,경남,155,11.2,17.7,5.5,0.0,72,1.4,open-meteo
2025-11-17,경남,155,8.3,11.0,3.1,0.0,56,4.0,open-meteo
2025-11-18,경남,155,3.6,8.2,0.5,0.0,53,3.9,open-meteo
2025-11-19,경남,155,4.1,9.1,-0.3,0.0,62,1.4,open-meteo
2025-11-20,경남,155,6.7,13.6,0.9,0.0,66,2.0,open-meteo
2025-11-21,경남,155,7.9,12.5,4.0,0.0,57,2.7,open-meteo
2025-11-22,경남,155,7.5,14.0,2.0,0.0,62,1.5,open-meteo
2025-11-23,경남,155,8.2,14.9,2.4,0.0,68,1.2,open-meteo
2025-11-24,경남,155,11.6,17.3,7.7,0.0,76,1.5,open-meteo
2025-11-25,경남,155,8.2,12.9,5.3,0.4,70,3.4,open-meteo
2025-11-26,경남,155,7.4,12.7,3.2,0.0,69,2.2,open-meteo
2025-11-27,경남,155,8.3,13.7,5.0,1.2,69,3.8,open-meteo
2025-11-28,경남,155,5.6,9.6,2.1,0.0,51,2.6,open-meteo
2025-11-29,경남,155,6.3,12.2,-0.6,0.0,61,2.0,open-meteo
2025-11-30,경남,155,12.7,18.1,8.3,0.0,76,2.9,open-meteo
2025-12-01,경남,155,10.8,15.0,6.5,0.0,57,2.7,open-meteo
2025-12-02,경남,155,5.5,9.5,2.8,0.0,34,4.7,open-meteo
2025-12-03,경남,155,0.3,4.4,-3.0,0.0,41,4.7,open-meteo
2025-12-04,경남,155,0.0,5.3,-4.3,0.0,51,2.3,open-meteo
2025-12-05,경남,155,1.3,5.1,-3.0,0.0,44,3.0,open-meteo
2025-12-06,경남,155,2.1,7.8,-3.7,0.0,48,1.7,open-meteo
2025-12-07,경남,155,7.3,13.7,0.0,0.0,80,1.9,open-meteo
2025-12-08,경남,155,6.9,9.4,3.0,0.0,37,3.6,open-meteo
2025-12-09,경남,155,3.0,7.8,-1.0,0.0,42,3.2,open-meteo
2025-12-10,경남,155,4.6,10.3,-0.2,0.0,54,1.2,open-meteo
2025-12-11,경남,155,9.1,15.6,3.9,0.8,64,3.1,open-meteo
2025-12-12,경남,155,4.1,8.5,0.5,0.0,63,3.8,open-meteo
2025-12-13,경남,155,5.4,11.6,1.2,7.5,81,2.9,open-meteo
2025-12-14,경남,155,2.8,6.0,0.6,0.0,68,4.1,open-meteo
2025-12-15,경남,155,2.2,7.4,-1.6,0.0,69,1.4,open-meteo
2025-12-16,경남,155,4.0,10.1,-2.5,0.0,75,1.1,open-meteo
2025-12-17,경남,155,6.6,10.5,3.3,1.0,71,2.9,open-meteo
2025-12-18,경남,155,4.2,10.3,-0.4,0.0,56,1.9,open-meteo
2025-12-19,경남,155,6.8,13.7,1.3,0.0,67,0.9,open-meteo
2025-12-20,경남,155,10.4,15.4,5.9,1.0,89,1.1,open-meteo
2025-12-21,경남,155,3.0,10.3,-1.8,0.1,45,5.2,open-meteo
2025-12-22,경남,155,1.2,8.0,-3.6,0.0,49,2.5,open-meteo
2025-12-23,경남,155,4.1,10.5,-0.5,0.8,71,1.4,open-meteo
2025-12-24,경남,155,6.1,8.9,4.0,10.1,88,2.9,open-meteo
2025-12-25,경남,155,1.0,4.0,-4.0,0.0,53,5.9,open-meteo
2025-12-26,경남,155,-4.8,-1.4,-8.3,0.0,36,4.6,open-meteo
2025-12-27,경남,155,-1.2,5.4,-6.1,0.0,45,2.6,open-meteo
2025-12-28,경남,155,3.0,8.6,-0.9,0.0,65,1.3,open-meteo
2025-12-29,경남,155,6.3,12.0,2.5,0.0,70,1.8,open-meteo
2025-12-30,경남,155,2.8,6.2,-0.1,0.0,51,3.6,open-meteo
2025-12-31,경남,155,-1.1,1.8,-4.5,0.0,38,3.3,open-meteo
2025-01-01,제주,184,5.6,9.4,2.7,0.0,74,1.3,open-meteo
2025-01-02,제주,184,7.7,10.2,5.2,0.0,70,2.3,open-meteo
2025-01-03,제주,184,5.5,6.6,4.1,0.0,61,4.5,open-meteo
2025-01-04,제주,184,5.7,7.9,2.9,0.0,63,2.8,open-meteo
2025-01-05,제주,184,7.7,10.4,5.2,3.2,78,3.1,open-meteo
2025-01-06,제주,184,7.7,9.9,4.4,3.1,71,7.3,open-meteo
2025-01-07,제주,184,5.1,6.5,3.2,6.0,64,8.0,open-meteo
2025-01-08,제주,184,6.1,8.1,4.1,3.9,68,6.0,open-meteo
2025-01-09,제주,184,2.0,4.2,-0.0,9.7,77,8.6,open-meteo
2025-01-10,제주,184,1.0,3.3,-0.7,5.0,82,5.2,open-meteo
2025-01-11,제주,184,3.2,3.7,2.0,5.1,78,5.0,open-meteo
2025-01-12,제주,184,3.4,5.0,2.6,4.6,74,4.1,open-meteo
2025-01-13,제주,184,5.1,7.4,3.5,0.0,71,3.7,open-meteo
2025-01-14,제주,184,8.6,12.8,3.4,0.1,70,4.2,open-meteo
2025-01-15,제주,184,4.2,7.5,2.6,5.8,74,6.2,open-meteo
2025-01-16,제주,184,5.1,7.0,3.1,0.0,66,5.2,open-meteo
2025-01-17,제주,184,5.2,6.6,2.3,0.0,70,2.9,open-meteo
2025-01-18,제주,184,5.2,9.2,2.3,0.0,75,0.9,open-meteo
2025-01-19,제주,184,7.5,10.9,3.8,0.0,76,2.4,open-meteo
2025-01-20,제주,184,8.2,9.7,6.0,0.0,68,4.1,open-meteo
2025-01-21,제주,184,6.4,9.0,3.9,0.0,72,1.6,open-meteo
2025-01-22,제주,184,7.1,11.3,4.8,0.0,63,0.9,open-meteo
2025-01-23,제주,184,8.1,11.5,5.4,0.0,70,1.0,open-meteo
2025-01-24,제주,184,9.5,13.0,6.3,0.0,71,2.9,open-meteo
2025-01-25,제주,184,9.2,10.3,8.4,1.0,68,6.1,open-meteo
2025-01-26,제주,184,7.6,8.8,6.9,2.3,77,4.4,open-meteo
2025-01-27,제주,184,4.6,6.8,2.6,16.6,77,7.2,open-meteo
2025-01-28,제주,184,2.5,3.2,1.7,6.5,73,9.3,open-meteo
2025-01-29,제주,184,2.6,3.3,1.8,1.9,74,7.4,open-meteo
2025-01-30,제주,184,3.0,7.3,-0.7,0.0,59,1.4,open-meteo
2025-01-31,제주,184,7.0,11.7,2.5,3.1,71,1.6,open-meteo
2025-02-01,제주,184,8.6,10.3,7.2,51.2,95,6.7,open-meteo
2025-02-02,제주,184,7.5,8.8,6.0,1.8,82,3.0,open-meteo
2025-02-03,제주,184,4.1,6.6,1.7,5.6,73,7.4,open-meteo
2025-02-04,제주,184,0.8,1.5,0.1,14.4,74,8.4,open-meteo
2025-02-05,제주,184,1.7,3.2,0.0,8.9,77,8.1,open-meteo
2025-02-06,제주,184,1.8,2.7,0.4,0.3,73,5.7,open-meteo
2025-02-07,제주,184,1.9,4.7,-1.3,5.0,74,9.5,open-meteo
2025-02-08,제주,184,0.5,1.6,-0.7,4.2,80,7.2,open-meteo
2025-02-09,제주,184,1.8,2.6,1.1,2.1,79,4.4,open-meteo
2025-02-10,제주,184,1.8,3.4,-2.3,0.0,76,3.0,open-meteo
2025-02-11,제주,184,3.4,8.0,-1.7,0.0,65,1.9,open-meteo
2025-02-12,제주,184,9.0,12.7,5.3,15.2,87,6.5,open-meteo
2025-02-13,제주,184,3.9,5.8,2.1,0.4,64,4.6,open-meteo
2025-02-14,제주,184,5.0,9.1,1.9,0.0,72,0.9,open-meteo
2025-02-15,제주,184,7.1,9.6,3.5,3.6,83,0.8,open-meteo
2025-02-16,제주,184,8.8,12.0,6.5,0.0,83,3.2,open-meteo
2025-02-17,제주,184,4.9,6.7,2.8,0.5,64,6.3,open-meteo
2025-02-18,제주,184,3.3,4.2,2.1,1.2,64,6.3,open-meteo
2025-02-19,제주,184,3.5,5.0,1.8,0.0,63,6.1,open-meteo
2025-02-20,제주,184,3.0,5.4,1.7,0.0,63,4.5,open-meteo
2025-02-21,제주,184,2.8,4.9,1.1,0.0,61,4.8,open-meteo
2025-02-22,제주,184,3.0,4.6,1.2,1.1,69,4.8,open-meteo
2025-02-23,제주,184,2.0,2.7,0.9,4.1,68,6.8,open-meteo
2025-02-24,제주,184,2.4,4.1,0.8,0.5,68,6.0,open-meteo
2025-02-25,제주,184,4.0,8.1,-1.1,0.0,77,2.8,open-meteo
2025-02-26,제주,184,7.7,10.1,5.3,0.0,71,3.6,open-meteo
2025-02-27,제주,184,7.9,13.6,3.4,2.2,64,1.4,open-meteo
2025-02-28,제주,184,11.3,14.7,8.6,0.0,90,1.6,open-meteo
2025-03-01,제주,184,14.0,18.6,7.9,3.5,89,1.2,open-meteo
2025-03-02,제주,184,17.3,20.9,15.0,7.4,95,1.4,open-meteo
2025-03-03,제주,184,11.0,16.7,8.6,34.2,94,9.2,open-meteo
2025-03-04,제주,184,8.8,10.1,7.7,17.3,94,8.8,open-meteo
2025-03-05,제주,184,7.8,9.1,6.3,1.8,86,2.9,open-meteo
2025-03-06,제주,184,6.5,8.2,5.0,3.2,79,4.2,open-meteo
2025-03-07,제주,184,7.1,11.2,2.6,0.2,73,2.0,open-meteo
2025-03-08,제주,184,8.2,11.1,5.5,2.1,76,1.7,open-meteo
2025-03-09,제주,184,8.1,11.5,4.6,0.0,67,1.7,open-meteo
2025-03-10,제주,184,9.5,13.0,5.8,0.0,66,2.3,open-meteo
2025-03-11,제주,184,11.8,15.0,9.9,0.3,83,2.4,open-meteo
2025-03-12,제주,184,11.8,14.1,9.4,0.0,85,0.8,open-meteo
2025-03-13,제주,184,11.2,13.7,8.5,0.2,67,3.5,open-meteo
2025-03-14,제주,184,12.9,15.3,11.0,0.0,62,6.2,open-meteo
2025-03-15,제주,184,10.0,11.5,9.0,35.4,91,8.7,open-meteo
2025-03-16,제주,184,6.4,8.9,2.8,8.7,76,6.7,open-meteo
2025-03-17,제주,184,4.5,6.4,3.2,0.2,55,6.8,open-meteo
2025-03-18,제주,184,4.6,5.9,3.5,9.5,64,8.6,open-meteo
2025-03-19,제주,184,4.3,6.1,3.1,0.6,62,5.1,open-meteo
2025-03-20,제주,184,9.6,13.3,4.6,0.0,59,6.4,open-meteo
2025-03-21,제주,184,15.2,19.1,10.9,0.0,46,8.2,open-meteo
2025-03-22,제주,184,17.9,20.7,15.6,0.0,37,8.0,open-meteo
2025-03-23,제주,184,19.4,22.9,15.7,0.0,35,6.3,open-meteo
2025-03-24,제주,184,19.1,22.3,15.1,0.9,47,7.7,open-meteo
2025-03-25,제주,184,21.2,26.0,17.7,0.0,42,7.9,open-meteo
2025-03-26,제주,184,19.0,24.4,13.6,0.0,72,1.4,open-meteo
2025-03-27,제주,184,18.1,24.2,9.3,7.1,83,4.3,open-meteo
2025-03-28,제주,184,7.8,8.9,7.0,3.5,70,5.5,open-meteo
2025-03-29,제주,184,6.7,8.5,4.5,0.6,65,4.4,open-meteo
2025-03-30,제주,184,5.3,7.4,2.7,0.0,50,3.3,open-meteo
2025-03-31,제주,184,7.0,10.6,3.1,0.0,62,1.3,open-meteo
2025-04-01,제주,184,9.1,12.6,5.3,0.0,67,2.5,open-meteo
2025-04-02,제주,184,10.2,14.5,6.2,0.0,60,2.3,open-meteo
2025-04-03,제주,184,9.2,10.9,8.1,0.6,77,2.8,open-meteo
2025-04-04,제주,184,9.9,12.8,7.2,0.0,81,1.3,open-meteo
2025-04-05,제주,184,12.5,16.1,8.5,5.7,74,3.1,open-meteo
2025-04-06,제주,184,11.0,14.4,6.9,0.1,54,2.0,open-meteo
2025-04-07,제주,184,14.6,20.3,9.0,0.0,44,1.8,open-meteo
2025-04-08,제주,184,17.2,21.7,12.2,0.0,44,6.1,open-meteo
2025-04-09,제주,184,16.0,20.7,10.7,5.7,54,1.3,open-meteo
2025-04-10,제주,184,14.7,17.0,10.2,0.0,79,3.4,open-meteo
2025-04-11,제주,184,14.0,18.1,9.3,0.0,76,1.1,open-meteo
2025-04-12,제주,184,15.8,19.5,8.4,30.5,74,4.7,open-meteo
2025-04-13,제주,184,9.9,12.7,7.5,1.9,55,8.5,open-meteo
2025-04-14,제주,184,11.2,14.2,8.5,10.5,66,8.9,open-meteo
2025-04-15,제주,184,11.3,14.5,7.9,1.0,62,5.8,open-meteo
2025-04-16,제주,184,19.3,23.3,15.3,0.0,44,5.8,open-meteo
2025-04-17,제주,184,20.2,24.4,16.2,0.0,80,3.5,open-meteo
2025-04-18,제주,184,22.1,26.0,18.4,0.2,77,3.8,open-meteo
2025-04-19,제주,184,19.3,22.9,16.1,4.1,93,1.5,open-meteo
2025-04-20,제주,184,18.2,20.8,16.7,0.0,97,2.2,open-meteo
2025-04-21,제주,184,20.4,24.2,17.5,0.0,88,3.4,open-meteo
2025-04-22,제주,184,19.2,21.9,15.0,22.2,95,3.4,open-meteo
2025-04-23,제주,184,15.1,17.1,13.5,0.9,92,2.1,open-meteo
2025-04-24,제주,184,15.4,18.7,11.9,0.0,72,2.8,open-meteo
2025-04-25,제주,184,13.0,15.9,10.3,0.0,53,1.7,open-meteo
2025-04-26,제주,184,14.9,20.2,10.2,0.0,46,1.3,open-meteo
2025-04-27,제주,184,17.1,20.5,14.2,10.5,68,0.9,open-meteo
2025-04-28,제주,184,14.8,17.1,11.9,1.6,84,2.3,open-meteo
2025-04-29,제주,184,14.1,18.8,9.1,0.0,55,1.6,open-meteo
2025-04-30,제주,184,16.8,20.0,13.8,0.0,65,1.3,open-meteo
2025-05-01,제주,184,17.1,21.1,13.9,10.9,84,3.6,open-meteo
2025-05-02,제주,184,14.4,17.5,11.2,0.0,62,2.4,open-meteo
2025-05-03,제주,184,15.7,22.4,10.2,0.1,65,4.1,open-meteo
2025-05-04,제주,184,13.6,17.6,9.2,0.0,62,0.9,open-meteo
2025-05-05,제주,184,14.5,18.7,12.4,16.1,66,2.3,open-meteo
2025-05-06,제주,184,14.5,16.9,11.4,4.6,92,3.1,open-meteo
2025-05-07,제주,184,14.0,17.0,10.4,0.0,76,1.1,open-meteo
2025-05-08,제주,184,16.8,22.0,11.9,0.6,69,1.7,open-meteo
2025-05-09,제주,184,18.7,21.3,15.6,80.5,92,6.7,open-meteo
2025-05-10,제주,184,15.0,16.9,13.7,1.2,84,8.1,open-meteo
2025-05-11,제주,184,15.9,18.4,13.6,0.4,75,5.4,open-meteo
2025-05-12,제주,184,18.3,21.7,14.5,0.0,70,2.2,open-meteo
2025-05-13,제주,184,19.6,22.6,14.6,0.4,72,0.8,open-meteo
2025-05-14,제주,184,19.2,23.9,13.5,0.1,78,1.1,open-meteo
2025-05-15,제주,184,21.1,23.0,19.6,0.6,95,1.6,open-meteo
2025-05-16,제주,184,21.2,22.1,20.2,32.4,95,4.1,open-meteo
2025-05-17,제주,184,20.3,23.1,17.4,0.0,84,5.4,open-meteo
2025-05-18,제주,184,16.4,18.6,14.3,0.4,85,2.2,open-meteo
2025-05-19,제주,184,20.5,24.4,15.1,0.0,80,1.4,open-meteo
2025-05-20,제주,184,22.2,25.1,19.5,0.4,96,1.8,open-meteo
2025-05-21,제주,184,21.0,23.5,19.1,16.1,99,2.1,open-meteo
2025-05-22,제주,184,20.7,23.1,19.2,0.6,98,1.6,open-meteo
2025-05-23,제주,184,18.5,19.9,17.2,9.3,95,4.7,open-meteo
2025-05-24,제주,184,15.9,17.2,14.5,4.4,91,3.6,open-meteo
2025-05-25,제주,184,16.8,19.8,14.7,0.2,79,2.1,open-meteo
2025-05-26,제주,184,19.0,22.2,15.4,0.0,51,1.3,open-meteo
2025-05-27,제주,184,19.7,22.0,17.0,0.0,49,0.7,open-meteo
2025-05-28,제주,184,20.2,22.8,17.5,0.0,63,1.5,open-meteo
2025-05-29,제주,184,20.1,22.7,18.1,0.0,65,2.6,open-meteo
2025-05-30,제주,184,19.0,21.5,15.7,0.0,69,0.9,open-meteo
2025-05-31,제주,184,18.8,21.9,15.7,0.0,77,1.1,open-meteo
2025-06-01,제주,184,20.1,23.3,16.8,0.0,76,1.1,open-meteo
2025-06-02,제주,184,18.5,19.5,17.5,15.3,88,3.5,open-meteo
2025-06-03,제주,184,18.7,20.6,16.7,1.7,83,3.8,open-meteo
2025-06-04,제주,184,22.0,25.4,19.8,0.0,46,5.6,open-meteo
2025-06-05,제주,184,21.7,24.8,18.1,0.0,51,1.1,open-meteo
2025-06-06,제주,184,22.8,25.5,20.1,0.3,66,1.2,open-meteo
2025-06-07,제주,184,21.7,25.3,18.5,1.4,77,0.8,open-meteo
2025-06-08,제주,184,22.1,24.0,20.8,1.9,92,0.9,open-meteo
2025-06-09,제주,184,22.2,26.1,19.5,0.0,81,3.1,open-meteo
2025-06-10,제주,184,21.6,25.2,18.7,0.1,85,2.1,open-meteo
2025-06-11,제주,184,21.0,23.2,19.0,1.0,81,1.6,open-meteo
2025-06-12,제주,184,21.1,22.2,20.2,4.0,87,1.3,open-meteo
2025-06-13,제주,184,24.3,27.4,20.9,17.5,95,1.6,open-meteo
2025-06-14,제주,184,23.8,26.5,23.0,36.2,92,3.6,open-meteo
2025-06-15,제주,184,25.0,27.2,22.7,15.8,92,1.9,open-meteo
2025-06-16,제주,184,24.7,27.6,22.5,16.0,82,5.0,open-meteo
2025-06-17,제주,184,26.5,30.5,22.4,0.0,74,4.1,open-meteo
2025-06-18,제주,184,24.5,26.5,21.5,0.0,79,1.7,open-meteo
2025-06-19,제주,184,26.1,30.4,21.8,1.8,88,1.3,open-meteo
2025-06-20,제주,184,26.7,29.5,24.8,3.0,88,3.6,open-meteo
2025-06-21,제주,184,26.7,28.7,25.1,7.5,86,4.7,open-meteo
2025-06-22,제주,184,22.4,25.0,20.4,19.5,88,1.7,open-meteo
2025-06-23,제주,184,23.6,27.1,20.3,0.0,78,2.2,open-meteo
2025-06-24,제주,184,24.7,27.6,22.3,9.4,93,1.8,open-meteo
2025-06-25,제주,184,23.7,26.4,20.9,0.0,78,4.3,open-meteo
2025-06-26,제주,184,24.1,26.1,22.3,0.3,76,2.1,open-meteo
2025-06-27,제주,184,25.5,28.5,21.8,0.0,83,1.4,open-meteo
2025-06-28,제주,184,26.5,29.0,24.4,0.0,93,1.3,open-meteo
2025-06-29,제주,184,26.4,28.7,23.6,0.6,92,1.3,open-meteo
2025-06-30,제주,184,26.7,29.1,24.2,1.1,92,1.1,open-meteo
2025-07-01,제주,184,27.7,30.2,24.6,0.5,90,1.4,open-meteo
2025-07-02,제주,184,27.4,29.6,25.2,0.0,91,1.3,open-meteo
2025-07-03,제주,184,27.1,30.0,24.5,0.0,86,1.3,open-meteo
2025-07-04,제주,184,27.7,31.4,23.7,0.0,79,1.2,open-meteo
2025-07-05,제주,184,28.6,32.9,24.8,0.0,76,1.6,open-meteo
2025-07-06,제주,184,29.5,32.7,26.4,0.0,74,3.4,open-meteo
2025-07-07,제주,184,28.1,31.0,24.5,0.0,78,1.6,open-meteo
2025-07-08,제주,184,28.7,32.3,24.8,0.0,76,3.7,open-meteo
2025-07-09,제주,184,28.4,31.3,26.0,0.6,81,4.8,open-meteo
2025-07-10,제주,184,27.5,30.2,26.0,2.3,84,6.5,open-meteo
2025-07-11,제주,184,26.4,27.8,25.0,8.5,87,8.1,open-meteo
2025-07-12,제주,184,25.8,26.8,24.7,1.8,90,6.7,open-meteo
2025-07-13,제주,184,24.4,25.6,23.4,79.9,97,3.1,open-meteo
2025-07-14,제주,184,25.0,27.5,23.1,2.1,86,4.4,open-meteo
2025-07-15,제주,184,25.7,28.3,23.5,0.5,79,4.3,open-meteo
2025-07-16,제주,184,26.5,28.5,23.3,2.3,82,2.1,open-meteo
2025-07-17,제주,184,27.7,29.3,26.2,3.7,91,1.7,open-meteo
2025-07-18,제주,184,28.0,31.3,25.2,5.7,88,0.9,open-meteo
2025-07-19,제주,184,27.4,29.6,26.1,13.6,92,1.1,open-meteo
2025-07-20,제주,184,28.1,31.1,25.5,0.1,84,1.6,open-meteo
2025-07-21,제주,184,27.9,30.0,25.7,23.0,88,1.0,open-meteo
2025-07-22,제주,184,27.5,30.4,24.4,5.2,85,0.8,open-meteo
2025-07-23,제주,184,27.8,31.3,24.5,0.5,79,2.3,open-meteo
2025-07-24,제주,184,28.4,31.4,25.0,0.0,72,2.9,open-meteo
2025-07-25,제주,184,28.8,31.8,26.7,3.4,77,4.3,open-meteo
2025-07-26,제주,184,28.8,30.7,26.5,1.0,84,4.8,open-meteo
2025-07-27,제주,184,28.6,30.6,26.5,6.5,82,5.2,open-meteo
2025-07-28,제주,184,28.4,32.0,25.4,0.2,77,3.4,open-meteo
2025-07-29,제주,184,28.3,32.4,24.5,0.0,71,3.0,open-meteo
2025-07-30,제주,184,27.7,30.6,25.0,0.0,79,4.2,open-meteo
2025-07-31,제주,184,29.0,32.3,26.5,0.0,74,2.3,open-meteo
2025-08-01,제주,184,29.8,33.0,26.3,0.0,70,2.6,open-meteo
2025-08-02,제주,184,28.6,31.1,26.4,0.1,83,1.4,open-meteo
2025-08-03,제주,184,27.8,29.2,26.0,12.7,89,0.9,open-meteo
2025-08-04,제주,184,29.5,31.8,27.9,4.9,85,3.1,open-meteo
2025-08-05,제주,184,29.7,32.2,27.8,0.8,80,2.5,open-meteo
2025-08-06,제주,184,29.5,31.5,27.9,3.0,80,4.6,open-meteo
2025-08-07,제주,184,28.8,30.5,27.4,6.2,87,5.4,open-meteo
2025-08-08,제주,184,28.0,29.9,26.6,3.0,86,2.0,open-meteo
2025-08-09,제주,184,27.6,29.9,25.7,22.4,93,2.2,open-meteo
2025-08-10,제주,184,27.7,29.2,25.4,18.3,88,6.5,open-meteo
2025-08-11,제주,184,26.3,28.2,24.8,56.6,92,1.7,open-meteo
2025-08-12,제주,184,27.5,30.1,25.6,11.5,92,1.3,open-meteo
2025-08-13,제주,184,28.6,31.5,26.1,0.6,85,0.8,open-meteo
2025-08-14,제주,184,27.9,30.1,25.7,5.9,88,1.2,open-meteo
2025-08-15,제주,184,27.7,30.1,25.5,0.7,86,0.8,open-meteo
2025-08-16,제주,184,27.2,30.2,24.5,1.3,88,1.0,open-meteo
2025-08-17,제주,184,27.7,30.6,24.6,2.6,85,1.1,open-meteo
2025-08-18,제주,184,27.6,30.1,25.4,16.3,92,1.1,open-meteo
2025-08-19,제주,184,27.4,30.2,24.7,8.8,89,1.1,open-meteo
2025-08-20,제주,184,27.8,30.9,25.1,7.1,86,1.1,open-meteo
2025-08-21,제주,184,27.8,30.4,25.6,0.8,87,1.9,open-meteo
2025-08-22,제주,184,28.3,30.8,26.0,1.9,84,1.4,open-meteo
2025-08-23,제주,184,29.2,31.9,26.7,0.1,82,2.0,open-meteo
2025-08-24,제주,184,29.1,31.8,26.8,1.7,81,1.0,open-meteo
2025-08-25,제주,184,28.7,31.9,26.0,0.9,82,0.9,open-meteo
2025-08-26,제주,184,29.4,32.9,27.4,0.6,78,4.4,open-meteo
2025-08-27,제주,184,28.3,30.2,26.6,2.5,87,2.1,open-meteo
2025-08-28,제주,184,28.3,30.8,26.2,3.6,85,0.8,open-meteo
2025-08-29,제주,184,28.0,30.9,25.3,6.0,86,0.9,open-meteo
2025-08-30,제주,184,27.6,30.3,25.2,10.5,89,0.7,open-meteo
2025-08-31,제주,184,27.6,30.7,25.3,11.4,88,1.0,open-meteo
2025-09-01,제주,184,28.3,31.4,26.0,3.6,84,1.2,open-meteo
2025-09-02,제주,184,27.8,29.7,26.4,6.2,85,1.9,open-meteo
2025-09-03,제주,184,27.8,30.8,24.9,4.4,84,1.6,open-meteo
2025-09-04,제주,184,27.9,30.7,25.7,1.3,85,2.6,open-meteo
2025-09-05,제주,184,27.7,30.2,25.6,6.5,86,1.4,open-meteo
2025-09-06,제주,184,28.3,31.3,25.2,1.9,82,1.8,open-meteo
2025-09-07,제주,184,29.0,32.1,27.5,2.1,81,3.8,open-meteo
2025-09-08,제주,184,27.9,30.1,26.1,8.3,88,1.6,open-meteo
2025-09-09,제주,184,26.3,28.6,25.0,9.9,91,1.5,open-meteo
2025-09-10,제주,184,25.4,27.0,24.3,8.0,92,2.9,open-meteo
2025-09-11,제주,184,25.8,27.3,24.6,4.0,87,5.8,open-meteo
2025-09-12,제주,184,27.8,31.5,25.3,5.3,85,3.0,open-meteo
2025-09-13,제주,184,28.1,30.5,27.2,10.0,84,4.6,open-meteo
2025-09-14,제주,184,27.0,29.1,25.5,22.0,89,1.7,open-meteo
2025-09-15,제주,184,26.9,29.3,25.0,21.0,92,0.9,open-meteo
2025-09-16,제주,184,28.2,31.1,25.6,0.9,83,1.3,open-meteo
2025-09-17,제주,184,28.4,31.7,25.8,0.9,82,3.9,open-meteo
2025-09-18,제주,184,25.1,26.8,23.9,3.2,84,2.8,open-meteo
2025-09-19,제주,184,25.9,28.7,24.0,0.9,82,4.0,open-meteo
2025-09-20,제주,184,25.0,27.0,22.6,13.3,85,4.6,open-meteo
2025-09-21,제주,184,23.6,25.8,21.9,1.2,78,3.9,open-meteo
2025-09-22,제주,184,24.6,27.3,22.4,2.4,77,6.8,open-meteo
2025-09-23,제주,184,24.8,26.2,23.5,0.7,85,6.2,open-meteo
2025-09-24,제주,184,27.2,29.9,25.1,2.3,89,1.3,open-meteo
2025-09-25,제주,184,26.2,29.5,24.2,2.2,89,1.0,open-meteo
2025-09-26,제주,184,25.5,27.0,23.7,4.7,91,0.8,open-meteo
2025-09-27,제주,184,24.5,27.0,22.6,6.4,90,2.7,open-meteo
2025-09-28,제주,184,25.3,27.8,23.5,19.3,89,3.8,open-meteo
2025-09-29,제주,184,23.0,24.9,20.8,1.6,84,2.6,open-meteo
2025-09-30,제주,184,22.0,24.4,20.0,0.0,77,1.2,open-meteo
2025-10-01,제주,184,22.0,24.9,18.9,0.0,70,1.2,open-meteo
2025-10-02,제주,184,23.3,26.2,20.0,3.5,69,2.3,open-meteo
2025-10-03,제주,184,24.4,27.9,21.4,83.0,90,4.0,open-meteo
2025-10-04,제주,184,25.2,26.8,23.1,2.1,87,5.1,open-meteo
2025-10-05,제주,184,24.3,26.4,22.7,0.0,83,2.6,open-meteo
2025-10-06,제주,184,24.7,27.3,22.0,0.0,87,1.2,open-meteo
2025-10-07,제주,184,24.4,26.4,22.2,4.8,89,3.8,open-meteo
2025-10-08,제주,184,23.1,24.3,21.9,7.4,92,3.6,open-meteo
2025-10-09,제주,184,23.8,25.4,22.8,1.0,82,6.6,open-meteo
2025-10-10,제주,184,23.9,26.7,22.3,0.0,77,5.0,open-meteo
2025-10-11,제주,184,24.2,27.7,21.4,0.0,85,2.1,open-meteo
2025-10-12,제주,184,24.3,26.9,22.1,0.2,89,1.4,open-meteo
2025-10-13,제주,184,25.3,28.5,22.4,3.2,87,1.8,open-meteo
2025-10-14,제주,184,23.5,24.8,22.3,8.3,90,2.5,open-meteo
2025-10-15,제주,184,24.2,26.3,22.7,13.6,88,2.5,open-meteo
2025-10-16,제주,184,23.6,25.4,22.4,21.8,91,3.7,open-meteo
2025-10-17,제주,184,24.2,26.8,23.0,0.8,83,5.2,open-meteo
2025-10-18,제주,184,21.8,24.1,19.5,6.8,91,3.6,open-meteo
2025-10-19,제주,184,20.8,21.8,19.0,16.2,93,5.3,open-meteo
2025-10-20,제주,184,17.2,18.6,15.7,0.0,71,3.8,open-meteo
2025-10-21,제주,184,17.3,17.7,17.0,6.6,85,4.4,open-meteo
2025-10-22,제주,184,18.7,20.8,17.0,6.3,82,5.4,open-meteo
2025-10-23,제주,184,19.6,21.3,18.1,3.8,75,5.4,open-meteo
2025-10-24,제주,184,19.2,21.3,17.7,1.3,75,3.8,open-meteo
2025-10-25,제주,184,17.9,19.3,16.7,3.8,85,2.4,open-meteo
2025-10-26,제주,184,16.8,18.1,15.9,3.4,68,4.3,open-meteo
2025-10-27,제주,184,15.0,16.3,13.8,9.3,68,5.3,open-meteo
2025-10-28,제주,184,13.8,15.4,12.2,0.2,56,3.9,open-meteo
2025-10-29,제주,184,15.3,18.1,12.0,0.0,59,4.0,open-meteo
2025-10-30,제주,184,17.6,19.7,15.4,0.3,69,3.4,open-meteo
2025-10-31,제주,184,17.6,19.8,16.2,2.3,75,3.1,open-meteo
2025-11-01,제주,184,16.7,18.1,15.1,4.7,65,6.7,open-meteo
2025-11-02,제주,184,15.9,18.4,12.4,0.6,58,6.8,open-meteo
2025-11-03,제주,184,11.9,13.5,10.5,0.0,65,3.6,open-meteo
2025-11-04,제주,184,15.9,18.6,11.8,1.1,80,1.6,open-meteo
2025-11-05,제주,184,17.5,19.8,15.8,0.0,72,4.2,open-meteo
2025-11-06,제주,184,17.8,19.7,16.4,0.0,70,3.7,open-meteo
2025-11-07,제주,184,18.9,21.3,17.1,0.0,72,4.7,open-meteo
2025-11-08,제주,184,18.5,20.1,17.1,37.3,83,4.4,open-meteo
2025-11-09,제주,184,16.9,18.6,15.3,10.1,82,3.6,open-meteo
2025-11-10,제주,184,13.4,15.7,9.2,0.0,65,4.0,open-meteo
2025-11-11,제주,184,12.5,15.3,8.7,0.0,65,2.4,open-meteo
2025-11-12,제주,184,15.9,18.1,14.7,0.0,70,4.1,open-meteo
2025-11-13,제주,184,15.1,17.4,13.2,0.0,68,2.0,open-meteo
2025-11-14,제주,184,13.2,15.5,10.5,0.0,76,2.6,open-meteo
2025-11-15,제주,184,13.0,17.7,9.3,0.0,73,1.8,open-meteo
2025-11-16,제주,184,15.3,20.4,11.6,0.0,74,1.1,open-meteo
2025-11-17,제주,184,12.1,14.6,9.4,2.7,76,5.0,open-meteo
2025-11-18,제주,184,9.7,10.5,8.4,1.7,66,6.8,open-meteo
2025-11-19,제주,184,9.1,10.8,7.9,10.4,82,3.4,open-meteo
2025-11-20,제주,184,12.3,13.9,10.1,0.0,65,4.1,open-meteo
2025-11-21,제주,184,12.8,13.9,11.5,0.4,65,3.9,open-meteo
2025-11-22,제주,184,12.0,15.1,9.0,0.0,74,1.5,open-meteo
2025-11-23,제주,184,12.7,17.4,9.0,0.0,70,1.9,open-meteo
2025-11-24,제주,184,15.2,19.1,11.4,0.1,69,3.6,open-meteo
2025-11-25,제주,184,12.0,14.9,9.8,2.8,66,7.7,open-meteo
2025-11-26,제주,184,10.1,11.9,8.1,0.0,69,2.6,open-meteo
2025-11-27,제주,184,11.5,16.1,8.6,1.6,67,7.7,open-meteo
2025-11-28,제주,184,9.3,10.8,7.1,1.7,71,3.9,open-meteo
2025-11-29,제주,184,11.8,17.4,6.5,0.0,71,1.1,open-meteo
2025-11-30,제주,184,15.5,20.5,11.3,0.0,73,3.5,open-meteo
2025-12-01,제주,184,12.6,15.2,8.5,1.0,76,2.5,open-meteo
2025-12-02,제주,184,8.8,10.4,6.7,0.0,68,3.7,open-meteo
2025-12-03,제주,184,5.7,7.0,4.3,6.5,76,6.8,open-meteo
2025-12-04,제주,184,7.3,9.9,5.1,0.9,66,5.1,open-meteo
2025-12-05,제주,184,7.2,10.1,4.7,2.3,69,4.4,open-meteo
2025-12-06,제주,184,10.0,14.3,5.4,0.0,73,3.8,open-meteo
2025-12-07,제주,184,13.7,17.1,10.9,0.0,69,5.0,open-meteo
2025-12-08,제주,184,10.4,13.2,6.9,0.1,62,4.3,open-meteo
2025-12-09,제주,184,7.8,10.3,6.5,0.0,70,2.0,open-meteo
2025-12-10,제주,184,10.5,15.2,6.0,0.0,59,1.5,open-meteo
2025-12-11,제주,184,12.1,14.9,7.5,6.6,81,4.4,open-meteo
2025-12-12,제주,184,9.3,13.2,3.5,0.3,73,3.8,open-meteo
2025-12-13,제주,184,11.7,14.8,8.1,13.5,78,5.3,open-meteo
2025-12-14,제주,184,7.6,8.6,7.1,6.7,70,8.2,open-meteo
2025-12-15,제주,184,8.0,10.2,5.3,0.2,67,3.1,open-meteo
2025-12-16,제주,184,10.9,15.6,5.8,0.0,69,2.7,open-meteo
2025-12-17,제주,184,10.5,13.2,6.7,5.3,78,4.8,open-meteo
2025-12-18,제주,184,7.6,10.8,4.8,0.0,77,1.5,open-meteo
2025-12-19,제주,184,12.4,18.2,6.4,0.2,78,0.9,open-meteo
2025-12-20,제주,184,14.9,19.4,11.0,5.3,87,3.3,open-meteo
2025-12-21,제주,184,6.7,10.4,3.5,0.3,69,5.4,open-meteo
2025-12-22,제주,184,6.4,10.8,1.3,0.0,70,2.8,open-meteo
2025-12-23,제주,184,12.3,16.8,7.2,0.3,76,1.9,open-meteo
2025-12-24,제주,184,10.6,14.5,7.5,8.2,89,4.6,open-meteo
2025-12-25,제주,184,5.8,7.7,2.6,8.3,71,8.4,open-meteo
2025-12-26,제주,184,1.5,2.9,0.6,3.6,75,6.7,open-meteo
2025-12-27,제주,184,3.6,5.5,1.7,0.0,75,1.4,open-meteo
2025-12-28,제주,184,6.9,11.5,2.9,0.0,64,1.6,open-meteo
2025-12-29,제주,184,11.5,15.5,8.6,0.2,70,4.9,open-meteo
2025-12-30,제주,184,7.6,9.8,5.8,0.3,64,2.8,open-meteo
2025-12-31,제주,184,4.3,7.1,2.0,0.2,66,4.9,open-meteo
